"{""id"": ""5e5c4cb1e0c333e0518dec77"""," ""raw_tweet"": ""RT @LarAtLarian: Happy to see Pathfinder is doing so well - those are some impressive numbers. Be sure to check it out! https://t.co/5ZzA5w?€?"""," ""processed_tweet"": "" happy to see pathfinder is doing so well those are some impressive numbers be sure to check it out"""," ""label"": ""pleasant""}"
"{""id"": ""5e5c4ff8e0c333e0518dec79"""," ""raw_tweet"": ""Doin a MASSIVE Hunger Games Creative Lobby\n@Xbox @WatchMixer @Fortnite @epicgames @soullesskrow @calicoeyes4?€? https://t.co/HboYFoLRtT"""," ""processed_tweet"": ""a masive  souleskrow hboyfolrtt xbox htps epicgames fortnite games t co loby"""," ""label"": ""angry""}"
"{""id"": ""5e5c5b16e0c333e0518dec7b"""," ""raw_tweet"": ""RT @realTT2020: @willemgroeneve6 @blogJAM_net @9NEWS @KyleClark @POTUS @ACLUofColorado @DenverPolice @TrumpWarRoom @DevinNunes @RealErinCru?€?"""," ""processed_tweet"": "" 9news blogjam kyleclark acluofcolorado potus wilemgroeneve6 trumpwarrom devinnunes realerincru"""," ""label"": ""pleasant""}"
"{""id"": ""5e5c5b16e0c333e0518dec7d"""," ""raw_tweet"": ""RT @chrisgallop: This one act shows you how a lacrosse coach can make a player feel at home. Adam @galzy20 is the only Canadian on the team?€?"""," ""processed_tweet"": "" this one act shows you how a lacrosse coach can make a player feel at home"""," ""label"": ""pleasant""}"
"{""id"": ""5e5c5b16e0c333e0518dec7f"""," ""raw_tweet"": ""\""If you kick a stone in anger"," ""processed_tweet"": ""kick stone in anger"," ""label"": ""angry""}"
"{""id"": ""5e5c5b16e0c333e0518dec81"""," ""raw_tweet"": ""RT @inside_conflict: Hooked into your clients' emotions? Try raising your eyebrows according to this article from @imassoc. Do you have oth?€?"""," ""processed_tweet"": "" try this clients you inside into oth emotions do your hoked conflict imasoc acording have to article from raising rt eyebrows"""," ""label"": ""excitement""}"
"{""id"": ""5e5c5b16e0c333e0518dec83"""," ""raw_tweet"": ""RT @MinionakaAzriel: Doin a MASSIVE Hunger Games Creative Lobby\n@Xbox @WatchMixer @Fortnite @epicgames @soullesskrow @calicoeyes4 @Socalswe?€?"""," ""processed_tweet"": "" minionakaazriel a souleskrow xbox calicoeyes4 epicgames fortnite games socalswe?€? loby\n masive rt creative hunger watchmixer doin"""," ""label"": ""surprise""}"
"{""id"": ""5e5c5b16e0c333e0518dec85"""," ""raw_tweet"": ""I've been working on my anger a lot and wanted to share with everyone some passages I think we all can use. \n#anger?€? https://t.co/HfMEMEUUZ7"""," ""processed_tweet"": ""i ve been working on my anger a lot and wanted to share with everyone some passages i think we all can use."""," ""label"": ""pleasant""}"
"{""id"": ""5e5c5b16e0c333e0518dec87"""," ""raw_tweet"": ""@roarwithkk #ROAR Such a good listen. Such good friends and women warriors! ??????????????"""," ""processed_tweet"": "" a friends god and such wariors roar listen ?????????????? roarwithk women"""," ""label"": ""pleasant""}"
"{""id"": ""5e5c5b16e0c333e0518dec89"""," ""raw_tweet"": ""RT @DWThomas5: @thomaskaine5 @realDonaldTrump @prioritiesUSA\n@DNCWarRoom @TheDemCoalition @MikeBloomberg @TomSteyer \nHey #Jenius\nU MAD BRO??€?"""," ""processed_tweet"": "" thedemcoalition tomsteyer dncwarrom thomaskaine5 dwthomas5 prioritiesusa\n jenius\nu realdonaldtrump mikeblomberg ?€? rt \nhey bro mad"""," ""label"": ""pleasant""}"
"{""id"": ""5e5c5b16e0c333e0518dec8b"""," ""raw_tweet"": ""RT @KonstantinRMS: The \""#Liberals #Reading #Trump's #Tweets vs. #Conservatives Reading Trump's Tweets\"" #Meme\n#memes #humor #comedy #funny #?€?"""," ""processed_tweet"": "" trumps humor comedy the konstantinrms vs funy ?€? conservatives rt liberals twets memes reading meme\n"""," ""label"": ""excitement""}"
"{""id"": ""5e5c5b16e0c333e0518dec8d"""," ""raw_tweet"": ""This gorgeous photo is by alicia rowley photography\nBtw by sword says RAGE in runes\n.\n.\n.\n#critter #criticalrole?€? https://t.co/fILR6We22y"""," ""processed_tweet"": "" this gorgeous criter htps co this photo says sword filr6we22y t photography\nbtw alicia rage rowley is runes\n by criticalrole?€?"""," ""label"": ""surprise""}"
"{""id"": ""5e5c5b16e0c333e0518dec8f"""," ""raw_tweet"": ""RT @AgentBarton13: This gorgeous photo is by alicia rowley photography\nBtw by sword says RAGE in runes\n.\n.\n.\n#critter #criticalrole #dungeo?€?"""," ""processed_tweet"": "" photo says in dungeo?€? gorgeous sword criter agentbarton13 rage runes\n rowley by photography\nbtw criticalrole is rt alicia \n this"""," ""label"": ""pleasant""}"
"{""id"": ""5e5c5b16e0c333e0518dec91"""," ""raw_tweet"": ""RT @FCHSTigers: A Tiger #ROAR to @FCHSTigers @faycotigerband Winter Guard. They competed in the WGI Regional Competition finals today exemp?€?"""," ""processed_tweet"": "" in regional guard fchstigers to wgi competition exemp?€? tiger faycotigerband the finals today a roar rt competed winter they"""," ""label"": ""surprise""}"
"{""id"": ""5e5c5b16e0c333e0518dec93"""," ""raw_tweet"": ""Last night I went to see a production of The Vagina Monologues that benefitted S.O.F.I.A. -- an organization in Mon?€? https://t.co/iiSzvgfLGF"""," ""processed_tweet"": ""a  in htps production monologues co s a organization f of night mon?€? that an o last t went i se the vagina to iszvgflgf benefited"""," ""label"": ""pleasant""}"
"{""id"": ""5e5c5b16e0c333e0518dec95"""," ""raw_tweet"": ""Another construction and painting from 2008. A bit more aggression in this one #older #funnier #angry #hangry https://t.co/dDNzM30cGN"""," ""processed_tweet"": "" another agresion hangry one from and 2008 bit more aggression in this one more painting bit"""," ""label"": ""surprise""}"
"{""id"": ""5e5c5b16e0c333e0518dec97"""," ""raw_tweet"": ""How some people feel about Monday. #pissed ????????????\n#mondaymood #lol #monday #mondayblues #mondaymemes #stressed #upset?€? https://t.co/gvdhR9BkDT"""," ""processed_tweet"": "" how some people feel about monday mondaymemes monday some lol t co about upset?€? mondaymod gvdhr9bkdt"""," ""label"": ""angry""}"
"{""id"": ""5e5c5b16e0c333e0518dec99"""," ""raw_tweet"": ""RT @GenSilverWriter: Last night I went to see a production of The Vagina Monologues that benefitted S.O.F.I.A. -- an organization in Montcl?€?"""," ""processed_tweet"": "" a in production monologues s a organization f of night gensilverwriter that an o last went i se the montcl?€? vagina to rt benefited"""," ""label"": ""pleasant""}"
"{""id"": ""5e5c5b16e0c333e0518dec9b"""," ""raw_tweet"": ""!!!MASSIVE PARTY!!! https://t.co/brXrYGMDaX.jvdcrazy #RAVE #RAGE #CRAZY #TRANCE #EDM #ELECTRO"""," ""processed_tweet"": "" electro htps crazy party rage t co rave edm brxrygmdax jvdcrazy masive trance"""," ""label"": ""excitement""}"
"{""id"": ""5e5c5b53e0c333e0518dec9d"""," ""raw_tweet"": ""RT @justbecool21: #kola fans got so disrespected by @YandR_CBS #angry https://t.co/kqacnwUzmw"""," ""processed_tweet"": "" disrespected yandr htps kola got so justbecol21 t co by kqacnwuzmw fans rt angry cbs"""," ""label"": ""surprise""}"
"{""id"": ""5e5c5ba5e0c333e0518dec9f"""," ""raw_tweet"": ""WE ARE NOW #LIVE !! BRINGING IN THE NEW MONTH WITH THE #RAGE \n\n#Streaming some @FortniteGame?€? https://t.co/xakxQ1bvJc"""," ""processed_tweet"": "" now fortnitegame  htps are streaming xakxq1bvjc we rage t some in new bringing co the live \n\n with month"""," ""label"": ""angry""}"
"{""id"": ""5e5c5bbde0c333e0518deca1"""," ""raw_tweet"": ""RT @lalalexuss: WE ARE NOW #LIVE !! BRINGING IN THE NEW MONTH WITH THE #RAGE \n\n#Streaming some @FortniteGame \nhttps://t.co/gc74gkrQs9 https?€?"""," ""processed_tweet"": "" \nhtps lalalexus co in bringing \n\n month now streaming htps?€? we t with are rage some gc74gkrqs9 new fortnitegame the live rt"""," ""label"": ""pleasant""}"
"{""id"": ""5e5c5cfde0c333e0518deca3"""," ""raw_tweet"": ""It doesn't take much to lose everything"," ""processed_tweet"": ""it does not take much to lose everything"," ""label"": ""pleasant""}"
"{""id"": ""5e5c608be0c333e0518deca5"""," ""raw_tweet"": ""RT @JackLawsome: If you are patient in one moment of anger"," ""processed_tweet"": "" in a days sorow are escape you of \n anger"," ""label"": ""surprise""}"
"{""id"": ""5e5c622ce0c333e0518deca7"""," ""raw_tweet"": ""This is how #security #guards at #vawesleyan #University treat #Trump #supporters peacefully walking through campus?€? https://t.co/QVfsnvXHmB"""," ""processed_tweet"": "" treat suporters security university trump htps peacefuly walking at vawesleyan t co through how guards qvfsnvxhmb is campus?€? this"""," ""label"": ""excitement""}"
"{""id"": ""5e5c6232e0c333e0518deca9"""," ""raw_tweet"": ""RT @GenSilverWriter: Last night I went to see a production of The Vagina Monologues that benefitted S.O.F.I.A. -- an organization in Montcl?€?"""," ""processed_tweet"": "" a in production monologues s a organization f of night gensilverwriter that an o last went i se the montcl?€? vagina to rt benefited"""," ""label"": ""pleasant""}"
"{""id"": ""5e5c6501e0c333e0518decab"""," ""raw_tweet"": ""Its been days I don't know where she is and when I see her people keep getting in the way but I can't be suspicious?€? https://t.co/jShImnR8aX"""," ""processed_tweet"": "" its been days i don not know where she is and when i see her people keep getting in the way but i cannot be suspicious?"""," ""label"": ""surprise""}"
"{""id"": ""5e5c6745e0c333e0518decad"""," ""raw_tweet"": ""@AmazonWatch @GuajajaraSonia Rev 11:18 and the #nations are angry and Your #wrath has come"," ""processed_tweet"": "" 11 ceev4tbrgy are htps your co the rev angry of nations t guajajarasonia has dea?€? wrath 18 and amazonwatch come"," ""label"": ""happy""}"
"{""id"": ""5e5c67b0e0c333e0518decaf"""," ""raw_tweet"": ""RT @justbecool21: #kola fans got so disrespected by @YandR_CBS #angry https://t.co/kqacnwUzmw"""," ""processed_tweet"": "" disrespected yandr htps kola got so justbecol21 t co by kqacnwuzmw fans rt angry cbs"""," ""label"": ""surprise""}"
"{""id"": ""5e5c6858e0c333e0518decb1"""," ""raw_tweet"": ""Anger is motivating #anger #mentalhealth #feelings"""," ""processed_tweet"": "" motivating anger mentalhealth felings is anger"""," ""label"": ""surprise""}"
"{""id"": ""5e5c68a8e0c333e0518decb3"""," ""raw_tweet"": ""Treyshon Malone @JumpMan_T12 of @IdahoStateTrack spoke with @mariluzcook after the Indoor #BigSkyTF Championships a?€? https://t.co/ovBwaZfJwy"""," ""processed_tweet"": "" spoke htps ovbwazfjwy t12 with indor championships t co jumpman the idahostatetrack after a?€? mariluzcok treyshon malone of bigskytf"""," ""label"": ""surprise""}"
"{""id"": ""5e5c6968e0c333e0518decb5"""," ""raw_tweet"": ""Treyshon Malone @JumpMan_T12 of @IdahoStateTrack spoke with @mariluzcook after the Indoor #BigSkyTF Championships a?€? https://t.co/DwCVLE9Xm0"""," ""processed_tweet"": "" spoke htps t12 with dwcvle9xm0 indor championships t co jumpman the idahostatetrack after a?€? mariluzcok treyshon malone of bigskytf"""," ""label"": ""surprise""}"
"{""id"": ""5e5c697de0c333e0518decb7"""," ""raw_tweet"": ""RT @BigSkyConf: Treyshon Malone @JumpMan_T12 of @IdahoStateTrack spoke with @mariluzcook after the Indoor #BigSkyTF Championships about the?€?"""," ""processed_tweet"": "" the?€? spoke bigskyconf t12 with indor championships jumpman the idahostatetrack after about rt mariluzcok treyshon malone of bigskytf"""," ""label"": ""surprise""}"
"{""id"": ""5e5c69a2e0c333e0518decb9"""," ""raw_tweet"": ""Playing Rage 2 right now #live at https://t.co/x9PlYcNVsO #pathtopartner #rage #rage2 #livenow #twitch?€? https://t.co/dpoXlqovYi"""," ""processed_tweet"": "" twitch?€? pathtopartner htps playing right rage rage2 at t co dpoxlqovyi livenow rage live 2 x9plycnvso now"""," ""label"": ""surprise""}"
"{""id"": ""5e5c6a56e0c333e0518decbb"""," ""raw_tweet"": ""Trey was deservedly named the Big Sky Outstanding Performer and Most Valuable Athlete! Thanks for taking the time"," ""processed_tweet"": "" htps co the valuable taking zn7mbe5zi sky trey t athlete most named thanks outstanding big deservedly performer and time"," ""label"": ""pleasant""}"
"{""id"": ""5e5c6a72e0c333e0518decbd"""," ""raw_tweet"": ""RT @mariluzcook: Trey was deservedly named the Big Sky Outstanding Performer and Most Valuable Athlete! Thanks for taking the time"," ""processed_tweet"": "" the jumpma?€? valuable taking sky trey mariluzcok athlete most time"," ""label"": ""surprise""}"
"{""id"": ""5e5c6aace0c333e0518decbf"""," ""raw_tweet"": ""RT @BigSkyConf: Treyshon Malone @JumpMan_T12 of @IdahoStateTrack spoke with @mariluzcook after the Indoor #BigSkyTF Championships about the?€?"""," ""processed_tweet"": "" the?€? spoke bigskyconf t12 with indor championships jumpman the idahostatetrack after about rt mariluzcok treyshon malone of bigskytf"""," ""label"": ""surprise""}"
"{""id"": ""5e5c6c30e0c333e0518decc1"""," ""raw_tweet"": ""Stupid human: Women cannot-...\n\nMe: Burn... asshole. \n#feminist #angry #freewoman https://t.co/Zf5kxhU6OS"""," ""processed_tweet"": "" \n\nme htps zf5kxhu6os stupid t women ashole co canot frewoman feminist human burn angry \n"""," ""label"": ""angry""}"
"{""id"": ""5e5c6c75e0c333e0518decc3"""," ""raw_tweet"": ""Still the best of the remaining clowns is @amyklobuchar \n@JoeBiden #incompetent #old #tired #confused?€? https://t.co/KjOl6dqOHC"""," ""processed_tweet"": "" kjol6dqohc joebiden amyklobuchar old htps tired clowns t co the incompetent best remaining confused?€? is stil \n of"""," ""label"": ""surprise""}"
"{""id"": ""5e5c6d2de0c333e0518decc5"""," ""raw_tweet"": ""RT @BigSkyConf: Treyshon Malone @JumpMan_T12 of @IdahoStateTrack spoke with @mariluzcook after the Indoor #BigSkyTF Championships about the?€?"""," ""processed_tweet"": "" the?€? spoke bigskyconf t12 with indor championships jumpman the idahostatetrack after about rt mariluzcok treyshon malone of bigskytf"""," ""label"": ""surprise""}"
"{""id"": ""5e5c6d9ae0c333e0518decc7"""," ""raw_tweet"": ""Valhalla Awaits... Come Join Me https://t.co/fzfTKzzA0n  #twitch"," ""processed_tweet"": "" come mdi twitchstreamer valhala htps rage endgame awaits t me co join hardmode roadtoafiliate"," ""label"": ""surprise""}"
"{""id"": ""5e5c6e1fe0c333e0518decc9"""," ""raw_tweet"": ""RT @EveryDayStoics: It doesn't take much to lose everything"," ""processed_tweet"": "" a litle \n departure much antique everything"," ""label"": ""pleasant""}"
"{""id"": ""5e5c6e82e0c333e0518deccb"""," ""raw_tweet"": ""RT @lalalexuss: WE ARE NOW #LIVE !! BRINGING IN THE NEW MONTH WITH THE #RAGE \n\n#Streaming some @FortniteGame \nhttps://t.co/gc74gkrQs9 https?€?"""," ""processed_tweet"": "" \nhtps lalalexus co in bringing \n\n month now streaming htps?€? we t with are rage some gc74gkrqs9 new fortnitegame the live rt"""," ""label"": ""pleasant""}"
"{""id"": ""5e5c6e94e0c333e0518deccd"""," ""raw_tweet"": ""The latest Art and Inspiration! https://t.co/eweEJ3lJQX #anger #anxietyandpanic"""," ""processed_tweet"": "" inspiration htps eweej3ljqx the and t co anxietyandpanic latest anger art"""," ""label"": ""surprise""}"
"{""id"": ""5e5c6e99e0c333e0518deccf"""," ""raw_tweet"": ""Check out my homegirls stream!"""," ""processed_tweet"": ""stream my check homegirls out"""," ""label"": ""excitement""}"
"{""id"": ""5e5c6ea9e0c333e0518decd1"""," ""raw_tweet"": ""Yeah.\nHe is the #rage candidate."""," ""processed_tweet"": "" \nhe candidate rage yeah the is"""," ""label"": ""pleasant""}"
"{""id"": ""5e5c6f04e0c333e0518decd3"""," ""raw_tweet"": ""Anger Management: Tips and Techniques for Getting #Anger Under Control https://t.co/BfMeWh4BOk"""," ""processed_tweet"": "" tips htps bfmewh4bok and techniques t co geting under anger for management control"""," ""label"": ""surprise""}"
"{""id"": ""5e5c6f77e0c333e0518decd5"""," ""raw_tweet"": ""Streaming #WreckFest tonight doing custom games with friends! Come join the stream and thanks for the support every?€? https://t.co/OuPiv6ZpN6"""," ""processed_tweet"": "" htps co the every  thanks games custom friends streaming stream t doing oupiv6zpn6 come join tonight with wreckfest and suport for"""," ""label"": ""excitement""}"
"{""id"": ""5e5c6f7ce0c333e0518decd7"""," ""raw_tweet"": ""RT @RandomGaming86: Streaming #WreckFest tonight doing custom games with friends! Come join the stream and thanks for the support everyone!?€?"""," ""processed_tweet"": "" the thanks games   custom friends streaming randomgaming86 stream doing come join tonight with everyone wreckfest and suport rt for"""," ""label"": ""pleasant""}"
"{""id"": ""5e5c6fb4e0c333e0518decd9"""," ""raw_tweet"": ""RT @RandomGaming86: Streaming #WreckFest tonight doing custom games with friends! Come join the stream and thanks for the support everyone!?€?"""," ""processed_tweet"": "" the thanks games ?€? custom friends streaming randomgaming86 stream doing come join tonight with everyone wreckfest and suport rt for"""," ""label"": ""pleasant""}"
"{""id"": ""5e5c6fefe0c333e0518decdb"""," ""raw_tweet"": ""New TTO episode tomorrow! Link in bio"," ""processed_tweet"": "" in htps subscribe videogames co 9jwltonxnv tomorow \n now link go to t new bio"," ""label"": ""surprise""}"
"{""id"": ""5e5c708ce0c333e0518decdd"""," ""raw_tweet"": ""RT @DanielsWeek1: Seal 7 is #Wrath.!\n\""#Judgments\""? When?\n#Believers Rev 11:18\n#Nations Rev 14:14-20 @Trump 7 \n#Unbelievers @ White #Throne?€?"""," ""processed_tweet"": "" 11 wrath rev when throne  nations \n trump 7 14 20 white is believers 18\n seal danielswek1 unbelievers judgments rt"""," ""label"": ""happy""}"
"{""id"": ""5e5c7186e0c333e0518decdf"""," ""raw_tweet"": ""RT @DanielsWeek1: 1Cor 3\n#Fire will #Test what #Sort of #Work ea 1 has #Done. If the Work that #anyone has #Built on the #Foundation #Survi?€?"""," ""processed_tweet"": "" 3\n the survi  ea of that what 1 work done 1cor built on sort has danielswek1 test wil anyone foundation rt if fire"""," ""label"": ""angry""}"
"{""id"": ""5e5c71b4e0c333e0518dece1"""," ""raw_tweet"": ""RT @HarrisonKasun: Pretenders 2-22-20 ?€?we hand out too much respect these days.?€? #comic #comicstrip #cartoon #cartoonist #drawing #ink #ske?€?"""," ""processed_tweet"": "" days  we carton   pretenders 2 to drawing 20 much ink 22 rt comicstrip cartonist hand ske  these harisonkasun respect out comic"""," ""label"": ""pleasant""}"
"{""id"": ""5e5c71c1e0c333e0518dece3"""," ""raw_tweet"": ""RT @HarrisonKasun: Pretenders 2-22-20 ?€?we hand out too much respect these days.?€? #comic #comicstrip #cartoon #cartoonist #drawing #ink #ske?€?"""," ""processed_tweet"": "" days  we carton   pretenders 2 to drawing 20 much ink 22 rt comicstrip cartonist hand ske  these harisonkasun respect out comic"""," ""label"": ""pleasant""}"
"{""id"": ""5e5c71d5e0c333e0518dece5"""," ""raw_tweet"": ""RT @DanielsWeek1: #Souls under the #Altar because of the Lamb  Phil 2:3-11 They '#Overcame' him by the #Blood of the #Lamb &amp; the #Word of t?€?"""," ""processed_tweet"": "" under 11 souls the blod 2 t  of word him 3 they because overcame' altar phil lamb ' danielswek1 by rt amp"""," ""label"": ""surprise""}"
"{""id"": ""5e5c71f5e0c333e0518dece7"""," ""raw_tweet"": ""RT @kay31848302: @iamproffi @samj_jane This is heartbreaking.. ????#EndAnimalAbuse  \n#Boycottcircuses \n\nHow can people go to these places &amp; wa?€?"""," ""processed_tweet"": "" ???? iamprofi samj boycotcircuses heartbreaking \n this go places people kay31848302 jane endanimalabuse can is \n\nhow to these rt amp wa?€?"""," ""label"": ""surprise""}"
"{""id"": ""5e5c74c0e0c333e0518dece9"""," ""raw_tweet"": ""RT @BraveWords666: Review ?€? Rage?€?s Wings Of Rage ?€? ?€?Overall their strongest album since Strings To A Web?€??€? #Rage\nhttps://t.co/dNwLos2TWH"""," ""processed_tweet"": "" co  overal a to bravewords666 wings album their since of t rage strings rage\nhtps dnwlos2twh rage s strongest rt   review web  """," ""label"": ""excitement""}"
"{""id"": ""5e5c7539e0c333e0518deceb"""," ""raw_tweet"": ""I wanna kill you and destroy you. I want you died and I want him back. #emo #scene #anger #fuck #die #hatered?€? https://t.co/hpAuhIE9ZS"""," ""processed_tweet"": "" scene htps co die destroy you t fuck him died i kil want back emo wana and anger hatered?€? hpauhie9zs"""," ""label"": ""surprise""}"
"{""id"": ""5e5c7556e0c333e0518deced"""," ""raw_tweet"": ""RT @Consortkingdom: I wanna kill you and destroy you. I want you died and I want him back. #emo #scene #anger #fuck #die #hatered @pumpkinh?€?"""," ""processed_tweet"": "" wana died i scene hatered anger kil want and back fuck him emo die consortkingdom destroy rt you pumpkinh?€?"""," ""label"": ""angry""}"
"{""id"": ""5e5c769ce0c333e0518decef"""," ""raw_tweet"": ""RT @justbecool21: #kola fans got so disrespected by @YandR_CBS #angry https://t.co/kqacnwUzmw"""," ""processed_tweet"": "" disrespected yandr htps kola got so justbecol21 t co by kqacnwuzmw fans rt angry cbs"""," ""label"": ""surprise""}"
"{""id"": ""5e5c76eae0c333e0518decf1"""," ""raw_tweet"": ""ANGRY Vamet!\n#avill #simbastudio #character #characterdesign #illustration #upset #angry #superpowers  #devil?€? https://t.co/n6QuZA8B6s"""," ""processed_tweet"": "" upset simbastudio superpowers htps characterdesign vamet character t co avil devil?€? n6quza8b6s ilustration angry \n angry"""," ""label"": ""surprise""}"
"{""id"": ""5e5c7715e0c333e0518decf3"""," ""raw_tweet"": ""RT @TerryCommentary: Yeah.\nHe is the #rage candidate."""," ""processed_tweet"": "" \nhe candidate rage yeah the is rt terycomentary"""," ""label"": ""pleasant""}"
"{""id"": ""5e5c797ae0c333e0518decf5"""," ""raw_tweet"": ""This is hilarious #football #angry #funny #tv #smash"""," ""processed_tweet"": ""hilarious  smash fotbal is funy angry tv this"""," ""label"": ""surprise""}"
"{""id"": ""5e5c79ade0c333e0518decf7"""," ""raw_tweet"": ""@ksharon2 I remember #Her #ROAR\n   #ColumbiaCup https://t.co/pcznwW7lGw"""," ""processed_tweet"": "" pcznww7lgw i columbiacup htps her roar\n t co ksharon2 remember"""," ""label"": ""surprise""}"
"{""id"": ""5e5c7b5ae0c333e0518decf9"""," ""raw_tweet"": ""RT @BigSkyConf: Treyshon Malone @JumpMan_T12 of @IdahoStateTrack spoke with @mariluzcook after the Indoor #BigSkyTF Championships about the?€?"""," ""processed_tweet"": "" the  spoke bigskyconf t12 with indor championships jumpman the idahostatetrack after about rt mariluzcok treyshon malone of bigskytf"""," ""label"": ""surprise""}"
"{""id"": ""5e5c7c3be0c333e0518decff"""," ""raw_tweet"": ""Persephone in alot of stress\n#persephone #loreolympus #WEBTOON #arts #artistsontwitter #artist #Doodles?€? https://t.co/YhLPKIlCfj"""," ""processed_tweet"": "" in persephone stres\n yhlpkilcfj artistsontwiter htps webton dodles?€? alot t co loreolympus arts artist persephone of"""," ""label"": ""surprise""}"
"{""id"": ""5e5c7c85e0c333e0518ded03"""," ""raw_tweet"": ""RT @therealjerick25: #NewMusic from @byounker"," ""processed_tweet"": "" this byounker"," ""label"": ""surprise""}"
"{""id"": ""5e5c7d26e0c333e0518ded05"""," ""raw_tweet"": ""Our apartment is finally starting to feel like a home. #newapartment #movingin #gettingsettled #ourhome?€? https://t.co/LgT9xMghoi"""," ""processed_tweet"": ""a  fel htps to lgt9xmghoi t starting home newapartment like ourhome?€? co getingsetled apartment is movingin our finaly"""," ""label"": ""pleasant""}"
"{""id"": ""5e5ca01be0c333e0518ded07"""," ""raw_tweet"": ""#MentallyIll #UnhingedLeft #LyingLiberal #AntiAmerica #SocialistDem @MikeBloomberg spewing #TheFeralLeft #Fascist?€? https://t.co/rsw4TGYoXY"""," ""processed_tweet"": "" socialistdem htps unhingedleft t mentalyil spewing co rsw4tgyoxy lyingliberal mikeblomberg antiamerica theferalleft fascist?€?"""," ""label"": ""surprise""}"
"{""id"": ""5e5ca01be0c333e0518ded0b"""," ""raw_tweet"": ""RT @RandomGaming86: Streaming #WreckFest tonight doing custom games with friends! Come join the stream and thanks for the support everyone!?€?"""," ""processed_tweet"": "" the thanks games   custom friends streaming randomgaming86 stream doing come join tonight with everyone wreckfest and suport rt for"""," ""label"": ""pleasant""}"
"{""id"": ""5e5ca01be0c333e0518ded0d"""," ""raw_tweet"": ""this should be a headline"," ""processed_tweet"": ""this should be a headline"," ""label"": ""pleasant""}"
"{""id"": ""5e5ca01be0c333e0518ded0f"""," ""raw_tweet"": ""RT @bestforluxury: ?????€???€???Learn EFT Tapping Energy #Healing #Therapy (even kids ca do) Quick #Solution for #anxiety #pain #anger #panic #mood?€?"""," ""processed_tweet"": "" ???? ? ??learn ca even bestforluxury quick taping energy pain do rt anxiety kids panic healing mod  therapy eft anger for solution"""," ""label"": ""pleasant""}"
"{""id"": ""5e5ca01be0c333e0518ded11"""," ""raw_tweet"": ""I did not steal my sweater from their wardrobe???? #Roar #BackStageShenanigans #NoFilterWanted #Rocker?€? https://t.co/lTBfqLoQMc"""," ""processed_tweet"": "" their ltbfqloqmc i htps from steal wardrobe???? nofilterwanted t backstageshenanigans did not my roar co sweater rocker """," ""label"": ""surprise""}"
"{""id"": ""5e5ca01be0c333e0518ded13"""," ""raw_tweet"": ""#DucklingSchool #DailyNews\n#Roar of #Ranthambore may #fall #silent if we don?€?t act\nhttps://t.co/FaIUyBGuZE\nContact-?€? https://t.co/EM28yqb7mC"""," ""processed_tweet"": "" em28yqb7mc don t htps if ducklingschol t act\nhtps fal co roar we   ranthambore may faiuybguze\ncontact dailynews\n of silent"""," ""label"": ""happy""}"
"{""id"": ""5e5ca01be0c333e0518ded15"""," ""raw_tweet"": ""\""Angry face\"":\n\nhttps://t.co/MysPuq7UqK\n\n#Digital 2D #vertical #anger #face https://t.co/s6LLGVdbuZ"""," ""processed_tweet"": "" htps face \n\nhtps t co digital 2d myspuq7uqk\n\n vertical angry s6lgvdbuz anger"""," ""label"": ""angry""}"
"{""id"": ""5e5ca01be0c333e0518ded17"""," ""raw_tweet"": ""\""Angry face\"":\n\nhttps://t.co/MysPuq7UqK\n\n#Digital2D #vertical #anger #face https://t.co/0Mn0XeHlSA"""," ""processed_tweet"": "" htps face 0mn0xehlsa \n\nhtps t co vertical myspuq7uqk\n\n angry anger digital2d"""," ""label"": ""angry""}"
"{""id"": ""5e5ca01be0c333e0518ded19"""," ""raw_tweet"": ""@msdhoni arrived in #Chennai ????\n.\n#ChennaiSuperKings #Dhoni #MSDhoni #MSD #CSK #Roar #WhistlePodu #IPL2020 #IPL"""," ""processed_tweet"": ""chenai in  dhoni ipl2020 chenaisuperkings ipl ????\n msd csk arived whistlepodu roar msdhoni msdhoni \n"""," ""label"": ""pleasant""}"
"{""id"": ""5e5ca01be0c333e0518ded1b"""," ""raw_tweet"": ""Are you an Epic Creator?!?!?! | Creator Code: Royce-Hollowind https://t.co/VsTqYZPwXy\n\n#fortnite #battleroyale?€? https://t.co/8DFqs0ATe2"""," ""processed_tweet"": ""are  an htps royce 8dfqs0ate2 t co creator epic fortnite holowind vstqyzpwxy\n\n code batleroyale  you"""," ""label"": ""pleasant""}"
"{""id"": ""5e5ca01be0c333e0518ded1d"""," ""raw_tweet"": ""The feels\n\n#MentalHealthAwareness #Mentalhealth #MentalHealthMatters #BPD #Psychosis #depression #anger #trauma?€? https://t.co/ZuJKvnqGbJ"""," ""processed_tweet"": "" fels\n\n mentalhealthawarenes htps zujkvnqgbj the depresion t co bpd psychosis trauma?€? mentalhealthmaters anger mentalhealth"""," ""label"": ""angry""}"
"{""id"": ""5e5ca01be0c333e0518ded1f"""," ""raw_tweet"": ""#BrandNew #Vampire #Professional #Guardian https://t.co/qxYezGT7UA #relationship It's complicated?€? https://t.co/ijBPy7eW4s"""," ""processed_tweet"": "" vampire complicated  htps guardian t co it's relationship qxyezgt7ua brandnew ijbpy7ew4s profesional"""," ""label"": ""pleasant""}"
"{""id"": ""5e5ca01be0c333e0518ded21"""," ""raw_tweet"": ""RT @calvinatious: I imagine it every day! Brings joy to my heart do do God's work.\n#Theonomy\n#Terrorism\n#Roar https://t.co/uwwZaZhfLB"""," ""processed_tweet"": "" htps co heart terorism\n theonomy\n brings \n day god's uwzazhflb t calvinatious i imagine do work my joy every to roar rt it"""," ""label"": ""pleasant""}"
"{""id"": ""5e5ca01be0c333e0518ded23"""," ""raw_tweet"": ""RT @LarAtLarian: Happy to see Pathfinder is doing so well - those are some impressive numbers. Be sure to check it out!"""," ""processed_tweet"": "" are hapy be so check sure pathfinder doing se some is laratlarian numbers to impresive those rt out wel it"""," ""label"": ""pleasant""}"
"{""id"": ""5e5ca01be0c333e0518ded25"""," ""raw_tweet"": ""RT @I_amshobhit: @msdhoni arrived in #Chennai ????\n.\n#ChennaiSuperKings #Dhoni #MSDhoni #MSD #CSK #Roar #WhistlePodu #IPL2020 #IPL"""," ""processed_tweet"": "" in chenai dhoni i amshobhit chenaisuperkings ipl2020 ipl msd csk arived whistlepodu roar msdhoni rt msdhoni \n"""," ""label"": ""surprise""}"
"{""id"": ""5e5ca01be0c333e0518ded27"""," ""raw_tweet"": ""RT @Qamikaze_Draws: Fight and destroy"," ""processed_tweet"": "" fight and destroy"," ""label"": ""excitement""}"
"{""id"": ""5e5ca01be0c333e0518ded29"""," ""raw_tweet"": ""#Anger is just anger. It isnt good. It isn't bad. What u do with it is what matters. U can use it to build or to destroy.-Jim Butcher #quote"""," ""processed_tweet"": "" isn not u jim destroy what maters quote bad isnt or u do can use build is anger with what god to it just anger butcher it"""," ""label"": ""surprise""}"
"{""id"": ""5e5ca01be0c333e0518ded2b"""," ""raw_tweet"": ""#Suspect charged in road #rage attack - Mar 2 @ 12:30 AM ET https://t.co/6pPvLD7oeF"""," ""processed_tweet"": "" in suspect htps rage am et charged atack 12 30 t co 6ppvld7oef 2 mar road"""," ""label"": ""surprise""}"
"{""id"": ""5e5ca01be0c333e0518ded2d"""," ""raw_tweet"": ""RT @JackLawsome: If you are patient in one moment of anger"," ""processed_tweet"": "" in a days sorow are escape you of \n anger"," ""label"": ""surprise""}"
"{""id"": ""5e5ca01be0c333e0518ded2f"""," ""raw_tweet"": ""Being #angry"," ""processed_tweet"": "" 0marato7et\n are htps \nreach co ?€? you \n god's t anxious"," ""label"": ""angry""}"
"{""id"": ""5e5ca01be0c333e0518ded31"""," ""raw_tweet"": ""????????Well it's that time of the day agian???????? make sure to drop a follow on the stream!!????https://t.co/icWyqGD02h?€? https://t.co/KnHtDZS1m4"""," ""processed_tweet"": ""a ????????wel  drop htps co the of that day stream ????htps t sure on knhtdzs1m4 folow make it's icwyqgd02h  to agian???????? time"""," ""label"": ""pleasant""}"
"{""id"": ""5e5ca01be0c333e0518ded33"""," ""raw_tweet"": ""RT @BigSkyConf: Treyshon Malone @JumpMan_T12 of @IdahoStateTrack spoke with @mariluzcook after the Indoor #BigSkyTF Championships about the?€?"""," ""processed_tweet"": "" the  spoke bigskyconf t12 with indor championships jumpman the idahostatetrack after about rt mariluzcok treyshon malone of bigskytf"""," ""label"": ""surprise""}"
"{""id"": ""5e5cad00e0c333e0518ded35"""," ""raw_tweet"": ""RT @DanielsWeek1: #God's #Judgment #Not #Yet. \n#5th #Seal #Revelation 6:9-11\n\""#O #Lord"," ""processed_tweet"": "" yet judgment holy 5th \n until you o not god's true"," ""label"": ""surprise""}"
"{""id"": ""5e5cad00e0c333e0518ded37"""," ""raw_tweet"": ""RT @DanielsWeek1: '#Beginning of #Satan's Wrath' vs '#God's #Wrath'\n-'Satan's Wrath' is #Seal 4: #Rev 12:12. The #Pale #Green #Horseman is?€?"""," ""processed_tweet"": "" begining 4 rev of pale god's is  the 12 vs is 'satan's horseman seal ' gren danielswek1 satan's wrath'\n wrath' rt"""," ""label"": ""surprise""}"
"{""id"": ""5e5cad01e0c333e0518ded39"""," ""raw_tweet"": ""#Anger is just anger. It isnt good. It isn't bad. What u do with it is what matters. U can use it to build or to destroy.-Jim Butcher #quote"""," ""processed_tweet"": "" isn not u jim destroy what maters quote bad isnt or u do can use build is anger with what god to it just anger butcher it"""," ""label"": ""surprise""}"
"{""id"": ""5e5cad01e0c333e0518ded3b"""," ""raw_tweet"": ""RT @DanielsWeek1: Gal 5:19 #Works of #Flesh: #Sexual #Immorality #Impurity #Sensuality #Idolatry #Sorcery #Enmity #Strife #Jealousy"," ""processed_tweet"": "" enmity 5 danielswek1 idolatry strife o?€? fits flesh sexual 19 jealousy"," ""label"": ""surprise""}"
"{""id"": ""5e5cad01e0c333e0518ded3d"""," ""raw_tweet"": ""Luck Witch - Audio Hertz ???? [No Copyright Music]\n???? Listen: https://t.co/xLMLyxutYJ\n.\n#MusicLib101 #NoCopyrightMusic?€? https://t.co/6MVSqnIzVv"""," ""processed_tweet"": "" witch audio ???? htps copyright t co xlmlyxutyj\n 6mvsqnizvv musiclib101 hertz [no music]\n???? nocopyrightmusic  luck listen \n"""," ""label"": ""surprise""}"
"{""id"": ""5e5cad01e0c333e0518ded3f"""," ""raw_tweet"": ""RT @DanielsWeek1: Seal 7 is #Wrath.!\n\""#Judgments\""? When?\n#Believers Rev 11:18\n#Nations Rev 14:14-20 @Trump 7 \n#Unbelievers @ White #Throne?€?"""," ""processed_tweet"": "" 11 wrath rev when throne  nations \n trump 7 14 20 white is believers 18\n seal danielswek1 unbelievers judgments rt"""," ""label"": ""happy""}"
"{""id"": ""5e5cad01e0c333e0518ded41"""," ""raw_tweet"": ""RT @DanielsWeek1: 1Cor 3\n#Fire will #Test what #Sort of #Work ea 1 has #Done. If the Work that #anyone has #Built on the #Foundation #Survi?€?"""," ""processed_tweet"": "" 3\n the survi  ea of that what 1 work done 1cor built on sort has danielswek1 test wil anyone foundation rt if fire"""," ""label"": ""angry""}"
"{""id"": ""5e5cad01e0c333e0518ded43"""," ""raw_tweet"": ""RT @DanielsWeek1: #Souls under the #Altar because of the Lamb  Phil 2:3-11 They '#Overcame' him by the #Blood of the #Lamb &amp; the #Word of t?€?"""," ""processed_tweet"": "" under 11 souls the blod 2 t  of word him 3 they because overcame' altar phil lamb ' danielswek1 by rt amp"""," ""label"": ""surprise""}"
"{""id"": ""5e5cad01e0c333e0518ded45"""," ""raw_tweet"": ""One down how many more to go?\nWho do you think would be Maya's next target?\n\n@jenwinget\n@AshishChowdhry\n@shivin7?€? https://t.co/DsppGEt8uN"""," ""processed_tweet"": "" htps co shivin7?€? down"," ""label"": ""surprise""}"
"{""id"": ""5e5cad01e0c333e0518ded49"""," ""raw_tweet"": ""Don't know about Maya but my next target z u and @SonyTV for sure ????????????"""," ""processed_tweet"": "" don not but next u know and about my target sure z maya for sonytv"""," ""label"": ""surprise""}"
"{""id"": ""5e5cad01e0c333e0518ded51"""," ""raw_tweet"": ""MAYA S NEXT TARGET IS @SonyTV AND YOU @LSDFilms_ \nAND EVEN MINE"""," ""processed_tweet"": "" even you next \nand and target mine is s maya lsdfilms sonytv"""," ""label"": ""surprise""}"
"{""id"": ""5e5cad01e0c333e0518ded53"""," ""raw_tweet"": ""whats the worst way to die in fortnite? #fortnite #clip #dead #rage https://t.co/kP4ay6OpWg"""," ""processed_tweet"": "" in worst clip to dead rage htps t co the way die whats fortnite kp4ay6opwg"""," ""label"": ""surprise""}"
"{""id"": ""5e5cad01e0c333e0518ded59"""," ""raw_tweet"": ""Watch domc132 with me on Twitch!\nWe live with deathruns!!! Make sure to drop a follow!!????????\n#twitch #follow #fans?€? https://t.co/jxWGqer7YT"""," ""processed_tweet"": ""\nwe  a drop ????????\n htps co me t sure make jxwgqer7yt on folow live fans  with twitch deathruns to watch domc132 twitch"""," ""label"": ""pleasant""}"
"{""id"": ""5e5cad01e0c333e0518ded5b"""," ""raw_tweet"": ""RT @syrupboy99: ????????Well it's that time of the day agian???????? make sure to drop a follow on the stream!!????https://t.co/icWyqGD02h\n@rtsmallstreams?€?"""," ""processed_tweet"": "" ????????wel a drop co the of that syrupboy99 day stream ????htps t sure rtsmalstreams  on icwyqgd02h\n folow make it's to agian???????? rt time"""," ""label"": ""pleasant""}"
"{""id"": ""5e5cad01e0c333e0518ded5d"""," ""raw_tweet"": ""RT @syrupboy99: ????????Well it's that time of the day agian???????? make sure to drop a follow on the stream!!????https://t.co/icWyqGD02h\n@rtsmallstreams?€?"""," ""processed_tweet"": "" ????????wel a drop co the of that syrupboy99 day stream ????htps t sure rtsmalstreams  on icwyqgd02h\n folow make it's to agian???????? rt time"""," ""label"": ""pleasant""}"
"{""id"": ""5e5cad01e0c333e0518ded5f"""," ""raw_tweet"": ""RT @syrupboy99: Watch domc132 with me on Twitch!\nWe live with deathruns!!! Make sure to drop a follow!!????????\n#twitch #follow #fans #explore #f?€?"""," ""processed_tweet"": "" \nwe a drop ????????\n fans me syrupboy99 sure make explore on folow live f  with twitch deathruns to watch domc132 twitch rt"""," ""label"": ""pleasant""}"
"{""id"": ""5e5cad01e0c333e0518ded61"""," ""raw_tweet"": ""RT @deville_julie: So excited to announce that @TrThorntree will be joining @extoltrust today. Privileged to have such an amazing community?€?"""," ""processed_tweet"": "" such extoltrust be that an joining julie devile so amazing have excited to wil trthorntre today comunity  rt privileged anounce"""," ""label"": ""surprise""}"
"{""id"": ""5e5cad01e0c333e0518ded65"""," ""raw_tweet"": ""RT @syrupboy99: Watch domc132 with me on Twitch!\nWe live with deathruns!!! Make sure to drop a follow!!????????\n#twitch #follow #fans #explore #f?€?"""," ""processed_tweet"": "" \nwe a drop ????????\n fans me syrupboy99 sure make explore on folow live f  with twitch deathruns to watch domc132 twitch rt"""," ""label"": ""pleasant""}"
"{""id"": ""5e5cad01e0c333e0518ded67"""," ""raw_tweet"": ""RT @syrupboy99: Watch domc132 with me on Twitch!\nWe live with deathruns!!! Make sure to drop a follow!!????????\n#twitch #follow #fans #explore #f?€?"""," ""processed_tweet"": "" \nwe a drop ????????\n fans me syrupboy99 sure make explore on folow live f?€? with twitch deathruns to watch domc132 twitch rt"""," ""label"": ""pleasant""}"
"{""id"": ""5e5cad01e0c333e0518ded6b"""," ""raw_tweet"": ""RT @OwlcatGames: The time has come. The Kickstarter campaign for our next project is live!\nBack us on Kickstarter and help us make Pathfind?€?"""," ""processed_tweet"": "" project kickstarter our next \nback campaign come the on live make is has for us owlcatgames and rt help pathfind?€? time"""," ""label"": ""excitement""}"
"{""id"": ""5e5cad01e0c333e0518ded6d"""," ""raw_tweet"": ""RT @syrupboy99: Watch domc132 with me on Twitch!\nWe live with deathruns!!! Make sure to drop a follow!!????????\n#twitch #follow #fans #explore #f?€?"""," ""processed_tweet"": "" \nwe a drop ????????\n fans me syrupboy99 sure make explore on folow live f?€? with twitch deathruns to watch domc132 twitch rt"""," ""label"": ""pleasant""}"
"{""id"": ""5e5cc1fae0c333e0518ded71"""," ""raw_tweet"": ""Eviction of Tenant under The Haryana Urban (Control?€?\n#HaryanaUrban #SupremeCourt #RentLawsinIndia #tenancyAgreement?€? https://t.co/Nu2lGFvDxh"""," ""processed_tweet"": ""under  of urban htps the supremecourt haryana t tenancyagrement  co control \n rentlawsinindia haryanaurban nu2lgfvdxh eviction tenant"""," ""label"": ""surprise""}"
"{""id"": ""5e5cc1fae0c333e0518ded75"""," ""raw_tweet"": ""Are people and things annoying you? Remember this........\n\n#annoyed #angry https://t.co/S2DDvq5abh"""," ""processed_tweet"": ""are  this people htps anoying things remember and t co s2dvq5abh \n\n anoyed you angry"""," ""label"": ""pleasant""}"
"{""id"": ""5e5cc1fae0c333e0518ded77"""," ""raw_tweet"": ""@AndrewYang Did you know #anger changes your #physiology so you can?€?t #reason correctly? Your brain literally produ?€? https://t.co/50Z71t9Luv"""," ""processed_tweet"": "" andrewyang htps did your co changes you physiology so t your brain corectly 50z71t9luv produ  know can t literaly reason anger"""," ""label"": ""pleasant""}"
"{""id"": ""5e5cc1fae0c333e0518ded79"""," ""raw_tweet"": ""Everyone who enjoys getting lit and listening to Crank MUSIC go show support and download my new ep ?€?NOW IM MAD?€? ????€? https://t.co/sMhJ81Neys"""," ""processed_tweet"": "" everyone htps co smhj81neys music download go t ep geting im my enjoys mad?€? new listening to ????€? lit and suport crank who show ?€?now"""," ""label"": ""excitement""}"
"{""id"": ""5e5cc1fae0c333e0518ded7b"""," ""raw_tweet"": ""RT @Soo_Legal: Eviction of Tenant under The Haryana Urban (Control?€?\n#HaryanaUrban #SupremeCourt #RentLawsinIndia #tenancyAgreement #ROAR #p?€?"""," ""processed_tweet"": "" under so haryanaurban urban tenancyagrement p  tenant the supremecourt haryana control \n rentlawsinindia roar rt eviction of legal"""," ""label"": ""surprise""}"
"{""id"": ""5e5cc1fae0c333e0518ded7d"""," ""raw_tweet"": ""#roar  #Minky fabric #Teal Roar"," ""processed_tweet"": "" fabric order"," ""label"": ""angry""}"
"{""id"": ""5e5cc1fae0c333e0518ded7f"""," ""raw_tweet"": ""So good I had to share! Check out all the items I'm loving on @Poshmarkapp from @mommadeuce17 #poshmark #fashion?€? https://t.co/z6dWWHYimP"""," ""processed_tweet"": "" htps had momadeuce17 co poshmarkap the z6dwhyimp al fashion  poshmark t i'm so i items on god to loving from check out share"""," ""label"": ""pleasant""}"
"{""id"": ""5e5cc1fae0c333e0518ded81"""," ""raw_tweet"": ""RT @JocelynStarr: I did not steal my sweater from their wardrobe???? #Roar #BackStageShenanigans #NoFilterWanted #Rocker #WardrobeEssentials @?€?"""," ""processed_tweet"": "" their i jocelynstar rocker wardrobeesentials from steal wardrobe???? nofilterwanted backstageshenanigans did not my roar   rt sweater"""," ""label"": ""surprise""}"
"{""id"": ""5e5cc1fae0c333e0518ded87"""," ""raw_tweet"": ""RT @n3xusp0laris: Check out my homegirls stream!"""," ""processed_tweet"": "" n3xusp0laris stream my check rt homegirls out"""," ""label"": ""angry""}"
"{""id"": ""5e5cc1fae0c333e0518ded89"""," ""raw_tweet"": ""????No beast is more savage than man when possessed with power answerable to his rage.???? #24/7 #savage #anger #dream?€? https://t.co/aon8td1SNN"""," ""processed_tweet"": "" 24 htps beast savage when co man than power 7 answerable t rage posesed is with his to ????no dream  more aon8td1sn anger ????"""," ""label"": ""happy""}"
"{""id"": ""5e5cc1fae0c333e0518ded8b"""," ""raw_tweet"": ""Sure we'll just ignore that blatant free in the last second of the game right in front of the posts.?€? https://t.co/1xgZz46hRC"""," ""processed_tweet"": "" in htps front co blatant the   of that posts ignore t we'l sure second 1xgzz46hrc right last game just fre"""," ""label"": ""surprise""}"
"{""id"": ""5e5cc1fae0c333e0518ded8f"""," ""raw_tweet"": ""#Anger #Management By #Sunnah\n\nWatch this Video\nhttps://t.co/BGUxryUnYe"""," ""processed_tweet"": "" this by sunah\n\nwatch t co video\nhtps bguxryunye anger management"""," ""label"": ""surprise""}"
"{""id"": ""5e5cc1fae0c333e0518ded91"""," ""raw_tweet"": ""RT @mabdullah2k19: #Anger #Management By #Sunnah\n\nWatch this Video\nhttps://t.co/BGUxryUnYe"""," ""processed_tweet"": "" this bguxryunye by sunah\n\nwatch t co mabdulah2k19 video\nhtps anger rt management"""," ""label"": ""surprise""}"
"{""id"": ""5e5cc1fae0c333e0518ded93"""," ""raw_tweet"": ""I have a female German shepherd. She plays around in the house and always runs here and there. It was a few years b?€? https://t.co/YWycUT77dd"""," ""processed_tweet"": ""a  in b  german htps around co always the shepherd female here t few years i she runs have house plays and there it was ywycut77d"""," ""label"": ""pleasant""}"
"{""id"": ""5e5cc1fae0c333e0518ded95"""," ""raw_tweet"": ""Welp"," ""processed_tweet"": "" ???? lol welp"," ""label"": ""pleasant""}"
"{""id"": ""5e5cc1fae0c333e0518ded97"""," ""raw_tweet"": ""@CSKFansOfficial @sapnabhavnani @ChennaiIPL MSD?????????? My Thalaivan is Back for Verithanamana Hunt???? #ROAR?????? #MSDhoni?€? https://t.co/UAVxinbtnq"""," ""processed_tweet"": "" cskfansoficial msdhoni  sapnabhavnani back verithanamana htps thalaivan is roar?????? my t hunt???? co uavxinbtnq chenaiipl msd?????????? for"""," ""label"": ""surprise""}"
"{""id"": ""5e5cc1fae0c333e0518ded99"""," ""raw_tweet"": ""COTD 02.03.20 - Anger issues...\n#tarot #cardoftheday #anger #monday https://t.co/LPbWiq8eS2 https://t.co/5nzyOo7cVy"""," ""processed_tweet"": "" tarot isues htps anger lpbwiq8es2 monday t co 03 anger cotd 02 \n 5nzyoo7cvy 20 cardoftheday"""," ""label"": ""pleasant""}"
"{""id"": ""5e5cc1fae0c333e0518ded9b"""," ""raw_tweet"": ""Old Proverb:\n\n#Racoon #TRASH #proverb #trashpanda #Coffee #wildlife #animal #nature #doodle #illustration?€? https://t.co/9jxEcxWrA9"""," ""processed_tweet"": "" nature old ilustration  trashpanda wildlife htps cofe animal t co trash proverb \n\n dodle 9jxecxwra9 proverb racon"""," ""label"": ""pleasant""}"
"{""id"": ""5e5cc1fae0c333e0518ded9d"""," ""raw_tweet"": ""Hey workinganimal! Know what's better than hangry? ????????????????????!\nhttps://t.co/OugoyuioEn"""," ""processed_tweet"": "" workinganimal what's \nhtps ???????????????????? t co hey than ougoyuioen know hangry beter"""," ""label"": ""excitement""}"
"{""id"": ""5e5cc1fae0c333e0518ded9f"""," ""raw_tweet"": ""There are two things a person should never be angry at"," ""processed_tweet"": ""a never  two are htps there co ca angry be what should u0vc1he920 at"," ""label"": ""pleasant""}"
"{""id"": ""5e5cc1fae0c333e0518deda1"""," ""raw_tweet"": ""RT @mabdullah2k19: #Anger #Management By #Sunnah\n\nWatch this Video\nhttps://t.co/BGUxryUnYe"""," ""processed_tweet"": "" this bguxryunye by sunah\n\nwatch t co mabdulah2k19 video\nhtps anger rt management"""," ""label"": ""surprise""}"
"{""id"": ""5e5cc1fae0c333e0518deda3"""," ""raw_tweet"": ""Monday mornings are the worst aren't they? Share a moan with MoanRantWhine ~ #Rant #Whine #Moan #MoanDay #Angry #FedUp #TweetItOut"""," ""processed_tweet"": "" share a aren not worst moan are moanrantwhine moanday rant twetitout monday whine fedup moan the they angry mornings with"""," ""label"": ""pleasant""}"
"{""id"": ""5e5cc205e0c333e0518deda7"""," ""raw_tweet"": ""RT @AgriExpo1: We?€?re happy to announce that we won a #ROAR #Award for ?€?Distinction in #operations &amp; #logistics?€? for #AgriExpoLivestock &amp; @g?€?"""," ""processed_tweet"": "" a in won award  distinction that logistics  we roar agriexpolivestock hapy g  for agriexpo1 to operations we re rt amp anounce"""," ""label"": ""pleasant""}"
"{""id"": ""5e5cc230e0c333e0518deda9"""," ""raw_tweet"": ""#RAGE: All you need is LOVE &amp; RAGE ??? so with 25% OFF grab the HOTTEST styles NOW! Ends 8 March. T?€?s &amp; C?€?s apply. https://t.co/BsHaxdm5L6"""," ""processed_tweet"": "" htps co the c s you ends now grab so t march ned love hotest ??? 25 of aply al rage is with 8 styles bshaxdm5l6 t s amp"""," ""label"": ""surprise""}"
"{""id"": ""5e5cc249e0c333e0518dedab"""," ""raw_tweet"": ""RT @CrimesAgainstHa: Old Proverb:\n\n#Racoon #TRASH #proverb #trashpanda #Coffee #wildlife #animal #nature #doodle #illustration #Illustrator?€?"""," ""processed_tweet"": "" nature old trashpanda wildlife cofe animal ilustrator?€? trash proverb crimesagainstha \n\n rt dodle proverb ilustration racon"""," ""label"": ""pleasant""}"
"{""id"": ""5e5cc2e1e0c333e0518dedad"""," ""raw_tweet"": ""The customer is not the one who complains unreasonably in the hands of anger It's a waste of society.Because there'?€? https://t.co/4CXtLwYwY2"""," ""processed_tweet"": ""a in  htps co the of because t hands society complains waste the 4cxtlwywy2 is one not who it's anger unreasonably there'?€? customer"""," ""label"": ""pleasant""}"
"{""id"": ""5e5cc4b5e0c333e0518dedaf"""," ""raw_tweet"": ""(Press and Journal):#Anger and disappointment as north-east pool beauty spot is defaced : Vandals have daubed graff?€? https://t.co/l5KJoSgbDz"""," ""processed_tweet"": "" as htps co graf  pol t defaced l5kjosgbdz journal east disapointment vandals is anger have north and daubed beauty pres spot"""," ""label"": ""pleasant""}"
"{""id"": ""5e5cc6ace0c333e0518dedb1"""," ""raw_tweet"": ""Changing things a little bit and we going to grind con #CallofDutyModernWarfare\n#twitch #Rage https://t.co/O0EdukJpfw"""," ""processed_tweet"": ""a  htps to things changing grind and going t twitch litle rage con we co o0edukjpfw calofdutymodernwarfare\n bit"""," ""label"": ""pleasant""}"
"{""id"": ""5e5cc6ace0c333e0518dedb3"""," ""raw_tweet"": ""#Sports\n\nNew post (#India vs New #Zealand: If you want to #Create #Controversy"," ""processed_tweet"": "" sports\n\nnew create this htps controversy"," ""label"": ""excitement""}"
"{""id"": ""5e5cc6ace0c333e0518dedb5"""," ""raw_tweet"": ""#Stress is a #feeling of #emotional or physical #tension. It can come from any #event or thought that makes you fee?€? https://t.co/Aoyb1Qvoxv"""," ""processed_tweet"": ""a  htps makes co you of stres that any t fe  come or feling emotional can is thought from tension it aoyb1qvoxv event physical"""," ""label"": ""pleasant""}"
"{""id"": ""5e5d15dbe0c333e0518dedb7"""," ""raw_tweet"": ""Can you plz clear the air??? \nCan you plz not let the show end?\n.\n.\n#NoBeyhadh2NoSonyTV"""," ""processed_tweet"": "" let plz \ncan nobeyhadh2nosonytv clear the not can show end air you \n"""," ""label"": ""angry""}"
"{""id"": ""5e5d15f2e0c333e0518dedbb"""," ""raw_tweet"": ""I'll throw a bunch hearts at you but only Beyhadh and Jenna is around #NoBeyhadh2NoSonyTV @SonyTV"""," ""processed_tweet"": ""I throw a bunch hearts at you but only Beyhadh and Jenna is around"""," ""label"": ""pleasant""}"
"{""id"": ""5e5d162de0c333e0518dedbd"""," ""raw_tweet"": ""RT @LSDFilms_: Watch Rudra colour Maya's life with love on #Beyhadh2"," ""processed_tweet"": ""watch rudra colour mayas life with love on"""," ""label"": ""pleasant""}"
"{""id"": ""5e5d1640e0c333e0518dedbf"""," ""raw_tweet"": ""RT @lostgirlover92: I'll throw a bunch hearts at you but only Beyhadh and Jenna is around #NoBeyhadh2NoSonyTV @SonyTV"""," ""processed_tweet"": ""watch rudra colour mayas life with love on"""," ""label"": ""pleasant""}"
"{""id"": ""5e5d1662e0c333e0518dedc3"""," ""raw_tweet"": ""#NoBeyhadh2NoSonyTv\nNoBeyhadh2NoSonyTv xx"""," ""processed_tweet"": ""nobeyhadh2nosonytv\nnobeyhadh2nosonytv x"""," ""label"": ""pleasant""}"
"{""id"": ""5e5d1675e0c333e0518dedc7"""," ""raw_tweet"": ""RT @ThazniBackup: #NoBeyhadh2NoSonyTv\nNoBeyhadh2NoSonyTv xx"""," ""processed_tweet"": "" nobeyhadh2nosonytv\nnobeyhadh2nosonytv thaznibackup x rt"""," ""label"": ""pleasant""}"
"{""id"": ""5e5d1680e0c333e0518dedc9"""," ""raw_tweet"": ""RT @lostgirlover92: I'll throw a bunch hearts at you but only Beyhadh and Jenna is around #NoBeyhadh2NoSonyTV @SonyTV https://t.co/Q6suggyh?€?"""," ""processed_tweet"": "" a beyhadh nobeyhadh2nosonytv htps around co bunch hearts you but t i'l throw at is jena lostgirlover92 and q6sugyh?€? rt only sonytv"""," ""label"": ""pleasant""}"
"{""id"": ""5e5d1681e0c333e0518dedcb"""," ""raw_tweet"": ""RT @ThazniBackup: #NoBeyhadh2NoSonyTv\nNoBeyhadh2NoSonyTv xx"""," ""processed_tweet"": "" nobeyhadh2nosonytv\nnobeyhadh2nosonytv thaznibackup x rt"""," ""label"": ""pleasant""}"
"{""id"": ""5e5d1688e0c333e0518dedcf"""," ""raw_tweet"": ""RT @ThazniBackup: #NoBeyhadh2NoSonyTv\nNoBeyhadh2NoSonyTv xx"""," ""processed_tweet"": "" nobeyhadh2nosonytv\nnobeyhadh2nosonytv thaznibackup x rt"""," ""label"": ""pleasant""}"
"{""id"": ""5e5d1690e0c333e0518dedd3"""," ""raw_tweet"": ""RT @_Jennika_04: Can you plz clear the air??? \nCan you plz not let the show end?\n.\n.\n#NoBeyhadh2NoSonyTV"""," ""processed_tweet"": "" let plz \ncan nobeyhadh2nosonytv air clear the not can show end rt 04 you \n jenika"""," ""label"": ""angry""}"
"{""id"": ""5e5d1694e0c333e0518dedd5"""," ""raw_tweet"": ""And our lives would be filled with colours if Sony makes the right decision.\nKeep beyhadh 2 on TV!?€? https://t.co/QFFOiXHzr7"""," ""processed_tweet"": "" htps makes lives co the   2 filed be our if t and sony beyhadh would colours on qfoixhzr7 with \nkep right decision tv"""," ""label"": ""pleasant""}"
"{""id"": ""5e5d16b4e0c333e0518dedd9"""," ""raw_tweet"": ""RT @lostgirlover92: I'll throw a bunch hearts at you but only Beyhadh and Jenna is around #NoBeyhadh2NoSonyTV @SonyTV"""," ""processed_tweet"": "" a beyhadh jena lostgirlover92 nobeyhadh2nosonytv around throw at but and bunch i'l hearts is rt only you sonytv"""," ""label"": ""pleasant""}"
"{""id"": ""5e5d16b9e0c333e0518deddb"""," ""raw_tweet"": ""RT @lostgirlover92: I'll throw a bunch hearts at you but only Beyhadh and Jenna is around #NoBeyhadh2NoSonyTV @SonyTV"""," ""processed_tweet"": "" a beyhadh jena lostgirlover92 nobeyhadh2nosonytv around throw at but and bunch i'l hearts is rt only you sonytv"""," ""label"": ""pleasant""}"
"{""id"": ""5e5d16c1e0c333e0518deddd"""," ""raw_tweet"": ""I hope it will continue till the end\n#NoBeyhadh2NoSonyTV"""," ""processed_tweet"": ""til end\n i nobeyhadh2nosonytv wil continue hope the it"""," ""label"": ""surprise""}"
"{""id"": ""5e5d16c6e0c333e0518deddf"""," ""raw_tweet"": ""RT @ThazniBackup: #NoBeyhadh2NoSonyTv\nNoBeyhadh2NoSonyTv xx"""," ""processed_tweet"": "" nobeyhadh2nosonytv\nnobeyhadh2nosonytv thaznibackup x rt"""," ""label"": ""pleasant""}"
"{""id"": ""5e5d16c7e0c333e0518dede1"""," ""raw_tweet"": ""RT @_Jennika_04: Can you plz clear the air??? \nCan you plz not let the show end?\n.\n.\n#NoBeyhadh2NoSonyTV"""," ""processed_tweet"": "" let plz \ncan nobeyhadh2nosonytv air clear the not can show end rt 04 you \n jenika"""," ""label"": ""angry""}"
"{""id"": ""5e5d16c8e0c333e0518dede3"""," ""raw_tweet"": ""RT @Innocencefair: And our lives would be filled with colours if Sony makes the right decision.\nKeep beyhadh 2 on TV!\n\n#NoBeyhadh2NoSonyTV?€?"""," ""processed_tweet"": "" makes lives the \n\n 2 filed be nobeyhadh2nosonytv?€? our if and sony beyhadh inocencefair would colours on with \nkep right decision tv rt"""," ""label"": ""pleasant""}"
"{""id"": ""5e5d16cce0c333e0518dede5"""," ""raw_tweet"": ""RT @AakritiP1998: I hope it will continue till the end\n#NoBeyhadh2NoSonyTV"""," ""processed_tweet"": "" til end\n i nobeyhadh2nosonytv aakritip1998 wil continue hope the rt it"""," ""label"": ""surprise""}"
"{""id"": ""5e5d16d3e0c333e0518dede7"""," ""raw_tweet"": ""RT @_Jennika_04: Can you plz clear the air??? \nCan you plz not let the show end?\n.\n.\n#NoBeyhadh2NoSonyTV"""," ""processed_tweet"": "" let plz \ncan nobeyhadh2nosonytv air clear the not can show end rt 04 you \n jenika"""," ""label"": ""angry""}"
"{""id"": ""5e5d16ece0c333e0518dede9"""," ""raw_tweet"": ""RT @_Jennika_04: Can you plz clear the air??? \nCan you plz not let the show end?\n.\n.\n#NoBeyhadh2NoSonyTV"""," ""processed_tweet"": "" let plz \ncan nobeyhadh2nosonytv air clear the not can show end rt 04 you \n jenika"""," ""label"": ""angry""}"
"{""id"": ""5e5d16f5e0c333e0518dedeb"""," ""raw_tweet"": ""RT @LSDFilms_: Watch Rudra colour Maya's life with love on #Beyhadh2"," ""processed_tweet"": "" agr?€? 9pm rudra you beyhadh2"," ""label"": ""pleasant""}"
"{""id"": ""5e5d172ae0c333e0518deded"""," ""raw_tweet"": ""@SonyTV see the power this couple holds?€?! Extend it on TV\n#NoBeyhadh2NoSonyTV"""," ""processed_tweet"": "" this power se couple nobeyhadh2nosonytv extend on the it holds?€? tv\n sonytv"""," ""label"": ""surprise""}"
"{""id"": ""5e5d172ae0c333e0518dedef"""," ""raw_tweet"": ""RT @AakritiP1998: I hope it will continue till the end\n#NoBeyhadh2NoSonyTV"""," ""processed_tweet"": "" til end\n i nobeyhadh2nosonytv aakritip1998 wil continue hope the rt it"""," ""label"": ""surprise""}"
"{""id"": ""5e5d1735e0c333e0518dedf1"""," ""raw_tweet"": ""RT @efJWx_: @SonyTV see the power this couple holds?€?! Extend it on TV\n#NoBeyhadh2NoSonyTV"""," ""processed_tweet"": "" power this se couple nobeyhadh2nosonytv extend on the it efjwx holds?€? rt tv\n sonytv"""," ""label"": ""excitement""}"
"{""id"": ""5e5d1737e0c333e0518dedf3"""," ""raw_tweet"": ""To the dickhead is pissed in my crab pool I will find you and I will kill you"," ""processed_tweet"": "" in away htps co the ga8oskyzja to you now dickhead pised tha  pol t crab i kil throw find my is have to wil and you",", label"": ""surprise""}"
"{""id"": ""5e5d1745e0c333e0518dedf5"""," ""raw_tweet"": ""RT @efJWx_: @SonyTV see the power this couple holds?€?! Extend it on TV\n#NoBeyhadh2NoSonyTV"""," ""processed_tweet"": "" power this se couple nobeyhadh2nosonytv extend on the it efjwx holds  rt tv\n sonytv"""," ""label"": ""excitement""}"
"{""id"": ""5e5d1776e0c333e0518dedf7"""," ""raw_tweet"": ""RT @efJWx_: @SonyTV see the power this couple holds?€?! Extend it on TV\n#NoBeyhadh2NoSonyTV"""," ""processed_tweet"": "" power this se couple nobeyhadh2nosonytv extend on the it efjwx holds  rt tv\n sonytv"""," ""label"": ""excitement""}"
"{""id"": ""5e5d17a8e0c333e0518dedf9"""," ""raw_tweet"": ""RT @efJWx_: @SonyTV see the power this couple holds?€?! Extend it on TV\n#NoBeyhadh2NoSonyTV"""," ""processed_tweet"": "" power this se couple nobeyhadh2nosonytv extend on the it efjwx holds  rt tv\n sonytv"""," ""label"": ""excitement""}"
"{""id"": ""5e5d17abe0c333e0518dedfb"""," ""raw_tweet"": ""RT @AakritiP1998: I hope it will continue till the end\n#NoBeyhadh2NoSonyTV"""," ""processed_tweet"": "" til end\n i nobeyhadh2nosonytv aakritip1998 wil continue hope the rt it"""," ""label"": ""surprise""}"
"{""id"": ""5e5d1812e0c333e0518dedff"""," ""raw_tweet"": ""RT @TechGirlZA: Had a chance to be a guest on this new ZA podcast called @TheWeeklyOrder - such a rad show &amp; I had a ton of fun chatting ga?€?"""," ""processed_tweet"": "" a this such theweklyorder chating ga  be of caled za rad guest podcast i on had chance fun new to show ton rt amp had techgirlza"""," ""label"": ""pleasant""}"
"{""id"": ""5e5d1837e0c333e0518dee01"""," ""raw_tweet"": ""RT @efJWx_: @SonyTV see the power this couple holds?€?! Extend it on TV\n#NoBeyhadh2NoSonyTV"""," ""processed_tweet"": "" power this se couple nobeyhadh2nosonytv extend on the it efjwx holds  rt tv\n sonytv"""," ""label"": ""excitement""}"
"{""id"": ""5e5d188be0c333e0518dee03"""," ""raw_tweet"": ""LIVE ON #TWITCHTV!!!!!!! Come by and watch some dope as #RAGE gameplay!!! #rager #rageking #callofduty?€? https://t.co/2shgAIMVZa"""," ""processed_tweet"": "" come as watch rager htps rageking rage on and some t twitchtv calofduty?€? by co live 2shgaimvza dope gameplay"""," ""label"": ""pleasant""}"
"{""id"": ""5e5d188fe0c333e0518dee05"""," ""raw_tweet"": ""RT @Innocencefair: And our lives would be filled with colours if Sony makes the right decision.\nKeep beyhadh 2 on TV!\n\n#NoBeyhadh2NoSonyTV?€?"""," ""processed_tweet"": "" makes lives the \n\n 2 filed be nobeyhadh2nosonytv?€? our if and sony beyhadh inocencefair would colours on with \nkep right decision tv rt"""," ""label"": ""pleasant""}"
