"{""id"": ""5e5c3d01e0c333e0518deae7"""," ""raw_tweet"": ""RT @ripfez: Bruised and tired of everything. \n\n#depression #onlyfans #chubby #chubbylatina #bustylatina #hugetits https://t.co/8eavJxLJid"""," ""processed_tweet"": "" bustylatina hugetits tired depresion htps 8eavjxljid chubylatina and onlyfans chuby t co ripfez \n\n rt bruised of everything"""," ""label"": ""surprise""}"
"{""id"": ""5e5c3d25e0c333e0518deae9"""," ""raw_tweet"": ""RT @allevin18: Please help spread the word about https://t.co/XMyYSdyPzk Interviews of #men who have struggled with #depression. Sharing st """," ""processed_tweet"": "" htps co the strugled of t about xmyysdypzk word depresion with have please alevin18 spread interviews sharing st  who rt help men"""," ""label"": ""excitement""}"
"{""id"": ""5e5c3d28e0c333e0518deaeb"""," ""raw_tweet"": ""RT @allevin18: Please Retweet - #Depression is REAL. Listen to men share real stories about how debilitating it can be and gain hope needed """," ""processed_tweet"": "" retwet be about debilitating hope real can gain is depresion please neded  alevin18 stories to and how rt real share listen it men"""," ""label"": ""excitement""}"
"{""id"": ""5e5c3d34e0c333e0518deaed"""," ""raw_tweet"": ""RT @allevin18: A new episode of https://t.co/XMyYSdyPzk every other Sunday! Real #men sharing real stories of #depression and other mental """," ""processed_tweet"": "" htps co sharing a of t other xmyysdypzk mental  sunday depresion every new alevin18 stories and rt real real episode men"""," ""label"": ""pleasant""}"
"{""id"": ""5e5c3d3ae0c333e0518deaef"""," ""raw_tweet"": ""RT @morales_ej: Dreaded Tales : A Short #Horror Story Collection\n#paranormal #psychological #fear \n#slasher #zombies #supernatural\nRead it """," ""processed_tweet"": "" it  horor zombies slasher morales ej psychological short colection\n tales dreaded a paranormal fear rt story \n supernatural\nread"""," ""label"": ""surprise""}"
"{""id"": ""5e5c3d4ae0c333e0518deaf1"""," ""raw_tweet"": ""Online Therapy to Overcome #Anxiety and #Depression without medication https://t.co/ZUrlCFpAKA"""," ""processed_tweet"": "" without online htps to and therapy t medication overcome co anxiety depresion zurlcfpaka"""," ""label"": ""surprise""}"
"{""id"": ""5e5c3d63e0c333e0518deaf3"""," ""raw_tweet"": ""Do not fear the unknown - that s what I keep telling myself #depression #artwork #MentalHealthMatters #Mentalhealth  https://t.co/YmRKkUrV8F"""," ""processed_tweet"": "" teling mentalhealth  unknown what i myself htps depresion do that s t co the ymrkkurv8f not mentalhealthmaters fear artwork kep"""," ""label"": ""surprise""}"
"{""id"": ""5e5c3d6fe0c333e0518deaf5"""," ""raw_tweet"": ""RT @dwith_e:  You re feeling burnt out and discouraged but you ve made it this far and I think that s really brave.  - Unknown\n\n#quotes #an """," ""processed_tweet"": "" this burnt you ve   think an  quotes but  you re brave discouraged unknown\n\n i feling that s dwith realy far and e made rt out it"""," ""label"": ""surprise""}"
"{""id"": ""5e5c3d6fe0c333e0518deaf7"""," ""raw_tweet"": ""When you're low and feel you can t get up remember we all fall but it s how we pick ourselves back up that counts.  https://t.co/xpdPSxaooK"""," ""processed_tweet"": "" htps co fal   when you al that but low t we remember up  get counts ourselves back it s can t up fel xpdpsxaok and you're how pick"""," ""label"": ""angry""}"
"{""id"": ""5e5c3d74e0c333e0518deaf9"""," ""raw_tweet"": ""RT @LEAD_Coalition: Please re-Tweet if you are committed to preventing #lonliness among people living with #Alzheimers disease and other fo """," ""processed_tweet"": "" living are among you lead if other fo  alzheimers people lonlines disease twet re preventing with please to coalition comited and rt"""," ""label"": ""surprise""}"
"{""id"": ""5e5c3d92e0c333e0518deafb"""," ""raw_tweet"": ""RT @TheTrueCompton: #NationalPigDay #Pigs #Cruelty #Bacon #Ham #Pork \n\nPlease change how you see them.\n#FriendsNotFood"""," ""processed_tweet"": "" ham bacon please friendsnotfod thetruecompton pigs cruelty nationalpigday change how them rt you \n pork"""," ""label"": ""pleasant""}"
"{""id"": ""5e5c3d92e0c333e0518deafd"""," ""raw_tweet"": ""RT @ripfez: Bruised and tired of everything. \n\n#depression #onlyfans #chubby #chubbylatina #bustylatina #hugetits https://t.co/8eavJxLJid"""," ""processed_tweet"": "" bustylatina hugetits tired depresion htps 8eavjxljid chubylatina and onlyfans chuby t co ripfez \n\n rt bruised of everything"""," ""label"": ""surprise""}"
"{""id"": ""5e5c3d9ce0c333e0518deaff"""," ""raw_tweet"": ""Your happiness #mentalhealth #depression #anxiety #affirmations #life #peace #peaceofmind #musings #love #life  https://t.co/aDzFQzydzg"""," ""processed_tweet"": "" life  afirmations love htps depresion mentalhealth your adzfqzydzg t co anxiety musings peace hapines life peaceofmind"""," ""label"": ""surprise""}"
"{""id"": ""5e5c3da1e0c333e0518deb01"""," ""raw_tweet"": ""RT @NLmusictherapy: Let's talk music therapy! Our latest blog post has some surprising #musictherapy facts... #worldmusictherapyday #mental """," ""processed_tweet"": "" facts post music talk worldmusictherapyday let's some surprising therapy nlmusictherapy latest our rt has mental  blog musictherapy"""," ""label"": ""angry""}"
"{""id"": ""5e5c3dc1e0c333e0518deb03"""," ""raw_tweet"": ""RT @Ranal55: By choosing to believe  we choose to not be afraid.\n\n#quote #belief #choices #fear #SundaySpirit https://t.co/LZzJ9x6tj2"""," ""processed_tweet"": "" by choosing to believe  we choose to not be afraid."""," ""label"": ""surprise""}"
"{""id"": ""5e5c3dc3e0c333e0518deb05"""," ""raw_tweet"": ""@RosaBrighid I m having a bit of a #mentalhealth meltdown. I haven t recovered from the 2 weeks I spent on suicide  https://t.co/E7mS0HWwo9"""," ""processed_tweet"": ""i m a  recovered htps haven t having co the 2 of spent t weks meltdown e7ms0hwwo9 i mentalhealth on rosabrighid from suicide  bit"""," ""label"": ""surprise""}"
"{""id"": ""5e5c3dc7e0c333e0518deb07"""," ""raw_tweet"": ""RT @hellothayre: Depression is feeling lonely but not wanting company. It s ignoring phone calls and text from family and friends. It s sta """," ""processed_tweet"": "" ignoring helothayre cals company friends wanting but phone family feling it s text is depresion lonely from and not rt sta """," ""label"": ""surprise""}"
"{""id"": ""5e5c3df1e0c333e0518deb09"""," ""raw_tweet"": ""RT @CounsellorsCafe: It s Not Always Depression  Sometimes it s Shame\n#shame #depression #therapy #counselling @HilaryJHendel https://t.co/ """," ""processed_tweet"": "" shame\n hilaryjhendel depresion not counseling htps depresion t co it s it s therapy counselorscafe shame   rt sometimes always"""," ""label"": ""pleasant""}"
"{""id"": ""5e5c3df6e0c333e0518deb0b"""," ""raw_tweet"": ""RT @morales_ej: Dreaded Tales : A Short #Horror Story Collection\n#paranormal #psychological #fear \n#slasher #zombies #supernatural\nRead it """," ""processed_tweet"": "" it  horor zombies slasher morales ej psychological short colection\n tales dreaded a paranormal fear rt story \n supernatural\nread"""," ""label"": ""surprise""}"
"{""id"": ""5e5c3dfde0c333e0518deb0d"""," ""raw_tweet"": ""I recently wrote a blog post about mental health and how it is affected by your other half more than you think  wit  https://t.co/KhPayeEWl0"""," ""processed_tweet"": ""a  wrote htps co than recently you blog think  khpayeewl0 t other your about half i mental is post and wit  afected how by health more it"""," ""label"": ""pleasant""}"
"{""id"": ""5e5c3dfde0c333e0518deb0f"""," ""raw_tweet"": ""SOUL CONNECTIONS [POWERFUL GUIDED MEDITATION] {Meditate With Gina} https://t.co/ZTb7dF25ZL via @YouTube  https://t.co/equTK8s4Uk"""," ""processed_tweet"": "" meditate equtk8s4uk with meditation] htps guided ztb7df25zl conections t co via gina soul youtube  powerful"""," ""label"": ""surprise""}"
"{""id"": ""5e5c3dffe0c333e0518deb11"""," ""raw_tweet"": ""Do you listen? How is hope related to listening? Do you place God in a box?  \n\nDay 32: Journey to Find Hope  https://t.co/3Op6vTUBuh"""," ""processed_tweet"": "" in a 32 box htps co related \n\nday you do t find how god hope is listen journey 3op6vtubuh place listening to hope """," ""label"": ""surprise""}"
"{""id"": ""5e5c3e26e0c333e0518deb13"""," ""raw_tweet"": ""Thank you @GoodMenProject once again for publishing yet another episode https://t.co/Qjn5mK7700 Interviews of #men  https://t.co/mqtRPg4CG8"""," ""processed_tweet"": "" thank you good men project once again for publishing yet another episode"""," ""label"": ""angry""}"
"{""id"": ""5e5c3e36e0c333e0518deb15"""," ""raw_tweet"": ""RT @UBCDeanEduc: Canada Guidelines list physical activity as a front-line treatment for #depression. @GuyFaulkner is helping bridge the gap """," ""processed_tweet"": "" as a front the activity guidelines gap  canada depresion list bridge ubcdeaneduc is helping line guyfaulkner treatment rt for physical"""," ""label"": ""pleasant""}"
"{""id"": ""5e5c3e48e0c333e0518deb17"""," ""raw_tweet"": ""The Difference Between #Worry  #Stress and #Anxiety https://t.co/7gXdLt1yn2"""," ""processed_tweet"": "" stres wory the  diference worry  stress betwen anxiety"""," ""label"": ""excitement""}"
"{""id"": ""5e5c3e4de0c333e0518deb19"""," ""raw_tweet"": ""May we ALL decide to take on #Christ #Jesus' Spirit of compassion for ALL. By His stripes YES there still is #HOPE  https://t.co/bKnlqMjOJJ"""," ""processed_tweet"": "" htps bknlqmjoj co stripes al of christ by t compasion we decide jesus' on yes take is may to spirit there hope  his for stil"""," ""label"": ""surprise""}"
"{""id"": ""5e5c3e56e0c333e0518deb1b"""," ""raw_tweet"": ""RT @DulleyTopBooks: May we ALL decide to take on #Christ #Jesus' Spirit of compassion for ALL. By His stripes YES there still is #HOPE for """," ""processed_tweet"": "" for  hope stripes al of christ by compasion we decide jesus on yes take may is duleytopboks to spirit there his rt for stil"""," ""label"": ""angry""}"
"{""id"": ""5e5c3e5ae0c333e0518deb1d"""," ""raw_tweet"": ""I honestly use to think it was ridiculous how much #anxiety I have on Sundays that I do not even want to leave my r  https://t.co/u2Lct2cPCw"""," ""processed_tweet"": "" htps co honestly sundays leave think that even t u2lct2cpcw much i do want on my use anxiety have to ridiculous how not was r  it"""," ""label"": ""surprise""}"
"{""id"": ""5e5c3e60e0c333e0518deb1f"""," ""raw_tweet"": ""RT @FinishALS: If you know anyone who has a parent affected by ALS - point them towards the millennials against ALS. ????????they can take action """," ""processed_tweet"": "" a milenials towards the point you parent also they know can them against take has finishals anyone afected by who rt if action """," ""label"": ""pleasant""}"
"{""id"": ""5e5c3e6de0c333e0518deb21"""," ""raw_tweet"": ""RT @DarkUnknownGame: Looking for a #survival #horror while waiting for #ResidentEvil3Remake? Enjoy it????\nhttps://t.co/txaL141VuE\n#survivalhor """," ""processed_tweet"": "" a it????\nhtps loking txal141vue\n enjoy darkunknowngame t co survivalhor  survival residentevil3remake horor rt for waiting while"""," ""label"": ""pleasant""}"
"{""id"": ""5e5c3e78e0c333e0518deb23"""," ""raw_tweet"": ""Parental Awareness Tools that Reduce Childhood Trauma  a thoughtful blog by @MariaBogdanos https://t.co/fk2LyL1d6k  https://t.co/4EAuf9CoOj"""," ""processed_tweet"": ""tols a childhod that  mariabogdanos htps parental t co fk2lyl1d6k  4eauf9cooj reduce awarenes trauma  by thoughtful blog"""," ""label"": ""pleasant""}"
"{""id"": ""5e5c3e7ce0c333e0518deb25"""," ""raw_tweet"": ""Were you aware of these benefits of using the services of an established Outsourcing Partner for Australian Account  https://t.co/YdB560guzX"""," ""processed_tweet"": ""were you aware of these benefits of using the services of an established outsourcing partner for australian account"""," ""label"": ""pleasant""}"
"{""id"": ""5e5c3e7ee0c333e0518deb27"""," ""raw_tweet"": ""Are you an early bird? New research suggests it s good for your #mentalhealth: https://t.co/c3m0S1FEcr #depression #mentalillness"""," ""processed_tweet"": ""are early bird an  research god htps depresion mentalhealth t co sugests it s your new for you c3m0s1fecr mentalilnes"""," ""label"": ""pleasant""}"
"{""id"": ""5e5c3e7fe0c333e0518deb29"""," ""raw_tweet"": ""Thought for the day... #depression #anxiety #future #togetherwestand https://t.co/PR5vrD9EGG"""," ""processed_tweet"": "" day pr5vrd9eg htps depresion t co the thought anxiety togetherwestand for future"""," ""label"": ""pleasant""}"
"{""id"": ""5e5c3e83e0c333e0518deb2b"""," ""raw_tweet"": ""Learn more about online therapy via Skype for managing #anxiety and #depression more effectively. Email me via my w  https://t.co/9Qqf1WcPm2"""," ""processed_tweet"": "" htps co via me learn w  t email 9qqf1wcpm2 about skype depresion efectively my managing anxiety online and therapy more for"""," ""label"": ""surprise""}"
"{""id"": ""5e5c3e84e0c333e0518deb2d"""," ""raw_tweet"": ""Looking for how to treat your #Anxiety Naturally? Check this out NOW: https://t.co/9ssxpDYEPD | #MentalHealth #Wellness"""," ""processed_tweet"": "" treat this now mentalhealth loking htps to t co 9sxpdyepd how your check naturaly anxiety for out welnes"""," ""label"": ""excitement""}"
"{""id"": ""5e5c3e86e0c333e0518deb2f"""," ""raw_tweet"": ""RT @LEAD_Coalition: Please re-Tweet if you are committed to preventing #lonliness among people living with #Alzheimers disease and other fo """," ""processed_tweet"": "" living are among you lead if other fo  alzheimers people lonlines disease twet re preventing with please to coalition comited and rt"""," ""label"": ""surprise""}"
"{""id"": ""5e5c3e93e0c333e0518deb31"""," ""raw_tweet"": ""Do you know the difference between #stress  worry and #anxiety? Read more and learn about the ways to manage all th  https://t.co/J0vTo13Mjs"""," ""processed_tweet"": "" htps co the betwen j0vto13mjs you ways al diference do t about th  read know anxiety wory learn to and manage more stres"," ""label"": ""happy""}"
"{""id"": ""5e5c3e96e0c333e0518deb33"""," ""raw_tweet"": ""If we can be open and honest about how we feel individually and at a societal level it gives us the best opportuni  https://t.co/bVkbNHvJAY"""," ""processed_tweet"": ""a  htps co the best be t about level  we oportuni  individualy gives honest at can us open fel bvkbnhvjay societal and how if it"""," ""label"": ""pleasant""}"
"{""id"": ""5e5c3e97e0c333e0518deb35"""," ""raw_tweet"": ""Talking about things that need to be brought to light more often. Listen in here: https://t.co/IDGxqBYhiV  https://t.co/6LbQxmDedB"""," ""processed_tweet"": "" in idgxqbyhiv  that light htps to here things often t co about more talking 6lbqxmdedb ned brought listen be"""," ""label"": ""surprise""}"
"{""id"": ""5e5c3ea8e0c333e0518deb37"""," ""raw_tweet"": ""Monitor your mood. Answer these 18 questions in this mood-tracking quiz to check in with yourself on a regular basi  https://t.co/qnIPGfChIK"""," ""processed_tweet"": "" in this tracking a htps co qnipgfchik questions check t your yourself mod quiz on basi  regular with monitor answer to 18 these"""," ""label"": ""surprise""}"
"{""id"": ""5e5c3ed8e0c333e0518deb39"""," ""raw_tweet"": ""RT @allentien: \""... increased mental health problems in early-onset type 2 #diabetes is not surprising at all. We see this in our kids; ... """," ""processed_tweet"": "" in we problems this   2 al our onset diabetes early se alentien at mental surprising is kids increased health not type rt"""," ""label"": ""surprise""}"
"{""id"": ""5e5c3ed9e0c333e0518deb3b"""," ""raw_tweet"": ""RT @Ranal55: By choosing to believe  we choose to not be afraid.\n\n#quote #belief #choices #fear #SundaySpirit https://t.co/LZzJ9x6tj2"""," ""processed_tweet"": "" sundayspirit htps belief believe co \n\n lzzj9x6tj2 afraid be by t quote we fear chose to not choices rt ranal55 chosing"""," ""label"": ""surprise""}"
"{""id"": ""5e5c3ee6e0c333e0518deb3d"""," ""raw_tweet"": ""RT @CounsellorsCafe: It s Not Always Depression Sometimes it s Shame\n#shame #depression #therapy #counselling @HilaryJHendel https://t.co/ """," ""processed_tweet"": "" shame\n hilaryjhendel depresion not counseling htps depresion t co it s it s therapy counselorscafe shame   rt sometimes always"""," ""label"": ""pleasant""}"
"{""id"": ""5e5c3ef7e0c333e0518deb3f"""," ""raw_tweet"": ""RT @iamdelmancoates: Break the silence  be a source of support  recognize the signs of depression  transform the negatives into a positive"," ""processed_tweet"": "" a source break of positive silence  transform depresion  negatives iamdelmancoates the signs recognize rt into be suport"," ""label"": ""pleasant""}"
"{""id"": ""5e5c3effe0c333e0518deb41"""," ""raw_tweet"": ""Why does anxiety really kick in when your trying to sleep? Brain  have a night off please  it is Sunday after all!  https://t.co/unM4E1pgKr"""," ""processed_tweet"": "" in slep a htps when co after   night al kick t your sunday unm4e1pgkr why trying does anxiety is realy have of to please  brain  it"""," ""label"": ""surprise""}"
"{""id"": ""5e5c3f0be0c333e0518deb43"""," ""raw_tweet"": ""No #fear #Jesus takes care of you https://t.co/Qhy5ypHG4m  #JesusLoves #JesusSaves #Jesusistheway #follow https://t.co/E2dHlNy0Ng"""," ""processed_tweet"": "" no jesussaves htps jesusloves takes jesusistheway t co folow qhy5yphg4m fear e2dhlny0ng you of jesus care"""," ""label"": ""surprise""}"
"{""id"": ""5e5c3f33e0c333e0518deb45"""," ""raw_tweet"": ""RT @KellyT_2502: Kicking off endometriosis awareness month because a painful period is??not??normal! #endometriosis #endowarrior #endometrios """," ""processed_tweet"": "" of kelyt awarenes because a endowarior endometrios  kicking 2502 month painful period rt endometriosis is??not??normal"""," ""label"": ""angry""}"
"{""id"": ""5e5c3f4de0c333e0518deb47"""," ""raw_tweet"": ""We can either move to #5D or #5G\n\n5D: curing of #depression and every #mentalhealth issue  and #physicalhealth issu  https://t.co/kl1bKLmi5X"," ""processed_tweet"": "" we htps co of curing t move either physicalhealth or depresion mentalhealth can every kl1bklmi5x 5g\n\n5d to and 5d isue  isu """," ""label"": ""angry""}"
"{""id"": ""5e5c3f7ce0c333e0518deb4b"""," ""raw_tweet"": ""His emotions #mentalhealth #depression #anxiety #affirmations #life #peace #peaceofmind #musings #love #life  https://t.co/FlH37iJ3Y3"""," ""processed_tweet"": "" life  afirmations love htps depresion mentalhealth emotions t co anxiety his musings peace flh37ij3y3 life peaceofmind"""," ""label"": ""surprise""}"
"{""id"": ""5e5c3f8de0c333e0518deb4d"""," ""raw_tweet"": ""RT @cyndusen: It's not just a romantic comedy told in rhyme. This book beats anxiety  depression and just plain being down in the dumps!  M """," ""processed_tweet"": "" a in m  plain romantic the being beats this rhyme anxiety  told dumps depresion rt down comedy bok and not it's just cyndusen"""," ""label"": ""pleasant""}"
"{""id"": ""5e5c3f94e0c333e0518deb4f"""," ""raw_tweet"": ""Fuck everyone tired of being ignored ????#depression I don t exist ????"""," ""processed_tweet"": ""???? fuck i don t everyone tired depresion ignored being exist of"""," ""label"": ""angry""}"
"{""id"": ""5e5c3f96e0c333e0518deb51"""," ""raw_tweet"": ""Wish I had known about this sooner!!  Topic: #Psychedelucs treating #depression and #anxiety. Alternative non-weste  https://t.co/q1y5x06G4M"""," ""processed_tweet"": "" this htps co soner psychedelucs known t about i wish weste  depresion q1y5x06g4m anxiety non treating alternative and topic had"""," ""label"": ""surprise""}"
"{""id"": ""5e5c3fd2e0c333e0518deb53"""," ""raw_tweet"": ""Just keep calm and wait for it to pass.\n#words #reallife #depression #mentalhealth #positive https://t.co/ATZOQnYkZY"""," ""processed_tweet"": "" just words htps to depresion mentalhealth and t positive \n realife pas co atzoqnykzy wait for calm kep it"""," ""label"": ""surprise""}"
"{""id"": ""5e5c3fece0c333e0518deb55"""," ""raw_tweet"": ""By the suffering #Christ #Jesus endured YES much much better days shall be UPON us ALL!\nIsaiah 53:5  https://t.co/rkPG0LZLum"""," ""processed_tweet"": "" days htps rkpg0lzlum upon co the 5  al shal sufering 53 be christ by \nisaiah t much yes endured beter us jesus"""," ""label"": ""pleasant""}"
"{""id"": ""5e5c3ff2e0c333e0518deb57"""," ""raw_tweet"": ""RT @DulleyTopBooks: By the suffering #Christ #Jesus endured YES much much better days shall be UPON us ALL!\nIsaiah 53:5 #PrayerForHealing """," ""processed_tweet"": "" days upon the al shal sufering 53 be christ by \nisaiah much yes prayerforhealing  endured beter duleytopboks us 5 rt jesus"""," ""label"": ""pleasant""}"
"{""id"": ""5e5c3fffe0c333e0518deb59"""," ""raw_tweet"": ""RT @verbalr_global: Did China Close First Lab To Sequence Covid-19 Out Of Fear It Would Lose Bat Soup Narrative??? https://t.co/jsXWbc8vsg # """," ""processed_tweet"": "" verbalr htps lose did co would   to covid jsxwbc8vsg of t china lab fear global first soup sequence narative close out bat ?? 19 it rt"""," ""label"": ""excitement""}"
"{""id"": ""5e5c404ee0c333e0518deb5b"""," ""raw_tweet"": ""Being too much ....???? #anxiety #depression"""," ""processed_tweet"": "" depresion to ???? anxiety being much"""," ""label"": ""excitement""}"
"{""id"": ""5e5c4056e0c333e0518deb5d"""," ""raw_tweet"": ""If you need to talk   text SUPPORT to 258258 from anywhere in Canada or visit https://t.co/1XVgOBleFQ and click on  https://t.co/vXlmuQI8aT"""," ""processed_tweet"": "" in talk htps suport vxlmuqi8at co 258258 you t ned click or canada on  visit text 1xvgoblefq to from and anywhere if"""," ""label"": ""surprise""}"
"{""id"": ""5e5c4087e0c333e0518deb5f"""," ""raw_tweet"": ""May the Spirit of Our Lord Our #God be UPON&amp;WITHIN us ALL forever going forward.May His sincere Spirit direct us UP  https://t.co/9tX17wdF1t"""," ""processed_tweet"": "" htps within upon co the al be going of forward t sincere up  9tx17wdf1t god direct may us forever spirit lord our his our amp"""," ""label"": ""surprise""}"
"{""id"": ""5e5c40afe0c333e0518deb63"""," ""raw_tweet"": ""RT @DulleyTopBooks: May we ALL be alive to the reality of what Our Lord Our #God stands for. May His Spirit of eternal #LOVE for ALL be UP """," ""processed_tweet"": "" the eternal al of be what we love up  god reality may duleytopboks alive to spirit lord  stands his our rt for"""," ""label"": ""excitement""}"
"{""id"": ""5e5c40b1e0c333e0518deb65"""," ""raw_tweet"": ""RT @DulleyTopBooks: May the Spirit of Our Lord Our #God be UPON&amp;WITHIN us ALL forever going forward.May His sincere Spirit direct us UP UP&amp; """," ""processed_tweet"": "" within upon the   al be of going forward sincere up up god direct may duleytopboks us forever spirit lord our his our rt amp"""," ""label"": ""surprise""}"
"{""id"": ""5e5c40cfe0c333e0518deb67"""," ""raw_tweet"": ""Changing Emotional Habits through Image Reprocessing - Mindfulness-based Skype Therapy. See:  https://t.co/kcGePcCezu"""," ""processed_tweet"": "" habits skype htps based changing se kcgepccezu t therapy through co emotional   mindfulnes reprocesing image"""," ""label"": ""pleasant""}"
"{""id"": ""5e5c40cfe0c333e0518deb69"""," ""raw_tweet"": ""Thank you to @cbsla and @jasminevielcbsla for supporting children's mental health by allowing me to share parent ti  https://t.co/plGzk13Lks"""," ""processed_tweet"": "" ti  jasminevielcbsla htps co you cbsla parent me suporting children's t plgzk13lks mental to and by health alowing thank for share"""," ""label"": ""surprise""}"
"{""id"": ""5e5c40d3e0c333e0518deb6b"""," ""raw_tweet"": ""RT @TheTrueCompton: @davidsting414 And nothing nice happens to their mamas either ???? here is just one example of what happens because 'you' """," ""processed_tweet"": "" ???? hapens of their what here nothing either and mamas because thetruecompton rt example is one to davidsting414 just nice 'you' """," ""label"": ""pleasant""}"
"{""id"": ""5e5c4106e0c333e0518deb6d"""," ""raw_tweet"": ""RT @MikeJMele: #Depression isn't a \""bad day\"". It takes more than an inspirational thought  a motivational poster or a pat-on-the-back to ov """," ""processed_tweet"": "" a inspirational motivational the than an day pat poster mikejmele bad or on back rt depresion ov  to takes it more isn't thought"," ""label"": ""pleasant""}"
"{""id"": ""5e5c411ce0c333e0518deb6f"""," ""raw_tweet"": ""How are YOU doing? \n\nI always find myself caught up in my #depression that I don t always remember to ask that. It   https://t.co/CFF1KD6kW7"""," ""processed_tweet"": "" \n\ni in are htps co always cf1kd6kw7 it   that don t you t remember doing myself i how depresion find caught my up to ask"""," ""label"": ""surprise""}"
"{""id"": ""5e5c411ee0c333e0518deb71"""," ""raw_tweet"": ""RT @StephenTrzeciak: #COMPASSIONOMICS DAILY: @DukeU??? researchers found that in treating patients with #depression  therapist #compassion re """," ""processed_tweet"": "" in therapist found that patients treating compasionomics re  dukeu??? depresion stephentrzeciak compasion daily researchers rt with"""," ""label"": ""surprise""}"
"{""id"": ""5e5c4126e0c333e0518deb73"""," ""raw_tweet"": ""@kakape We have FREE public domain information on #family #disaster #preparedness at https://t.co/gk5gsxR1fv naviga  https://t.co/H4ExIQ5Y8r"""," ""processed_tweet"": ""domain  we disaster naviga  gk5gsxr1fv h4exiq5y8r htps family at on t preparednes information co fre kakape public have"""," ""label"": ""pleasant""}"
"{""id"": ""5e5c4147e0c333e0518deb75"""," ""raw_tweet"": ""RT @DulleyTopBooks: May the good Hands of #God be UPON us ALL without delay. #God be with us ALL forever and ever going forward...#Prayer """," ""processed_tweet"": "" without prayer  upon delay the al be of going forward ever god rt may with duleytopboks us god forever and hands"""," ""label"": ""surprise""}"
"{""id"": ""5e5c415be0c333e0518deb77"""," ""raw_tweet"": ""RT @UnxpctdAdvocate: I wrote for @CreakyJoints about how us #immunecompromised &amp; #chronicillness #patients are being ignored/treated like o """," ""processed_tweet"": "" us unxpctdadvocate i wrote patients are chronicilnes ignored amp how about treated imunecompromised like being rt for creakyjoints o """," ""label"": ""surprise""}"
"{""id"": ""5e5c4169e0c333e0518deb79"""," ""raw_tweet"": ""people with depression aren t lazy \n\npeople with anxiety aren t rude \n\npeople with suicidal thoughts aren t attenti  https://t.co/mOJ9ChU7Gk"""," ""processed_tweet"": "" rude atenti  \n\npeople people htps depresion t co lazy anxiety aren t suicidal moj9chu7gk thoughts with"""," ""label"": ""excitement""}"
"{""id"": ""5e5c418ce0c333e0518deb7b"""," ""raw_tweet"": ""RT @TheTrueCompton: @davidsting414 And nothing nice happens to their mamas either ???? here is just one example of what happens because 'you' """," ""processed_tweet"": "" ???? hapens of their what here nothing either and mamas because thetruecompton rt example is one to davidsting414 just nice 'you' """," ""label"": ""pleasant""}"
"{""id"": ""5e5c4197e0c333e0518deb7f"""," ""raw_tweet"": ""RT @allevin18: \""The Essentiality of Sleep Through the Recovery of #Depression\"" https://t.co/xL71WP7N9n Blogging to help #EndTheStigma and t """," ""processed_tweet"": "" endthestigma htps co the t  of esentiality t the through recovery bloging depresion xl71wp7n9n alevin18 to and slep rt help"""," ""label"": ""surprise""}"
"{""id"": ""5e5c41a4e0c333e0518deb81"""," ""raw_tweet"": ""\""Melkor and the blight of his hatred flowed out thence  and the Spring of Arda was marred. Green things fell sick .  https://t.co/K5gIhh1Htg"""," ""processed_tweet"": "" htps arda co sick the   blight of t things melkor mared spring hatred thence  his gren and fel flowed k5gih1htg was out"""," ""label"": ""pleasant""}"
"{""id"": ""5e5c41c8e0c333e0518deb83"""," ""raw_tweet"": ""RT @livingtruely: .@PremiumTimesng investigative journalist @SamuelOgundipe should be recognized for the work he does in raising important """," ""processed_tweet"": "" in samuelogundipe premiumtimesng work should recognized investigative does important  the livingtruely raising rt for he be journalist"""," ""label"": ""surprise""}"
"{""id"": ""5e5c41cfe0c333e0518deb85"""," ""raw_tweet"": ""WTF?! This makes no sense. #cruelty"""," ""processed_tweet"": "" wtf sense makes no cruelty this"""," ""label"": ""angry""}"
"{""id"": ""5e5c41d2e0c333e0518deb87"""," ""raw_tweet"": ""I  think I'm just a bother to everyone. so I'll just end it . #depression @Imheret45140132"""," ""processed_tweet"": "" a i to everyone depresion so imheret45140132 i'm just i'l bother think end it"""," ""label"": ""pleasant""}"
"{""id"": ""5e5c41fbe0c333e0518deb8b"""," ""raw_tweet"": ""Therapy through Skype for the treatment of #anxiety #depression #anxietytherapy #depressiontreatment #OCD #PTSD  https://t.co/km0FaJgOk7"""," ""processed_tweet"": "" skype htps ptsd  depresion ocd therapy through the treatment t co anxiety anxietytherapy for km0fajgok7 of depresiontreatment"""," ""label"": ""surprise""}"
"{""id"": ""5e5c4200e0c333e0518deb8d"""," ""raw_tweet"": ""RT @Ranal55: By choosing to believe  we choose to not be afraid.\n\n#quote #belief #choices #fear #SundaySpirit https://t.co/LZzJ9x6tj2"""," ""processed_tweet"": "" sundayspirit htps belief believe co \n\n lzzj9x6tj2 afraid be by t quote we fear chose to not choices rt ranal55 chosing"""," ""label"": ""surprise""}"
"{""id"": ""5e5c4201e0c333e0518deb8f"""," ""raw_tweet"": ""RT @ripfez: Bruised and tired of everything. \n\n#depression #onlyfans #chubby #chubbylatina #bustylatina #hugetits https://t.co/8eavJxLJid"""," ""processed_tweet"": "" bustylatina hugetits tired depresion htps 8eavjxljid chubylatina and onlyfans chuby t co ripfez \n\n rt bruised of everything"""," ""label"": ""surprise""}"
"{""id"": ""5e5c4207e0c333e0518deb91"""," ""raw_tweet"": ""RT @allevin18: Sharing Stories  Ending Stigma! Please share this important #podcast with others. Hear #men share their stories of #depressi """," ""processed_tweet"": "" this others their alevin18 stories stigma with important hear men ending sharing stories  rt depresi  share of podcast please"""," ""label"": ""surprise""}"
"{""id"": ""5e5c4213e0c333e0518deb95"""," ""raw_tweet"": ""RT @allevin18: Personal stories are POWERFUL! Mental Health stories allow others to see they are not alone. Stories also give others the co """," ""processed_tweet"": "" co  are powerful the mental also others health alow personal se give alone they alevin18 stories to not rt stories"""," ""label"": ""pleasant""}"
"{""id"": ""5e5c4221e0c333e0518deb97"""," ""raw_tweet"": ""RT @allevin18: Men: Changes in behavior? Shortened temper? Loss of interest in things  you typically enjoy? Isolating yourself? Making excu """," ""processed_tweet"": "" in behavior interest isolating men alevin18 changes los typicaly things enjoy shortened temper excu  rt making you of yourself"""," ""label"": ""surprise""}"
"{""id"": ""5e5c4230e0c333e0518deb99"""," ""raw_tweet"": ""Gottem #mentalhealth #depression #anxiety #affirmations #life #peace #peaceofmind #musings #love #life #heartbreak  https://t.co/CW9ZRa2FNa"""," ""processed_tweet"": "" cw9zra2fna afirmations love htps depresion gotem mentalhealth t co heartbreak  anxiety musings peace life peaceofmind"""," ""label"": ""excitement""}"
"{""id"": ""5e5c4233e0c333e0518deb9b"""," ""raw_tweet"": ""RT @GandalfTheGuide: \""Melkor and the blight of his hatred flowed out thence  and the Spring of Arda was marred. Green things fell sick . . """," ""processed_tweet"": "" arda sick the   blight gandalftheguide of things melkor mared spring hatred thence  his gren and fel flowed was rt out"""," ""label"": ""pleasant""}"
"{""id"": ""5e5c4238e0c333e0518deb9d"""," ""raw_tweet"": ""RT @Erage__: @KameMsi Another sadly unknown cause which has at lot of #stigma do to lack of awareness is known as  #Excoriation??disorder??(a """," ""processed_tweet"": "" as erage which of known excoriation??disorder?? lack lot unknown do at kamemsi another a  is has stigma awarenes to sadly cause rt"""," ""label"": ""pleasant""}"
"{""id"": ""5e5c4249e0c333e0518deb9f"""," ""raw_tweet"": ""RT @allevin18: If someone has the courage &amp; trust to share their struggles of #depression or #suicide ideation with you  please be """," ""processed_tweet"": "" someone the please  strugles trust of ideation their courage or depresion has with suicide alevin18 please to be  rt amp you  share if"""," ""label"": ""pleasant""}"
"{""id"": ""5e5c424ae0c333e0518deba1"""," ""raw_tweet"": ""RT @TheTrueCompton: #NationalPigDay #Pigs #Cruelty #Bacon #Ham #Pork \n\nPlease change how you see them.\n#FriendsNotFood"""," ""processed_tweet"": "" ham bacon se \n\nplease friendsnotfod thetruecompton pigs cruelty nationalpigday change how them rt you \n pork"""," ""label"": ""pleasant""}"
"{""id"": ""5e5c424be0c333e0518deba3"""," ""raw_tweet"": ""RT @DulleyTopBooks: All the children of #God are favored today. May today be the DAY we ALL come to realize that YES much much better days """," ""processed_tweet"": "" are the children al be of realize that day we come much days  al god yes may beter duleytopboks to favored today rt"""," ""label"": ""pleasant""}"
"{""id"": ""5e5c4273e0c333e0518deba5"""," ""raw_tweet"": ""RT @allevin18: Please Retweet! Hope is a critical element to the recovery of #depression See my recent post--The Importance of Hope https:/ """," ""processed_tweet"": "" a htps importance the retwet   of se recent element the depresion my is post please alevin18 to critical rt recovery hope"""," ""label"": ""pleasant""}"
"{""id"": ""5e5c4277e0c333e0518deba7"""," ""raw_tweet"": ""RT @allevin18: Supporting one w/#depression is challenging. Differentiated tips to support a spouse  a good friend or an acquaintance https """," ""processed_tweet"": "" a suporting diferentiated chalenging an htps  acquaintance or depresion is spouse  one alevin18 tips to god suport friend w rt"""," ""label"": ""pleasant""}"
"{""id"": ""5e5c427ae0c333e0518deba9"""," ""raw_tweet"": ""RT @allevin18: Don't fall prey to catastrophizing when in midst of #depression See these tips to end it! https://t.co/AVD03OSMzJ  Blogging """," ""processed_tweet"": "" in don't htps when co fal catastrophizing of avd03osmzj se t midst bloging  depresion alevin18 prey to tips these end rt it"""," ""label"": ""surprise""}"
"{""id"": ""5e5c4288e0c333e0518debab"""," ""raw_tweet"": ""RT @allevin18: A new episode of https://t.co/XMyYSdyPzk  every other Sunday! Real #men sharing real stories of #depression and other mental """," ""processed_tweet"": "" htps co sharing a of t other xmyysdypzk mental  sunday depresion every new alevin18 stories and rt real real episode men"""," ""label"": ""pleasant""}"
"{""id"": ""5e5c42a6e0c333e0518debad"""," ""raw_tweet"": ""@Iamdepr47974144 Have you thought about getting help? #mentalhealth #depression"""," ""processed_tweet"": "" depresion mentalhealth iamdepr47974144 have about geting help you thought"""," ""label"": ""excitement""}"
"{""id"": ""5e5c42bbe0c333e0518debaf"""," ""raw_tweet"": ""What's this?! A sign of spring! ???????????????\n\n#dietitian #nutrition #nutritionist #ibd #spoonie #bpd #depression #sad  https://t.co/NLCOgDmpv6"""," ""processed_tweet"": "" this spring sign dietitian nutrition nutritionist sad  ???????????????\n\n htps depresion nlcogdmpv6 bpd t co ibd a what's sponie of"""," ""label"": ""surprise""}"
"{""id"": ""5e5c42bee0c333e0518debb3"""," ""raw_tweet"": ""Watch  Bloom  on #Vimeo https://t.co/jIwWFGsVkM\n#depression #payitforward"""," ""processed_tweet"": ""  blom  htps watch depresion payitforward on vimeo t co jiwwfgsvkm\n"""," ""label"": ""pleasant""}"
"{""id"": ""5e5c42cae0c333e0518debb7"""," ""raw_tweet"": ""RT @TheTrueCompton: #NationalPigDay #Pigs #Cruelty #Bacon #Ham #Pork \n\nPlease change how you see them.\n#FriendsNotFood https://t.co/pVdbtic """," ""processed_tweet"": "" \n\nplease htps co pvdbtic  you \n pork bacon friendsnotfod t change ham se thetruecompton cruelty rt them pigs how nationalpigday"""," ""label"": ""pleasant""}"
"{""id"": ""5e5c42cde0c333e0518debb9"""," ""raw_tweet"": ""Your world will tell you to live a certain way.\n\n You'll only be truly happy and fulfilled when you live the life t  https://t.co/WiWuMHhBqB"""," ""processed_tweet"": ""a  htps when your co way the wiwumhhbqb \n\n t  you be world tel t hapy fulfiled live you'l life certain to wil and truly only"""," ""label"": ""pleasant""}"
"{""id"": ""5e5c42fee0c333e0518debbb"""," ""raw_tweet"": ""RT @CarmenMcLeanPhD: Some excellent #CBTworks tips for #anxiety management!\n\nThanks @AliMattu"""," ""processed_tweet"": "" carmenmcleanphd tips some excelent alimatu \n\nthanks cbtworks anxiety management rt for"""," ""label"": ""pleasant""}"
"{""id"": ""5e5c4302e0c333e0518debbd"""," ""raw_tweet"": ""RT @GandalfTheGuide: \""Melkor and the blight of his hatred flowed out thence  and the Spring of Arda was marred. Green things fell sick . . """," ""processed_tweet"": "" arda sick the   blight gandalftheguide of things melkor mared spring hatred thence  his gren and fel flowed was rt out"""," ""label"": ""pleasant""}"
"{""id"": ""5e5c4324e0c333e0518debbf"""," ""raw_tweet"": ""Super tiny #shambala #sodalite bracelet for a 2 month old ????  Had to hand cream every bead to get it thru the cord b  https://t.co/ZmzGUxDVNK"""," ""processed_tweet"": "" a b  thru old htps zmzguxdvnk co the 2 ???? month t cord shambala bracelet super tiny get had sodalite every for hand bead to cream it"""," ""label"": ""pleasant""}"
"{""id"": ""5e5c4362e0c333e0518debc1"""," ""raw_tweet"": ""My moods r changing faster than I can identify how I feel at the moment. I hate when this happens!  I'm a mess all  https://t.co/ffNJx2L6c6"""," ""processed_tweet"": "" this a htps when co the than r hapens changing hate t i'm al  i at can fel fnjx2l6c6 mes my how moment identify mods faster"""," ""label"": ""surprise""}"
"{""id"": ""5e5c4381e0c333e0518debc5"""," ""raw_tweet"": ""RT @ripfez: Bruised and tired of everything. \n\n#depression #onlyfans #chubby #chubbylatina #bustylatina #hugetits https://t.co/8eavJxLJid"""," ""processed_tweet"": "" bustylatina hugetits tired depresion htps 8eavjxljid chubylatina and onlyfans chuby t co ripfez \n\n rt bruised of everything"""," ""label"": ""surprise""}"
"{""id"": ""5e5c439ae0c333e0518debc7"""," ""raw_tweet"": ""#HarrysKush is a #funky #dank #fuzzy #dense #kush that helps lower #anxiety &amp; reduce #pain\n\nSee the entire review a  https://t.co/0jSk0WTHrw"""," ""processed_tweet"": ""a  review htps funky co the that lower 0jsk0wthrw t pain\n\nse entire haryskush fuzy dank reduce a  anxiety is kush dense helps amp"""," ""label"": ""pleasant""}"
"{""id"": ""5e5c43b1e0c333e0518debc9"""," ""raw_tweet"": ""RT @Ranal55: By choosing to believe  we choose to not be afraid.\n\n#quote #belief #choices #fear #SundaySpirit https://t.co/LZzJ9x6tj2"""," ""processed_tweet"": "" sundayspirit htps belief believe co \n\n lzzj9x6tj2 afraid be by t quote we fear chose to not choices rt ranal55 chosing"""," ""label"": ""surprise""}"
"{""id"": ""5e5c43b8e0c333e0518debcb"""," ""raw_tweet"": ""RT @LEAD_Coalition: Reunited: A #ShortFilm about #Music and the Human Spirit. 93 year old #jazz pianist Ed was got a new lease on life and """," ""processed_tweet"": "" a jaz pianist old music the a reunited lead got about human and  on 93 life year shortfilm new ed spirit coalition and was rt lease"""," ""label"": ""pleasant""}"
"{""id"": ""5e5c43c6e0c333e0518debcd"""," ""raw_tweet"": ""???? ~ I need to know that I've got you\nWith me no matter what they say\nI'm just a phone call away ~ Only Just a Phone  https://t.co/O4PU9yXN5R"""," ""processed_tweet"": "" a away htps co only ???? me that just what mater got phone  t phone ned cal no i o4pu9yxn5r know they say\ni'm i've to you\nwith just"""," ""label"": ""pleasant""}"
"{""id"": ""5e5c43c9e0c333e0518debcf"""," ""raw_tweet"": ""Style by #Depression. https://t.co/mQDeyoZV9u"""," ""processed_tweet"": "" htps t co style by depresion mqdeyozv9u"""," ""label"": ""excitement""}"
"{""id"": ""5e5c43e1e0c333e0518debd1"""," ""raw_tweet"": ""RT @AlsAgainst: It will be a uphill battle without you. \n\nChild of parent with #ALS join me. If you are #Millennials who sympathize with ou """," ""processed_tweet"": "" a without are you of be parent als me alsagainst milenials join \n\nchild batle sympathize uphil with wil it who ou  rt if"""," ""label"": ""pleasant""}"
"{""id"": ""5e5c43ede0c333e0518debd3"""," ""raw_tweet"": ""RT @livingtruely: .@PremiumTimesng investigative journalist @SamuelOgundipe should be recognized for the work he does in raising important """," ""processed_tweet"": "" in samuelogundipe premiumtimesng work should recognized investigative does important  the livingtruely raising rt for he be journalist"""," ""label"": ""surprise""}"
"{""id"": ""5e5c4453e0c333e0518debd5"""," ""raw_tweet"": ""Skype Therapy Service for Help with Anxiety and Depression. Online Mindfulness Therapy. See:  https://t.co/xuX0hIgrSs"""," ""processed_tweet"": "" skype online htps se service help and therapy t co xux0higrss   anxiety mindfulnes for with depresion"""," ""label"": ""surprise""}"
"{""id"": ""5e5c44b9e0c333e0518debd7"""," ""raw_tweet"": ""RT @LEAD_Coalition: Please re-Tweet if you are committed to preventing #lonliness among people living with #Alzheimers disease and other fo """," ""processed_tweet"": "" living are among you lead if other fo  alzheimers people lonlines disease twet re preventing with please to coalition comited and rt"""," ""label"": ""surprise""}"
"{""id"": ""5e5c44cee0c333e0518debdb"""," ""raw_tweet"": ""Being an #entrepreneur is like living in a house on fire  add #anxiety and you become a highly destructive King Mid  https://t.co/4LnXYwer8f"""," ""processed_tweet"": "" in a living htps co like become mid  you an t entrepreneur ad on destructive anxiety is house king 4lnxywer8f and being fire  highly"""," ""label"": ""surprise""}"
"{""id"": ""5e5c44e0e0c333e0518debdd"""," ""raw_tweet"": ""My new piece  P??ro  is taking shape....\n.\n#fraying #frayed #p??ro #oncemoreintothefray #thefray #thegrey #fraying  https://t.co/cxY2SadD95"""," ""processed_tweet"": "" piece taking fraying p??ro new htps frayed my t fraying  co oncemoreintothefray shape thefray cxy2sadd95  p??ro  is thegrey \n"""," ""label"": ""surprise""}"
"{""id"": ""5e5c44f8e0c333e0518debdf"""," ""raw_tweet"": ""RT @AnneBrookeBooks: \""I am not fearless. I am terrified but I write anyway.\"" - Roxanne Gay #writerslife #fear https://t.co/x5suEhGDoB"""," ""processed_tweet"": "" am x5suehgdob i htps gay write but t co fear anebrokeboks not fearles roxane rt terified anyway writerslife"""," ""label"": ""pleasant""}"
"{""id"": ""5e5c450be0c333e0518debe1"""," ""raw_tweet"": ""RT @familydisaster: FREE public domain information at https://t.co/gk5gsxR1fv navigate through share translate repost anywhere credit #fami """," ""processed_tweet"": "" domain fami  familydisaster htps translate repost credit at t co through information anywhere fre rt gk5gsxr1fv share public navigate"""," ""label"": ""pleasant""}"
"{""id"": ""5e5c452fe0c333e0518debe3"""," ""raw_tweet"": ""Worried of the news headlines?  Afraid of what s coming around the corner?  @RonEdmondson shared some great thought  https://t.co/Q5vjMiqVgG"""," ""processed_tweet"": "" woried coming htps q5vjmiqvgg news around corner thought  t some co the what s shared headlines great ronedmondson of afraid"""," ""label"": ""excitement""}"
"{""id"": ""5e5c4536e0c333e0518debe5"""," ""raw_tweet"": ""below the surface\nfloating in the dark\ni can see the light\nabove me\ni should reach for it\ni should\n\n#depression"""," ""processed_tweet"": ""in should\n\n se light\nabove it\ni dark\ni surface\nfloating should depresion reach the can me\ni for below"""," ""label"": ""surprise""}"
"{""id"": ""5e5c454fe0c333e0518debe7"""," ""raw_tweet"": ""@AdamRichesArt\nOil on canvas\n76 x 51 cm (SOLD).\n#painting #oilpainting #blackandwhite #fear #shadow https://t.co/wXWrs029p7"""," ""processed_tweet"": "" oilpainting htps shadow 51 cm on t co blackandwhite fear adamrichesart\noil painting canvas\n76 x sold \n wxwrs029p7"""," ""label"": ""surprise""}"
"{""id"": ""5e5c4559e0c333e0518debe9"""," ""raw_tweet"": ""RT @morales_ej: Dreaded Tales : A Short #Horror Story Collection\n#paranormal #psychological #fear \n#slasher #zombies #supernatural\nRead it """," ""processed_tweet"": "" it  horor zombies slasher morales ej psychological short colection\n tales dreaded a paranormal fear rt story \n supernatural\nread"""," ""label"": ""surprise""}"
"{""id"": ""5e5c4560e0c333e0518debeb"""," ""raw_tweet"": ""RT @Ranal55: By choosing to believe  we choose to not be afraid.\n\n#quote #belief #choices #fear #SundaySpirit https://t.co/LZzJ9x6tj2"""," ""processed_tweet"": "" sundayspirit htps belief believe co \n\n lzzj9x6tj2 afraid be by t quote we fear chose to not choices rt ranal55 chosing"""," ""label"": ""surprise""}"
"{""id"": ""5e5c4563e0c333e0518debed"""," ""raw_tweet"": ""I feel like doing this but what s the point. It s not going to solve anything. I mean I want to die not cut my self  https://t.co/a37p3QdbFd"""," ""processed_tweet"": "" this htps co the like die point going but t doing cut i want anything self  it s mean my fel to solve what s not a37p3qdbfd"""," ""label"": ""surprise""}"
"{""id"": ""5e5c457ee0c333e0518debef"""," ""raw_tweet"": ""RT @GandalfTheGuide: \""Melkor and the blight of his hatred flowed out thence  and the Spring of Arda was marred. Green things fell sick . . """," ""processed_tweet"": "" arda sick the   blight gandalftheguide of things melkor mared spring hatred thence  his gren and fel flowed was rt out"""," ""label"": ""pleasant""}"
"{""id"": ""5e5c4581e0c333e0518debf1"""," ""raw_tweet"": ""Young Kids Can Have #Suicidal Thoughts and #Parents Are Often Unaware https://t.co/7NwHMjbJ90 #parenting #children  https://t.co/gFLSKCmtNk"""," ""processed_tweet"": "" are gflskcmtnk htps thoughts suicidal parents 7nwhmjbj90 and kids t co have can unaware parenting young often children """," ""label"": ""pleasant""}"
"{""id"": ""5e5c4597e0c333e0518debf3"""," ""raw_tweet"": ""RT @laurenbgelman: Thank you to @UnxpctdAdvocate for speaking for many #chronicillness patients and their #Coronavid19 concerns for @Creaky """," ""processed_tweet"": "" concerns their unxpctdadvocate patients laurenbgelman to coronavid19 chronicilnes creaky  and speaking many thank rt for you"""," ""label"": ""excitement""}"
"{""id"": ""5e5c45a2e0c333e0518debf5"""," ""raw_tweet"": ""RT @Benjami90423381: Go for a walk \n#mindful #SuicideAwareness #MentalHealthMatters #MentalHealthAwareness #anxiety #depression https://t.c """," ""processed_tweet"": "" a walk mentalhealthmaters mentalhealthawarenes htps depresion benjami90423381 t anxiety go suicideawarenes rt for mindful \n c """," ""label"": ""pleasant""}"
"{""id"": ""5e5c45bbe0c333e0518debf7"""," ""raw_tweet"": ""RT @UnxpctdAdvocate: I wrote for @CreakyJoints about how us #immunecompromised &amp; #chronicillness #patients are being ignored/treated like o """," ""processed_tweet"": "" us unxpctdadvocate i wrote patients are chronicilnes ignored amp how about treated imunecompromised like being rt for creakyjoints o """," ""label"": ""surprise""}"
"{""id"": ""5e5c45dbe0c333e0518debf9"""," ""raw_tweet"": ""What my mind looks like... #NF #Mansion #Lonely #Fear #CanYouSaveMe #thoughts #Anger https://t.co/4xAOPVnZkW"""," ""processed_tweet"": "" nf canyousaveme what htps fear mind t loks co 4xaopvnzkw like my mansion anger thoughts lonely"""," ""label"": ""angry""}"
"{""id"": ""5e5c45f6e0c333e0518debfb"""," ""raw_tweet"": ""How to deal with an abusive relationships\nhttps://t.co/PppPL0HtaV\n#relationship #abuse #treatment #depression  https://t.co/v7wK3XzT81"""," ""processed_tweet"": "" an abuse htps how deal to abusive relationships\nhtps t co depresion  treatment v7wk3xzt81 relationship with pppl0htav\n"""," ""label"": ""pleasant""}"
"{""id"": ""5e5c4614e0c333e0518debff"""," ""raw_tweet"": ""RT @TheMandoMethod: The Mando Method Podcast: Episode 182 - Depression https://t.co/rHtGiKPyQI via @ProjectEntNet\n\n@TheMandoMethod co-hosts """," ""processed_tweet"": "" 182 projectentnet\n\n method episode htps the hosts  t podcast co rhtgikpyqi themandomethod mando rt via depresion"""," ""label"": ""happy""}"
"{""id"": ""5e5c4642e0c333e0518dec03"""," ""raw_tweet"": ""RT @morales_ej: Dreaded Tales : A Short #Horror Story Collection\n#paranormal #psychological #fear \n#slasher #zombies #supernatural\nRead it """," ""processed_tweet"": "" it  horor zombies slasher morales ej psychological short colection\n tales dreaded a paranormal fear rt story \n supernatural\nread"""," ""label"": ""surprise""}"
"{""id"": ""5e5c4644e0c333e0518dec05"""," ""raw_tweet"": ""I am not gonna let you win  I am stronger than you #Anxiety"""," ""processed_tweet"": "" anxiety am i let than gona stronger not win  you"""," ""label"": ""pleasant""}"
"{""id"": ""5e5c4658e0c333e0518dec07"""," ""raw_tweet"": ""An experiment:  A Leopard Can t Change It s Spots.  \n\n#newspapercollage #newspaperclipping #collage  #collageart  https://t.co/vdKfTE6XbU"""," ""processed_tweet"": "" spots experiment  a colage htps   leopard can t newspapercliping t co it s change \n\n vdkfte6xbu colageart  an newspapercolage"""," ""label"": ""excitement""}"
"{""id"": ""5e5c4658e0c333e0518dec09"""," ""raw_tweet"": ""RT @allevin18: If someone has the courage &amp; trust to share their struggles of #depression or #suicide ideation with you  please be """," ""processed_tweet"": "" someone the please  strugles trust of ideation their courage or depresion has with suicide alevin18 please to be  rt amp you  share if"""," ""label"": ""pleasant""}"
"{""id"": ""5e5c465ee0c333e0518dec0b"""," ""raw_tweet"": ""RT @AlsAgainst: It will be a uphill battle without you. \n\nChild of parent with #ALS join me. If you are #Millennials who sympathize with ou """," ""processed_tweet"": "" a without are you of be parent als me alsagainst milenials join \n\nchild batle sympathize uphil with wil it who ou  rt if"""," ""label"": ""pleasant""}"
"{""id"": ""5e5c4679e0c333e0518dec0d"""," ""raw_tweet"": ""RT @DanglingLines: below the surface\nfloating in the dark\ni can see the light\nabove me\ni should reach for it\ni should\n\n#depression"""," ""processed_tweet"": "" in should\n\n se light\nabove it\ni dark\ni surface\nfloating should depresion reach the can danglinglines me\ni rt for below"""," ""label"": ""surprise""}"
"{""id"": ""5e5c46a8e0c333e0518dec0f"""," ""raw_tweet"": ""@Tyson_Fury thank you for sharing your battle with #depression on @espn \nYou inspired me!  #SufferingInSilence  https://t.co/sYZXuzQzqq"""," ""processed_tweet"": "" espn htps sharing co fury you tyson me t your batle depresion syzxuzqzq on with inspired \nyou suferinginsilence  thank for"""," ""label"": ""pleasant""}"
"{""id"": ""5e5c46abe0c333e0518dec11"""," ""raw_tweet"": ""Skype Therapists - Psychotherapists using Skype https://t.co/HeXKfaWrcD #onlinetherapy #anxiety #depression"""," ""processed_tweet"": "" hexkfawrcd onlinetherapy skype htps psychotherapists depresion using t co anxiety therapists"""," ""label"": ""surprise""}"
"{""id"": ""5e5c46b0e0c333e0518dec13"""," ""raw_tweet"": ""RT @DulleyTopBooks: May the Spirit of Our Lord Our #God be UPON&amp;WITHIN us ALL forever going forward.May His sincere Spirit direct us UP UP&amp; """," ""processed_tweet"": "" within upon the   al be of going forward sincere up up god direct may duleytopboks us forever spirit lord our his our rt amp"""," ""label"": ""surprise""}"
"{""id"": ""5e5c46b3e0c333e0518dec15"""," ""raw_tweet"": ""RT @WeissJsw819: We SURVIVE death. https://t.co/VKL1ZxZSKh\n\nLINK me: https://t.co/IN9IezZ3GH\n\n#paranormal #spirituality #happiness #metaphy """," ""processed_tweet"": "" survive we death me vkl1zxzskh\n\nlink hapines htps t co spirituality metaphy  paranormal rt weisjsw819 in9iezz3gh\n\n"""," ""label"": ""surprise""}"
"{""id"": ""5e5c46d0e0c333e0518dec17"""," ""raw_tweet"": ""I need to put on a few pounds ???? oh I hate meds ???? the first few pounds I lost were ok but now reached just over a st  https://t.co/jKJgr2TK2e"""," ""processed_tweet"": ""a  htps co the meds reached now hate jkjgr2tk2e lost but t ???? few first were ned pounds i on ok ???? to put just st  oh over"""," ""label"": ""pleasant""}"
"{""id"": ""5e5c46ece0c333e0518dec19"""," ""raw_tweet"": ""RT @DulleyTopBooks: May we ALL be alive to the reality of what Our Lord Our #God stands for. May His Spirit of eternal #LOVE for ALL be UP """," ""processed_tweet"": "" the eternal al of be what we love up  god reality may duleytopboks alive to spirit lord  stands his our rt for"""," ""label"": ""excitement""}"
"{""id"": ""5e5c471be0c333e0518dec1d"""," ""raw_tweet"": ""I have a proposition  @horikoshiko \n\n#MyHeroAcademia #fear. https://t.co/wsFQ7kV2mm"""," ""processed_tweet"": ""a  i htps wsfq7kv2m t co proposition  horikoshiko \n\n fear myheroacademia have"""," ""label"": ""pleasant""}"
"{""id"": ""5e5c471ee0c333e0518dec1f"""," ""raw_tweet"": ""RT @WithNoma: Be careful when and how you respond.. your response shows the condition of your heart.\n#wellness #happiness #friends #advice """," ""processed_tweet"": "" welnes be when heart the hapines respond \n you of friends your advice  careful condition response and how shows rt withnoma"""," ""label"": ""pleasant""}"
"{""id"": ""5e5c4730e0c333e0518dec21"""," ""raw_tweet"": ""RT @WeissJsw819: We SURVIVE death. https://t.co/VKL1ZxZSKh\n\nLINK me: https://t.co/IN9IezZ3GH\n\n#paranormal #spirituality #happiness #metaphy """," ""processed_tweet"": "" survive we death me vkl1zxzskh\n\nlink hapines htps t co spirituality metaphy  paranormal rt weisjsw819 in9iezz3gh\n\n"""," ""label"": ""surprise""}"
"{""id"": ""5e5c4730e0c333e0518dec23"""," ""raw_tweet"": ""RT @kyshona:  Fear  is available everywhere today! [https://t.co/rseu5jxy4J] It s so important to give credit  where credit is due thanks t """," ""processed_tweet"": "" credit co everywhere t  available where so t [htps give important it s is rseu5jxy4j] kyshona to due thanks today rt  fear """," ""label"": ""excitement""}"
"{""id"": ""5e5c4743e0c333e0518dec25"""," ""raw_tweet"": ""The world is bad but not without hope. It is only hopeless when you look at it from an ideal viewpoint - #CPTSD  https://t.co/mKFqstK72j"""," ""processed_tweet"": ""without  cptsd  ideal htps viewpoint when co you an world but t mkfqstk72j lok bad hopeles the at hope is from it not only it"""," ""label"": ""surprise""}"
"{""id"": ""5e5c474be0c333e0518dec27"""," ""raw_tweet"": ""RT @WithNoma: Be careful when and how you respond.. your response shows the condition of your heart.\n#wellness #happiness #friends #advice """," ""processed_tweet"": "" welnes be when heart the hapines respond \n you of friends your advice  careful condition response and how shows rt withnoma"""," ""label"": ""pleasant""}"
"{""id"": ""5e5c4753e0c333e0518dec29"""," ""raw_tweet"": ""RT @DulleyTopBooks: May the good Hands of #God be UPON us ALL without delay. #God be with us ALL forever and ever going forward...#Prayer """," ""processed_tweet"": "" without prayer  upon delay the al be of going forward ever god rt may with duleytopboks us god forever and hands"""," ""label"": ""surprise""}"
"{""id"": ""5e5c479ee0c333e0518dec2d"""," ""raw_tweet"": ""RT @EveyHammond19: Mental illness is something you have  not something you are. #mentalhealth #mentalillness #depression #anxiety https://t """," ""processed_tweet"": "" you something are htps depresion mentalhealth mental not ilnes is rt have  anxiety t  eveyhamond19 mentalilnes"" "," ""label"": ""surprise""}"
"{""id"": ""5e5c47a7e0c333e0518dec2f"""," ""raw_tweet"": ""RT @ripfez: Bruised and tired of everything. \n\n#depression #onlyfans #chubby #chubbylatina #bustylatina #hugetits https://t.co/8eavJxLJid"""," ""processed_tweet"": "" bustylatina hugetits tired depresion htps 8eavjxljid chubylatina and onlyfans chuby t co ripfez \n\n rt bruised of everything"""," ""label"": ""surprise""}"
"{""id"": ""5e5c47b7e0c333e0518dec31"""," ""raw_tweet"": ""RT @LeighxxSophia: I need to put on a few pounds ???? oh I hate meds ???? the first few pounds I lost were ok but now reached just over a stone i """," ""processed_tweet"": "" a stone the meds leighxsophia reached now hate lost but ???? few first were ned pounds i i  on ok ???? to put just oh rt over"""," ""label"": ""pleasant""}"
"{""id"": ""5e5c47bee0c333e0518dec33"""," ""raw_tweet"": ""RT @DulleyTopBooks: May the Spirit of Our Lord Our #God be UPON&amp;WITHIN us ALL forever going forward.May His sincere Spirit direct us UP UP&amp; """," ""processed_tweet"": "" within upon the   al be of going forward sincere up up god direct may duleytopboks us forever spirit lord our his our rt amp"""," ""label"": ""surprise""}"
"{""id"": ""5e5c47fce0c333e0518dec37"""," ""raw_tweet"": ""RT @DulleyTopBooks: May the Spirit of Our Lord Our #God be UPON&amp;WITHIN us ALL forever going forward.May His sincere Spirit direct us UP UP&amp; """," ""processed_tweet"": "" within upon the   al be of going forward sincere up up god direct may duleytopboks us forever spirit lord our his our rt amp"""," ""label"": ""surprise""}"
"{""id"": ""5e5c47fce0c333e0518dec39"""," ""raw_tweet"": ""RT @WithNoma: Be careful when and how you respond.. your response shows the condition of your heart.\n#wellness #happiness #friends #advice """," ""processed_tweet"": "" welnes be when heart the hapines respond \n you of friends your advice  careful condition response and how shows rt withnoma"""," ""label"": ""pleasant""}"
"{""id"": ""5e5c47fde0c333e0518dec3b"""," ""raw_tweet"": ""RT @adrianbarron__: Hold up I m busy tripping on some shit that hasn t even happened yet. \n#anxiety"""," ""processed_tweet"": "" i m up that even hasn t adrianbaron busy on some triping shit \n anxiety rt hapened hold yet"""," ""label"": ""surprise""}"
"{""id"": ""5e5c4813e0c333e0518dec3d"""," ""raw_tweet"": ""RT @DulleyTopBooks: By the suffering #Christ #Jesus endured YES much much better days shall be UPON us ALL!\nIsaiah 53:5 #PrayerForHealing """," ""processed_tweet"": "" days upon the al shal sufering 53 be christ by \nisaiah much yes prayerforhealing  endured beter duleytopboks us 5 rt jesus"""," ""label"": ""pleasant""}"
"{""id"": ""5e5c482ce0c333e0518dec41"""," ""raw_tweet"": ""Hope is the Only Thing Stronger Than Fear.\n\n#QuoteoftheDay #Quote #Hope #Fear https://t.co/n4oyGFqIiD"""," ""processed_tweet"": "" htps fear quote n4oygfqiid t thing than the quoteoftheday stronger co \n\n is only hope"""," ""label"": ""angry""}"
"{""id"": ""5e5c4846e0c333e0518dec43"""," ""raw_tweet"": ""RT @WithNoma: Be careful when and how you respond.. your response shows the condition of your heart.\n#wellness #happiness #friends #advice """," ""processed_tweet"": "" welnes be when heart the hapines respond \n you of friends your advice  careful condition response and how shows rt withnoma"""," ""label"": ""pleasant""}"
"{""id"": ""5e5c4880e0c333e0518dec45"""," ""raw_tweet"": ""#BTS Saved My Life...find out how this mom beat #depression and learned to #love herself more click the link below!  https://t.co/XNJbe2hdiJ"""," ""processed_tweet"": "" this herself htps co the life   xnjbe2hdij below mom bts t click depresion find learned saved love to my and link how more out beat"""," ""label"": ""surprise""}"
"{""id"": ""5e5c4890e0c333e0518dec47"""," ""raw_tweet"": ""RT @ripfez: Bruised and tired of everything. \n\n#depression #onlyfans #chubby #chubbylatina #bustylatina #hugetits https://t.co/8eavJxLJid"""," ""processed_tweet"": "" bustylatina hugetits tired depresion htps 8eavjxljid chubylatina and onlyfans chuby t co ripfez \n\n rt bruised of everything"""," ""label"": ""surprise""}"
"{""id"": ""5e5c489de0c333e0518dec49"""," ""raw_tweet"": ""RT @kprocktor: Might not have a job anymore but gotta keep learning. We care about your kids ???? #ABprotests #MentalHealthMatters #anxiety ht """," ""processed_tweet"": "" a anymore we care gota but abprotests job your about mentalhealthmaters might kprocktor anxiety have kids learning not ???? rt ht  kep"""," ""label"": ""pleasant""}"
"{""id"": ""5e5c48dfe0c333e0518dec4f"""," ""raw_tweet"": ""#TPM cancelled along with many other conferences; Dow Futures look to be down another 200.  The market anticipated  https://t.co/Z5EYwmehas"""," ""processed_tweet"": "" futures another htps co be t canceled other conferences 200 tpm z5eywmehas lok market the along anticipated  down with to dow many"""," ""label"": ""angry""}"
"{""id"": ""5e5c48e7e0c333e0518dec51"""," ""raw_tweet"": ""RT @ripfez: Bruised and tired of everything. \n\n#depression #onlyfans #chubby #chubbylatina #bustylatina #hugetits https://t.co/8eavJxLJid"""," ""processed_tweet"": "" bustylatina hugetits tired depresion htps 8eavjxljid chubylatina and onlyfans chuby t co ripfez \n\n rt bruised of everything"""," ""label"": ""surprise""}"
"{""id"": ""5e5c4902e0c333e0518dec55"""," ""raw_tweet"": ""That s all people do is put me and my mom down other people do the same things and nothing is said to them but my g  https://t.co/DLNvfQIH1N"""," ""processed_tweet"": "" htps co the said al me mom but t that s other nothing people do things my them g  is down same to and dlnvfqih1n put"""," ""label"": ""pleasant""}"
"{""id"": ""5e5c4933e0c333e0518dec57"""," ""raw_tweet"": ""Sunday night = The perfect time for #anxiety to spike\n\nAs we anticipate the workweek.\n\nTo calm your mind\n\nThink of  https://t.co/OTM5Kg5fUK"""," ""processed_tweet"": "" htps co the anticipate night \n\nto workwek mind\n\nthink t your we calm perfect sunday the otm5kg5fuk anxiety spike\n\nas to for of  time"""," ""label"": ""pleasant""}"
"{""id"": ""5e5c494ce0c333e0518dec59"""," ""raw_tweet"": ""RT @WeissJsw819: We SURVIVE death. https://t.co/VKL1ZxZSKh\n\nLINK me: https://t.co/IN9IezZ3GH\n\n#paranormal #spirituality #happiness #metaphy """," ""processed_tweet"": "" survive we death me vkl1zxzskh\n\nlink hapines htps t co spirituality metaphy  paranormal rt weisjsw819 in9iezz3gh\n\n"""," ""label"": ""surprise""}"
"{""id"": ""5e5c495be0c333e0518dec5b"""," ""raw_tweet"": ""RT @cptsdfoundation: The world is bad but not without hope. It is only hopeless when you look at it from an ideal viewpoint - #CPTSD #Heali """," ""processed_tweet"": "" without ideal viewpoint when you an world cptsd but bad lok hopeles heali  the at hope is from it cptsdfoundation not rt only it"""," ""label"": ""surprise""}"
"{""id"": ""5e5c499ee0c333e0518dec5d"""," ""raw_tweet"": ""#Fear is in the air  #Pollution is in the water: The China snakes that rattled capitalism https://t.co/5musDjDzym"""," ""processed_tweet"": "" in that snakes fear the water ratled capitalism htps t co china the 5musdjdzym polution is air",", label"": ""surprise""}"
"{""id"": ""5e5c49a9e0c333e0518dec5f"""," ""raw_tweet"": ""RT @DulleyTopBooks: May the Spirit of Our Lord Our #God be UPON&amp;WITHIN us ALL forever going forward.May His sincere Spirit direct us UP UP&amp; """," ""processed_tweet"": "" within upon the   al be of going forward sincere up up god direct may duleytopboks us forever spirit lord our his our rt amp"""," ""label"": ""surprise""}"
"{""id"": ""5e5c49bde0c333e0518dec61"""," ""raw_tweet"": ""RT @Loathsom_Andrea: Be a decent human being and Go Vegan TODAY."""," ""processed_tweet"": "" a being human be vegan and today go loathsom rt andrea decent"""," ""label"": ""pleasant""}"
"{""id"": ""5e5c49e0e0c333e0518dec63"""," ""raw_tweet"": ""RT @LEAD_Coalition: Please re-Tweet if you are committed to preventing #lonliness among people living with #Alzheimers disease and other fo """," ""processed_tweet"": "" living are among you lead if other fo  alzheimers people lonlines disease twet re preventing with please to coalition comited and rt"""," ""label"": ""surprise""}"
"{""id"": ""5e5c49e9e0c333e0518dec65"""," ""raw_tweet"": ""That's #NOT #DEMENTIA that's #DRUGS #STRESS n #MEMORY #ISSUES.  He #LIES so much  he can't keep it all straight. Tr  https://t.co/HmhupNQGND"""," ""processed_tweet"": "" n htps co lies he al that's can't so t stres isues that's straight drugs hmhupnqgnd not memory much tr  he dementia kep it"""," ""label"": ""surprise""}"
"{""id"": ""5e5c49f1e0c333e0518dec69"""," ""raw_tweet"": ""RT @TheTrueCompton: #NationalPigDay #Pigs #Cruelty #Bacon #Ham #Pork \n\nPlease change how you see them.\n#FriendsNotFood"""," ""processed_tweet"": "" ham bacon se \n\nplease friendsnotfod thetruecompton pigs cruelty nationalpigday change how them rt you \n pork"""," ""label"": ""pleasant""}"
"{""id"": ""5e5c4a21e0c333e0518dec6b"""," ""raw_tweet"": ""RT @LadyJelenah: Selfie on The Alamo\n#Ladyjelenah #LadyJelena\n#PrettyMonzies #PrettyLilMonsters\n#Monsters #FEAR #GTA5 #GtaOnline #GrandThef """," ""processed_tweet"": "" grandthef  ladyjelenah pretymonzies monsters gtaonline the fear gta5 ladyjelena\n on selfie rt alamo\n ladyjelenah pretylilmonsters\n"""," ""label"": ""excitement""}"
"{""id"": ""5e5c4a77e0c333e0518dec6f"""," ""raw_tweet"": ""RT @allevin18: Thank you @GoodMenProject once again for publishing yet another episode https://t.co/Qjn5mK7700 Interviews of #men who have """," ""processed_tweet"": "" another htps co you of again t godmenproject yet alevin18 have  interviews publishing once who thank rt for qjn5mk7700 episode men"""," ""label"": ""pleasant""}"
"{""id"": ""5e5c4ab3e0c333e0518dec71"""," ""raw_tweet"": ""RT @DrJawahars: Break the silence. No one is immune to #Mentalhealth issues\n#MentalHealthMatters\n#MentalHealthAwareness"""," ""processed_tweet"": "" one no break imune mentalhealthawarenes isues\n to silence mentalhealthmaters\n the drjawahars is rt mentalhealth"""," ""label"": ""excitement""}"
"{""id"": ""5e5c4adee0c333e0518dec73"""," ""raw_tweet"": ""Please help spread the word about https://t.co/XMyYSdyPzk Interviews of #men who have struggled with #depression. S  https://t.co/JH3ytU28iI"""," ""processed_tweet"": "" htps co the strugled of jh3ytu28ii t about s  xmyysdypzk word depresion with have please spread interviews who help men"""," ""label"": ""excitement""}"
"{""id"": ""5e5c4ae2e0c333e0518dec75"""," ""raw_tweet"": ""LAUGH ADDICT RECOVERY FILM FREE TO VIEW RIGHT NOW. (Are you in recovery? Or have a loved one that is?) FREE 4 THE W  https://t.co/fjPLpvcUwz"""," ""processed_tweet"": "" in a fjplpvcuwz film htps recovery co 4 fre you now that loved laugh t adict to view is have are one or right the recovery w """," ""label"": ""surprise""}"
