"{""id"": ""5e5bc9c3e0c333e0518de573"""," ""raw_tweet"": ""RT @IamSaiDharamTej: This tweet shows your grace and super sense of humour... #respect and  #love from my motherland...thank you ????????"""," ""processed_tweet"": "" grace motherland you of this sense super your humour rt my love ???????? thank from and shows respect iamsaidharamtej twet"""," ""label"": ""excitement""}"
"{""id"": ""5e5bc9c4e0c333e0518de575"""," ""raw_tweet"": ""I love this song ?????? @POPSMOKE10 #flawsandall #popsmoke #beauty #beyourself #sexy #love #blackisbeautiful #instagram    https://t.co/V5prBvmuME"""," ""processed_tweet"": "" this song i blackisbeautiful song love instagram    htps v5prbvmume popsmoke t co sexy beauty popsmoke10 beyourself flawsandal"""," ""label"": ""surprise""}"
"{""id"": ""5e5bc9c4e0c333e0518de577"""," ""raw_tweet"": ""RT @NotoriousDBT: #ThePornstarLeague \nWeek-20 (match 24)\n\nAshlynn Brooke (11-8-0)\nVs. \nGina Valentina (9-3-0)\n\nThank you for your #Like and """," ""processed_tweet"": "" thank valentina you thepornstarleague broke like your """," ""label"": ""happy""}"
"{""id"": ""5e5bc9c5e0c333e0518de579"""," ""raw_tweet"": ""Relax Time with my love ???? #love #instagood #like #follow #photooftheday #happy #instagram #photography #beautiful  https://t.co/choQBC2aV1"""," ""processed_tweet"": ""happy my love photography htps instagod t beautiful  photoftheday co like folow my relax time with instagram""","  ""label"": ""happy""}"
"{""id"": ""5e5bc9c7e0c333e0518de57b"""," ""raw_tweet"": ""$10each #SassyPiecesByKymm???? #JewelryLady #mombosslife \n#Love #giftsforher #jewelrylover #momboss #colorful #beauty    https://t.co/9H4iRNdeya"""," ""processed_tweet"": "" jewelrylady love beauty    htps 9h4irndeya t co momboslife sasypiecesbykym???? giftsforher jewelrylover mombos 10each colorful \n"""," ""label"": ""excitement""}"
"{""id"": ""5e5bc9c7e0c333e0518de57d"""," ""raw_tweet"": ""#NowPlaying Tiffany Bynoe @TiffanyBynoeME - Shame on Delicious #Love #Radio https://t.co/2eCpAK1a88"""," ""processed_tweet"": ""bynoe  love htps shame 2ecpak1a88 nowplaying on t tifany co delicious radio tifanybynoeme"""," ""label"": ""pleasant""}"
"{""id"": ""5e5bc9c8e0c333e0518de57f"""," ""raw_tweet"": ""RT @IaN_AnToni: Typical Banda Aceh Cuisine ????????\n.\n.\n.\n.\n.\n.\n#instago #instadaily #instatraveling #vacation #love #travel #holiday #ontheroad   """," ""processed_tweet"": "" aceh cuisine instatraveling travel ontheroad    love antoni ????????\n instadaily banda vacation holiday typical rt ian \n instago"""," ""label"": ""pleasant""}"
"{""id"": ""5e5bc9cae0c333e0518de581"""," ""raw_tweet"": ""RT @resse89: I love this song ?????? @POPSMOKE10 #flawsandall #popsmoke #beauty #beyourself #sexy #love #blackisbeautiful #instagram #shaderoom   """," ""processed_tweet"": "" I love this song shaderom    i blackisbeautiful love song popsmoke rese89 sexy beauty popsmoke10 beyourself flawsandal rt instagram""","  ""label"": ""happy""}"
"{""id"": ""5e5bc9cbe0c333e0518de583"""," ""raw_tweet"": ""RT @conwaybowman: Opening Day. #baseball #brothers #family #love #spring @mishfish49 https://t.co/6MpVRXBsOf"""," ""processed_tweet"": "" conwaybowman spring day love family htps 6mpvrxbsof mishfish49 t co brothers rt opening basebal"""," ""label"": ""pleasant""}"
"{""id"": ""5e5bc9cbe0c333e0518de585"""," ""raw_tweet"": ""Psalm 95:6 Come  let us bow down in worship \nlet us kneel before the Lord our Maker.\nworship God you can just feel    https://t.co/BTp4BTRj3y"""," ""processed_tweet"": "" come let us bow down in worship \nlet us kneel before the lord our maker.\nworship god you can just feel ""","  ""label"": ""happy""}"
"{""id"": ""5e5bc9cbe0c333e0518de587"""," ""raw_tweet"": ""RT @pagicstudio: 30 days of logos\nLogo 17 - Bride things\n\nBlog &amp; website for brides\n\n#bride #wedding #marriage #love #fashion #bridal #make   """," ""processed_tweet"": "" days 30 weding of bride things\n\nblog mariage brides\n\n logos\nlogo make    17 amp fashion pagicstudio bride website love rt for bridal"""," ""label"": ""happy""}"
"{""id"": ""5e5bc9cde0c333e0518de589"""," ""raw_tweet"": ""RT @danieldokter: Us  today ????\n   \n#family #getaway #trip #brastagi  #love #kids @ Gundaling Farmstead https://t.co/9GY2C8t4Xg"""," ""processed_tweet"": "" us  kids brastagi love htps gundaling trip t co 9gy2c8t4xg today danieldokter ????\n   \n rt farmstead getaway family"""," ""label"": ""surprise""}"
"{""id"": ""5e5bc9cfe0c333e0518de58b"""," ""raw_tweet"": ""RT @IamSaiDharamTej: This tweet shows your grace and super sense of humour... #respect and  #love from my motherland...thank you ????????"""," ""processed_tweet"": "" grace motherland you of this sense super your humour rt my love ???????? thank from and shows respect iamsaidharamtej twet"""," ""label"": ""happy""}"
"{""id"": ""5e5bc9d0e0c333e0518de58d"""," ""raw_tweet"": ""O.U.T. -OriginaleUnicoTutto-\nWebsite Shop:\nhttps://t.co/R3IgL9ZjiS\n\n#shoppingonline #shoponline #shop #love #tshirt    https://t.co/ESK9MBTrxp"""," ""processed_tweet"": "" \nwebsite u o \nhtps shoponline love tshirt    htps t co shop originaleunicotuto shopingonline esk9mbtrxp r3igl9zjis\n\n shop t"""," ""label"": ""happy""}"
"{""id"": ""5e5bc9d3e0c333e0518de58f"""," ""raw_tweet"": ""wow SHE"""," ""processed_tweet"": ""she wow"""," ""label"": ""happy""}"
"{""id"": ""5e5bc9d4e0c333e0518de591"""," ""raw_tweet"": ""RT @GreggMasters: There are many different kinds and strengths of #Love. Do your best to recognize and appreciate each one of them today...   """," ""processed_tweet"": "" are there best     of kinds do diferent your apreciate gregmasters them one love to and many each today strengths recognize rt"""," ""label"": ""pleasant""}"
"{""id"": ""5e5bc9d4e0c333e0518de593"""," ""raw_tweet"": ""RT @SonySABTV: Bikram and Bala are trying to take over the coal mafia! But will they do it together or will someone come between them?    \n\nW   """," ""processed_tweet"": "" bikram someone are together mafia the betwen    \n\nw    bala coal but come or do trying they them take sonysabtv to wil and rt over it""","  ""label"": ""happy""}"
"{""id"": ""5e5bc9d5e0c333e0518de595"""," ""raw_tweet"": ""RT @brenteverett: My new BF! It   s official! @Reyallenking @andrea_suarez_x @lucasent @michaellucasNYC @queermenow #gay #gaylove #love #quee   """," ""processed_tweet"": "" oficial quermenow brenteveret new andrea gaylove suarez love lucasent my gay que    it   s bf michaelucasnyc reyalenking rt x""","  ""label"": ""happy""}"
"{""id"": ""5e5bc9d6e0c333e0518de597"""," ""raw_tweet"": ""One of our favorite new dresses paired with a denim jackets and short booties {that are 60% off!} for the perfect t    https://t.co/3jFwhZx90D"""," ""processed_tweet"": ""a  are htps jackets co the t    60 of {that } denim our one t boties favorite perfect dreses with of paired short new and for 3jfwhzx90d"""," ""label"": ""happy""}"
"{""id"": ""5e5bc9d7e0c333e0518de599"""," ""raw_tweet"": ""@ChristIsComing4 the Kingdom is HERE AT HAND NOW! Heaven begins in our hearts w/the Presence of the Most Holy Spiri    https://t.co/QMdVGUplh7"""," ""processed_tweet"": "" in htps holy co the hearts spiri    of now our t presence most qmdvguplh7 is begins heaven here at christiscoming4 hand w kingdom"""," ""label"": ""happy""}"
"{""id"": ""5e5bc9d7e0c333e0518de59b"""," ""raw_tweet"": ""RT @GreggMasters: I wanted this to be a reminder that we have an obligation and responsibility to live in #Peace #Kindness and #Love. \nIt   s   """," ""processed_tweet"": "" this a in kindnes be that an reminder obligation we responsibility i peace gregmasters live wanted have love to \nit   s    and rt"""," ""label"": ""happy""}"
"{""id"": ""5e5bc9dee0c333e0518de59d"""," ""raw_tweet"": ""Wtf is she trying not eat the baby?"""," ""processed_tweet"": ""baby eat trying she the wtf not is"""," ""label"": ""pleasant""}"
"{""id"": ""5e5bc9dfe0c333e0518de59f"""," ""raw_tweet"": ""If you want to #achieve #greater #business #success  you must have happy #customers. #Madhur #Maini is the best app    https://t.co/XYCFWpCKwM"""," ""processed_tweet"": "" htps maini co the best you xycfwpckwm greater achieve suces  t customers ap    hapy must madhur want is have to busines if"""," ""label"": ""happy""}"
"{""id"": ""5e5bc9e0e0c333e0518de5a1"""," ""raw_tweet"": ""RT @IamSaiDharamTej: This tweet shows your grace and super sense of humour... #respect and  #love from my motherland...thank you ????????"""," ""processed_tweet"": "" grace motherland you of this sense super your humour rt my love ???????? thank from and shows respect iamsaidharamtej twet"""," ""label"": ""excitement""}"
"{""id"": ""5e5bc9e2e0c333e0518de5a3"""," ""raw_tweet"": ""RT @colonriveraMD: Morning #morning #goodmorning #love #sunrise #nature #photography #instagood #winter #instagram #breakfast #photooftheda   """," ""processed_tweet"": "" winter nature love sunrise photography colonriveramd morning morning godmorning instagod photoftheda    breakfast rt instagram""","  ""label"": ""happy""}"
"{""id"": ""5e5bc9e3e0c333e0518de5a5"""," ""raw_tweet"": ""RT @eldiablo0786: @rajeev_s108 @LisaTruthJohns @pkamla1 @BabyGo2014 @debryan96962349 @Hazloe3 @mysticwolf14 @LeadersAdam @UitstelN @marshaw   """," ""processed_tweet"": "" leadersadam eldiablo0786 debryan96962349 marshaw    babygo2014 s108 hazloe3 uitsteln pkamla1 rt mysticwolf14 lisatruthjohns rajev"""," ""label"": ""pleasant""}"
"{""id"": ""5e5bc9e8e0c333e0518de5a7"""," ""raw_tweet"": ""#Now playing on @Glams_Radio : #Tie Me Down by #Gryffin &amp; Elley Duhe! Tune in now and enjoy sound of #DeepHouse #Love #Music"""," ""processed_tweet"": "" in eley sound music of now now glams down me tie duhe tune on love playing and enjoy dephouse by gryfin radio amp""","  ""label"": ""happy""}"
"{""id"": ""5e5bc9ebe0c333e0518de5a9"""," ""raw_tweet"": ""suinn was asked who's hes favorite ht member and answered he cudnt choose bc theyre all family so he said if he wer    https://t.co/52ufu0ZzTo"""," ""processed_tweet"": "" htps co who's cudnt said he al bc ht if asked so t wer    answered favorite family member 52ufu0zzto chose theyre hes and suin was""","  ""label"": ""happy""}"
"{""id"": ""5e5bc9ece0c333e0518de5ab"""," ""raw_tweet"": ""See changes as opportunities ????\n\n#changes #newlife #love #loveyourself #happiness #behappy #Opportunities #newtimes    https://t.co/urvheNEcrg"""," ""processed_tweet"": "" as hapines urvhenecrg newlife love oportunities htps se t co changes loveyourself oportunities ????\n\n behapy newtimes   """," ""label"": ""pleasant""}"
"{""id"": ""5e5bc9ede0c333e0518de5ad"""," ""raw_tweet"": ""RT @GreggMasters: Have you ever felt small and insignificant? Well  you   re not  trust me!\nYou have SO much power...\nUse it! Appreciate it!   """," ""processed_tweet"": "" insignificant have felt trust you so me power wel  apreciate ever \nuse much smal not  gregmasters you   re have \nyou and rt it""","  ""label"": ""happy""}"
"{""id"": ""5e5bc9efe0c333e0518de5af"""," ""raw_tweet"": ""#friends #thoughtoftheday #positivethinking #love #purelove \nLet's be in love with life  now!??????? https://t.co/3KaTMWNkMM"""," ""processed_tweet"": "" in \nlet's friends love positivethinking htps with t life  co 3katmwnkm ??????? purelove thoughtoftheday be now"""," ""label"": ""surprise""}"
"{""id"": ""5e5bc9f4e0c333e0518de5b1"""," ""raw_tweet"": ""RT @RiteBoss: CALM BALM GLISS GLOSS BLISS BLESS??????????????????\n\n#Photography #Naturaleza #Artistic #Divine #Art #Love #Imagine #Expression #Mesmeric   """," ""processed_tweet"": "" love mesmeric    divine glos calm naturaleza art imagine photography artistic expresion balm bles??????????????????\n\n blis rt glis ritebos"""," ""label"": ""excitement""}"
"{""id"": ""5e5bc9f4e0c333e0518de5b3"""," ""raw_tweet"": ""RT @IamSaiDharamTej: This tweet shows your grace and super sense of humour... #respect and  #love from my motherland...thank you ????????"""," ""processed_tweet"": "" grace motherland you of this sense super your humour rt my love ???????? thank from and shows respect iamsaidharamtej twet"""," ""label"": ""excitement""}"
"{""id"": ""5e5bc9f4e0c333e0518de5b5"""," ""raw_tweet"": ""Wtf be going on in these streets ????????"""," ""processed_tweet"": ""in strets on these wtf ???????? be going""","  ""label"": ""happy""}"
"{""id"": ""5e5bc9f5e0c333e0518de5b7"""," ""raw_tweet"": ""Why Narcissistic Knight In Shining Armour ... https://t.co/Ve1l5FD2lA #love @LoveEstimator"""," ""processed_tweet"": "" htps why knight love t co shining in ve1l5fd2la armour loveestimator narcisistic""","  ""label"": ""happy""}"
"{""id"": ""5e5bc9fde0c333e0518de5b9"""," ""raw_tweet"": ""#Indy is #hyped for the #NFLCombine! Find your #reason to be hyped this #Friday  we have #dreamjobs    in 44    https://t.co/YScmeuTlfs"""," ""processed_tweet"": "" this in htps nflcombine co the 44    be dreamjobs hyped t your we find indy friday  is yscmeutlfs have reason to for""","  ""label"": ""happy""}"
"{""id"": ""5e5bca00e0c333e0518de5bb"""," ""raw_tweet"": ""RT @eldiablo0786: @rajeev_s108 @LisaTruthJohns @pkamla1 @BabyGo2014 @debryan96962349 @Hazloe3 @mysticwolf14 @LeadersAdam @UitstelN @marshaw   """," ""processed_tweet"": "" leadersadam eldiablo0786 debryan96962349 marshaw    babygo2014 s108 hazloe3 uitsteln pkamla1 rt mysticwolf14 lisatruthjohns rajev"""," ""label"": ""pleasant""}"
"{""id"": ""5e5bca01e0c333e0518de5bd"""," ""raw_tweet"": ""Makes me miss London ?????????????????? @JennCaston ????"""," ""processed_tweet"": "" ???? me london jencaston ?????????????????? mis makes"""," ""label"": ""pleasant""}"
"{""id"": ""5e5bca02e0c333e0518de5bf"""," ""raw_tweet"": ""RT @brenteverett: My new BF! It   s official! @Reyallenking @andrea_suarez_x @lucasent @michaellucasNYC @queermenow #gay #gaylove #love #quee   """," ""processed_tweet"": "" oficial quermenow brenteveret new andrea gaylove suarez love lucasent my gay que    it   s bf michaelucasnyc reyalenking rt x"""," ""label"": ""happy""}"
"{""id"": ""5e5bca05e0c333e0518de5c1"""," ""raw_tweet"": ""RT @BuckeyeCuti: God always comes through.  I needed these words right now.  ??????  Thank you"""," ""processed_tweet"": "" words comes i buckeyecuti right god always through these ?????? thank rt neded you now"""," ""label"": ""excitement""}"
"{""id"": ""5e5bca06e0c333e0518de5c3"""," ""raw_tweet"": ""RT @illucandy: ???? Art Share ????\n\nI got so much support from you all I wanna give back! So let's make an artshare ?????? I want to see all your lov   """," ""processed_tweet"": "" let's you al an ????\n\ni ???? got so your ?????? art artshare much so share i se give ilucandy want lov    back make wana to from suport rt""","  ""label"": ""happy""}"
"{""id"": ""5e5bca0ae0c333e0518de5c5"""," ""raw_tweet"": ""RT @IamSaiDharamTej: This tweet shows your grace and super sense of humour... #respect and  #love from my motherland...thank you ????????"""," ""processed_tweet"": "" grace motherland you of this sense super your humour rt my love ???????? thank from and shows respect iamsaidharamtej twet"""," ""label"": ""excitement""}"
"{""id"": ""5e5bca0ee0c333e0518de5c7"""," ""raw_tweet"": ""????#Happy #Sunday????\n      #Must #Follow\n????@msyummys ????\nPhoto :: ????@Brazzers ???? \nJoin :  ????https://t.co/EACXZ6Wcxk????\n#RT https://t.co/ukeBnZKTJ5"""," ""processed_tweet"": "" ukebnzktj5 \njoin hapy ????htps eacxz6wcxk????\n htps brazers t ???? co sunday????\n must ????\nphoto rt folow\n???? msyumys ????"""," ""label"": ""surprise""}"
"{""id"": ""5e5bca0fe0c333e0518de5c9"""," ""raw_tweet"": ""RT @IamSaiDharamTej: This tweet shows your grace and super sense of humour... #respect and  #love from my motherland...thank you ????????"""," ""processed_tweet"": "" grace motherland you of this sense super your humour rt my love ???????? thank from and shows respect iamsaidharamtej twet"""," ""label"": ""excitement""}"
"{""id"": ""5e5bca0fe0c333e0518de5cb"""," ""raw_tweet"": ""RT @IamSaiDharamTej: This tweet shows your grace and super sense of humour... #respect and  #love from my motherland...thank you ????????"""," ""processed_tweet"": "" grace motherland you of this sense super your humour rt my love ???????? thank from and shows respect iamsaidharamtej twet"""," ""label"": ""excitement""}"
"{""id"": ""5e5bca16e0c333e0518de5cd"""," ""raw_tweet"": ""This is weird as hell. Y   all out here tongue kissing your babies ?"""," ""processed_tweet"": "" as tongue here kising is y   al your weird hel out babies this"""," ""label"": ""pleasant""}"
"{""id"": ""5e5bca19e0c333e0518de5cf"""," ""raw_tweet"": ""RT @IamSaiDharamTej: This tweet shows your grace and super sense of humour... #respect and  #love from my motherland...thank you ????????"""," ""processed_tweet"": "" grace motherland you of this sense super your humour rt my love ???????? thank from and shows respect iamsaidharamtej twet"""," ""label"": ""excitement""}"
"{""id"": ""5e5bca1be0c333e0518de5d1"""," ""raw_tweet"": ""#Repost from @Juliano_zone6 with @regram.app ... Out on all platforms #wilder ????#boxer ???????????????? #trap #music #trend    https://t.co/z1k8CWNTEv"""," ""processed_tweet"": "" music htps platforms ap co regram boxer al repost wilder ???????????????? t juliano trend    z1k8cwntev on with out zone6 ???? trap from""","  ""label"": ""happy""}"
"{""id"": ""5e5bca1de0c333e0518de5d3"""," ""raw_tweet"": ""Red Velvet 'The ReVe Festival Day 1' Album SCANS\nIrene\n\n#RedVelvet #RV #TRF #TheReVeFestivalDay1 #Irene #Seulgi    https://t.co/58NqR7LeVf"""," ""processed_tweet"": "" 'the day scans\nirene\n\n htps rv t red co album trf therevefestivalday1 velvet 58nqr7levf 1' reve irene redvelvet festival seulgi   """," ""label"": ""pleasant""}"
"{""id"": ""5e5bca25e0c333e0518de5d5"""," ""raw_tweet"": ""#Beauty #Style #Love KF94 Infection Prevention Mask 40pcs https://t.co/LexU5dploQ"""," ""processed_tweet"": "" love htps lexu5dploq mask beauty style t co kf94 prevention infection 40pcs"""," ""label"": ""surprise""}"
"{""id"": ""5e5bca25e0c333e0518de5d7"""," ""raw_tweet"": ""#Beauty #Style #Love LG Pra L Plus Derma LED Mask Home Skin Care Device Full Set of 4    https://t.co/qqnYaR2S4H"""," ""processed_tweet"": "" htps co style derma set care ful of home plus mask t l skin pra qnyar2s4h love 4    device beauty led lg"""," ""label"": ""excitement""}"
"{""id"": ""5e5bca25e0c333e0518de5d9"""," ""raw_tweet"": ""#Beauty #Style #Love Three-Dimensional Nonwoven Mouth Mask 65 Pieces Surgical Virus    https://t.co/gUfdWRSAcW"""," ""processed_tweet"": "" nonwoven love 65 pieces htps thre mask beauty style t dimensional surgical co gufdwrsacw virus    mouth"""," ""label"": ""happy""}"
"{""id"": ""5e5bca25e0c333e0518de5db"""," ""raw_tweet"": ""#Beauty #Style #Love Nerium Firming Body Contour Cream (NeriumAD Formula) 6.7 oz https://t.co/TAvvucBylv"""," ""processed_tweet"": "" love tavucbylv body 6 nerium htps 7 oz cream beauty style t co neriumad contour firming formula"""," ""label"": ""pleasant""}"
"{""id"": ""5e5bca26e0c333e0518de5dd"""," ""raw_tweet"": ""#Beauty #Style #Love MINUS20 TIME MACHINE YOUR SKIN PINK GOLD ANTI WRINKLE BOMB TIMELESS    https://t.co/QOewImAVW1"""," ""processed_tweet"": "" anti love minus20 htps qoewimavw1 time timeles    gold t beauty style co pink machine wrinkle bomb your skin"""," ""label"": ""pleasant""}"
"{""id"": ""5e5bca26e0c333e0518de5df"""," ""raw_tweet"": ""#Beauty #Style #Love Cindy Crawford Meaningful Beauty 7-Pc Skincare Set Bundle (2    https://t.co/pDPyLWzvtF"""," ""processed_tweet"": "" 2    love bundle htps 7 pc t beauty style crawford co pdpylwzvtf set cindy skincare meaningful"""," ""label"": ""happy""}"
"{""id"": ""5e5bca26e0c333e0518de5e1"""," ""raw_tweet"": ""#Beauty #Style #Love LG Pra L V Derma LED Mask Home Care Beauty Device Set of 4 https://t.co/OsZtia8I8I"""," ""processed_tweet"": "" htps co style derma 4 set osztia8i8i care of home mask t l pra v love device beauty led lg"""," ""label"": ""excitement""}"
"{""id"": ""5e5bca27e0c333e0518de5e3"""," ""raw_tweet"": ""#Happy Birthday Wishes To Cute Little Prince #AadvikAJITH ???? \n\n#HBDChampAadvikAjith https://t.co/TCXcYmiXn8"""," ""processed_tweet"": ""birthday  litle hbdchampaadvikajith hapy htps cute aadvikajith t prince co tcxcymixn8 \n\n wishes to ????""","  ""label"": ""happy""}"
"{""id"": ""5e5bca27e0c333e0518de5e5"""," ""raw_tweet"": ""RT @5REDVELVET: [OFFICIAL] 200301 #JOY Instagram update\n\n#REDVELVET @RVsmtown\nhttps://t.co/YmtgmBHoWY https://t.co/L0KyGHkJFA"""," ""processed_tweet"": "" 5redvelvet update\n\n ymtgmbhowy htps [oficial] 200301 instagram redvelvet rvsmtown\nhtps t co l0kyghkjfa rt joy""","  ""label"": ""happy""}"
"{""id"": ""5e5bca2be0c333e0518de5e7"""," ""raw_tweet"": ""Super stylish"""," ""processed_tweet"": ""stylish super""","  ""label"": ""happy""}"
"{""id"": ""5e5bca2ce0c333e0518de5e9"""," ""raw_tweet"": ""It's : 2020-03-01T14:43:49.8669117Z \n\n#tuesdaymotivation #funny #pets #followme #f4f #c4c #shout #love #me #cute    https://t.co/UyXO3pD5ab"""," ""processed_tweet"": "" folowme htps c4c co pets shout cute    2020 \n\n me t 8669117z tuesdaymotivation 43 funy love 49 01t14 uyxo3pd5ab 03 f4f it's"""," ""label"": ""happy""}"
"{""id"": ""5e5bca2ce0c333e0518de5eb"""," ""raw_tweet"": ""Let me #Love #You. \n\nhttps://t.co/fl4RNqBhLR"""," ""processed_tweet"": "" me let love \n\nhtps t co fl4rnqbhlr you"""," ""label"": ""happy""}"
"{""id"": ""5e5bca2de0c333e0518de5ed"""," ""raw_tweet"": ""??????you must travel through those woods again and again...???????You All???? ~???~ #life #positive #nudism #wellbeing #love    https://t.co/QKI0thb3t8"""," ""processed_tweet"": "" htps wods co travel again t ??????you nudism qki0thb3t8 ??? welbeing must through positive al???? love    life ???????you and those"""," ""label"": ""excitement""}"
"{""id"": ""5e5bca2fe0c333e0518de5ef"""," ""raw_tweet"": ""RT @CONTEMPRA_INN: #Amazing Example of Courage and Loyalty ...During the panic of an #Earthquake when everyone was running for their life .   """," ""processed_tweet"": "" when the     of amazing an their courage in example rt life runing panic everyone and was earthquake contempra for during loyalty"""," ""label"": ""happy""}"
"{""id"": ""5e5bca32e0c333e0518de5f1"""," ""raw_tweet"": ""RT @Sreliata: Always wanted to do something with #Vincent and #Yuffie from #FF7 #FFVII #FF7Remake and #DirgeOfCerberus !! I really can't wa   """," ""processed_tweet"": "" vincent can't dirgeofcerberus sreliata something i do f7 wanted realy fvi with to from and f7remake yufie rt wa    always"""," ""label"": ""surprise""}"
"{""id"": ""5e5bca32e0c333e0518de5f3"""," ""raw_tweet"": ""RT @5REDVELVET: [OFFICIAL] 200301 #JOY Instagram update\n\n#REDVELVET @RVsmtown\nhttps://t.co/hFPNKaFVOh https://t.co/xTGz1FvdU1"""," ""processed_tweet"": "" 5redvelvet update\n\n htps [oficial] xtgz1fvdu1 200301 instagram redvelvet rvsmtown\nhtps t co hfpnkafvoh rt joy"""," ""label"": ""happy""}"
"{""id"": ""5e5bca36e0c333e0518de5f5"""," ""raw_tweet"": ""Music In Film with @Ludonnalicious #romanerobb #robbpublishing #robbent #merchandise #media #robbentertainment #dc    https://t.co/aEsppGLn79"""," ""processed_tweet"": "" merchandise dc    robpublishing htps media t co film music ludonalicious robent aespgln79 in with romanerob robentertainment"""," ""label"": ""excitement""}"
"{""id"": ""5e5bca36e0c333e0518de5f7"""," ""raw_tweet"": ""#fashion #shop #sale #deal #love #gamedev #retail Another Great Deal! https://t.co/ZVqHhwJkGa"""," ""processed_tweet"": "" zvqhhwjkga sale love great deal htps t another co fashion retail shop deal gamedev"""," ""label"": ""surprise""}"
"{""id"": ""5e5bca37e0c333e0518de5f9"""," ""raw_tweet"": ""RT @lateefmohamme14: If how poignantly spontaneous!?"""," ""processed_tweet"": "" spontaneous how poignantly rt latefmohame14 if"""," ""label"": ""pleasant""}"
"{""id"": ""5e5bca39e0c333e0518de5fb"""," ""raw_tweet"": ""RT @shailender7777: SQUEAK @RajeevMasand SAYS THAT #ShubhMangalZyaadaSaavdhan MOVIE SHOWS THAT #LOVE HAS NO BOUNDARIES.\n\nTHIS #PERVERT ( HE   """," ""processed_tweet"": "" pervert \n\nthis squeak movie that boundaries shows he    rajevmasand shubhmangalzyadasavdhan rt no love says shailender7777 has"""," ""label"": ""excitement""}"
"{""id"": ""5e5bca3be0c333e0518de5fd"""," ""raw_tweet"": ""RT @5REDVELVET: [OFFICIAL] 200301 #JOY Instagram update\n\n#REDVELVET @RVsmtown\nhttps://t.co/hFPNKaFVOh https://t.co/TJTbYWqhS5"""," ""processed_tweet"": "" 5redvelvet update\n\n tjtbywqhs5 htps [oficial] 200301 instagram redvelvet rvsmtown\nhtps t co hfpnkafvoh rt joy"""," ""label"": ""happy""}"
"{""id"": ""5e5bca40e0c333e0518de5ff"""," ""raw_tweet"": ""Amazon Store BI BAR SEX [dvd] via @amazon  https://t.co/YrvAyDwpqA\n #Stuttgart #Berlin #Munich #Hamburg #Frankfurt    https://t.co/ZCoKNBJeeA"""," ""processed_tweet"": ""bar  store amazon berlin hamburg zcoknbjea htps sex munich t [dvd] co bi frankfurt    amazon stutgart via yrvaydwpqa\n"""," ""label"": ""pleasant""}"
"{""id"": ""5e5bca43e0c333e0518de601"""," ""raw_tweet"": ""RT @IamSaiDharamTej: This tweet shows your grace and super sense of humour... #respect and  #love from my motherland...thank you ????????"""," ""processed_tweet"": "" grace motherland you of this sense super your humour rt my love ???????? thank from and shows respect iamsaidharamtej twet"""," ""label"": ""excitement""}"
"{""id"": ""5e5bca45e0c333e0518de603"""," ""raw_tweet"": ""RT @CheyennKeller: Join to our community: https://t.co/H2ACU3g61X\nDon't waste your time  just click and join????\n#date #dating #love #Lover #t   """," ""processed_tweet"": "" h2acu3g61x\ndon't htps co t    dating our t your lover cheyenkeler date comunity join????\n click waste join time  love to and just rt"""," ""label"": ""happy""}"
"{""id"": ""5e5bca47e0c333e0518de605"""," ""raw_tweet"": ""Romance God poem #poetry #song #music #artist #allbrandnew #spirit #spiritual #awaken #god #faith #love #songwriter    https://t.co/ohnDyzbqo7"""," ""processed_tweet"": "" ohndyzbqo7 music song love poem htps god romance albrandnew poetry songwriter    t co faith spiritual artist god spirit awaken"""," ""label"": ""surprise""}"
"{""id"": ""5e5bca4de0c333e0518de607"""," ""raw_tweet"": ""RT @HUSKYLOVERSUSA1: My dog gives me such joy and makes me laugh incessantly.\n????????????????????????????\n#husky #huskyheaven #puppy #cute #love #FeelingGood #   """," ""processed_tweet"": "" such makes     cute huskyloversusa1 me \n????????????????????????????\n huskyheaven incesantly gives husky felinggod joy love my and laugh dog pupy rt"""," ""label"": ""surprise""}"
"{""id"": ""5e5bca4ee0c333e0518de609"""," ""raw_tweet"": ""RT @Ghanasfinestx: This is weird sorry"""," ""processed_tweet"": "" ghanasfinestx sory weird is rt this"""," ""label"": ""pleasant""}"
"{""id"": ""5e5bca4ee0c333e0518de60b"""," ""raw_tweet"": ""what in the actual fuck"""," ""processed_tweet"": ""in what fuck the actual"""," ""label"": ""surprise""}"
"{""id"": ""5e5bca54e0c333e0518de60d"""," ""raw_tweet"": ""Red Velvet 'The ReVe Festival Day 1' Album SCANS\nIrene\n\n#RedVelvet #RV #TRF #TheReVeFestivalDay1 #Irene #Seulgi    https://t.co/FRWxq4rYg0"""," ""processed_tweet"": "" 'the day scans\nirene\n\n htps rv t red co album trf therevefestivalday1 velvet frwxq4ryg0 1' reve irene redvelvet festival seulgi   """," ""label"": ""pleasant""}"
"{""id"": ""5e5bca58e0c333e0518de60f"""," ""raw_tweet"": ""Better Conversations #Bloemfontein       #Love - Redeem free Supperclub ticket https://t.co/UecgJTW1nQ"""," ""processed_tweet"": "" conversations bloemfontein love htps superclub beter uecgjtw1nq t co redem ticket fre"""," ""label"": ""excitement""}"
"{""id"": ""5e5bca5be0c333e0518de611"""," ""raw_tweet"": ""RT @RoseVioletDeb: Those are the keepers ??????????? #Friendship #Love #Caring #BeautifulSouls ??????????????????? https://t.co/giAvQkyCl7"""," ""processed_tweet"": "" beautifulsouls kepers love are htps friendship ??????????? t co the those giavqkycl7 rt caring rosevioletdeb ???????????????????"""," ""label"": ""pleasant""}"
"{""id"": ""5e5bca5ee0c333e0518de613"""," ""raw_tweet"": ""   There is no greater heaven than the heart of a loving mother.\nFor more info call us on 9654156734\namigohospitality    https://t.co/WZQKxqd7QA"""," ""processed_tweet"": ""a  htps co heart the than of mother greater    there t \nfor cal no wzqkxqd7qa on is heaven us loving 9654156734\namigohospitality    info more"""," ""label"": ""pleasant""}"
"{""id"": ""5e5bca5ee0c333e0518de615"""," ""raw_tweet"": ""RT @iLendingDIRECT: Refinance your auto loan and start saving for your next adventure with your furry friend.   \n\nhttps://t.co/9VyohUPNWN\n\n#L   """," ""processed_tweet"": "" start co    \n\nhtps next t your auto loan fury l    ilendingdirect with 9vyohupnwn\n\n and saving friend adventure rt for refinance"""," ""label"": ""pleasant""}"
"{""id"": ""5e5bca62e0c333e0518de617"""," ""raw_tweet"": ""RT @joystgrm: 200301 Joystagram #RedVelvet #???????????? #Joy #?????? #RVF  \n\nhttps://t.co/s4S5i4Ete5 https://t.co/VrBuXilhUe"""," ""processed_tweet"": "" joy joystgrm htps vrbuxilhue 200301 \n\nhtps t co ???????????? rvf rt ?????? redvelvet joystagram s4s5i4ete5"""," ""label"": ""excitement""}"
"{""id"": ""5e5bca64e0c333e0518de619"""," ""raw_tweet"": ""Traveling through &amp; found this gem. The absolute most beautiful coffee shop AND most amazing tasting coffee????????    https://t.co/VUIQKVLNWI"""," ""processed_tweet"": "" this beautiful htps co found t tasting vuiqkvlnwi shop most absolute the amazing and traveling through cofe gem cofe????????    amp"""," ""label"": ""surprise""}"
"{""id"": ""5e5bca65e0c333e0518de61b"""," ""raw_tweet"": ""RT @tweetssbykenn: she   s tongue kissing the baby &amp; giving her hand oral. SEND HER TO THE NEAREST MENTAL HOSPITAL"""," ""processed_tweet"": "" nearest she   s hand tongue baby kising send hospital giving to mental twetsbyken the her the oral rt amp her"""," ""label"": ""pleasant""}"
"{""id"": ""5e5bca65e0c333e0518de61d"""," ""raw_tweet"": ""RT @aarondbrinker: Looking for a freaky #Friday/#weekend read?\nCheck out #SecondChances to see what reviewers are enjoying. Read it #free w   """," ""processed_tweet"": "" a loking are enjoying freaky reviewers what \ncheck w    arondbrinker read friday se wekend read secondchances to fre rt for out it"""," ""label"": ""pleasant""}"
"{""id"": ""5e5bca67e0c333e0518de61f"""," ""raw_tweet"": ""Music In Film with @Ludonnalicious #romanerobb #robbpublishing #robbent #merchandise #media #robbentertainment #dc    https://t.co/oqSNjsCha2"""," ""processed_tweet"": "" merchandise dc    robpublishing htps media t co film music ludonalicious robent in oqsnjscha2 with romanerob robentertainment"""," ""label"": ""excitement""}"
"{""id"": ""5e5bca68e0c333e0518de621"""," ""raw_tweet"": ""OH HAPPY DAY! ????\n#sundayfunday #sunday #peace #love @ Beverly Hills  California https://t.co/kUhWuKe8pG"""," ""processed_tweet"": "" hapy ????\n day love htps oh kuhwuke8pg t hils  co california sundayfunday beverly peace sunday"""," ""label"": ""pleasant""}"
"{""id"": ""5e5bca69e0c333e0518de623"""," ""raw_tweet"": ""RT @lgibson12397: love and kindness are never wasted. they always make a difference\n\n   ???helen james   ???\n\n#myphoto #photographers #photography   """," ""processed_tweet"": "" never a diference\n\n   ???helen wasted are love and kindnes always photographers they make myphoto photography    lgibson12397 rt james   ???\n\n"""," ""label"": ""excitement""}"
"{""id"": ""5e5bca6ae0c333e0518de625"""," ""raw_tweet"": ""#Show #Your #Love #And #Support!!\n#Like!\n#Follow!\n#Comment!\n#Share!\n#Re-post!\n#Repeat!\nAdd my new album \""Life Form\""    https://t.co/iY9XyjLaZl"""," ""processed_tweet"": "" htps form your \nad show co life     \n album re suport t and share my post love new repeat iy9xyjlazl folow coment like""","  ""label"": ""happy""}"
"{""id"": ""5e5bca6be0c333e0518de627"""," ""raw_tweet"": ""#ZeroDiscriminationDay let's give out lots of #love today!\n\n#SundayMotivation https://t.co/CJk7YN8qLD"""," ""processed_tweet"": "" cjk7yn8qld lots let's give love htps zerodiscriminationday t co today \n\n out sundaymotivation of"""," ""label"": ""surprise""}"
"{""id"": ""5e5bca6de0c333e0518de629"""," ""raw_tweet"": ""RT @ceeprivyy: I   m not even sexualising this is just weird."""," ""processed_tweet"": "" i   m this even ceprivy not sexualising just is rt weird"""," ""label"": ""surprise""}"
"{""id"": ""5e5bca6ee0c333e0518de62b"""," ""raw_tweet"": ""See more on my OnlyFans!\n??????????????????\nhttps://t.co/KqnW6mAxJJ\n\n#sexy #girl #sexyphoto #sex #hot #model #latina #beauty    https://t.co/Neo4p1Kjqp"""," ""processed_tweet"": "" kqnw6maxj\n\n beauty    \n??????????????????\nhtps sex model neo4p1kjqp htps se hot on t onlyfans co sexyphoto more my girl latina sexy""","  ""label"": ""happy""}"
"{""id"": ""5e5bca70e0c333e0518de62d"""," ""raw_tweet"": ""RT @eldiablo0786: @rajeev_s108 @Marianspielman1 @debryan96962349 @mysticwolf14 @mukulnandi1972 @beachlovecandle @LisaTruthJohns @1228erin @   """," ""processed_tweet"": "" eldiablo0786 s108 mukulnandi1972 marianspielman1 1228erin     debryan96962349 rt mysticwolf14 beachlovecandle lisatruthjohns rajev""","  ""label"": ""happy""}"
"{""id"": ""5e5bca70e0c333e0518de62f"""," ""raw_tweet"": ""Excited to share the latest addition to my #etsy shop: Womens Leather Bracelet -For Mom Gift-For Girlfriend Gift-He    https://t.co/fPCkUYWky0"""," ""processed_tweet"": "" htps co the gift leather fpckuywky0 t he    shop mom for womens my adition latest etsy girlfriend to excited share bracelet""","  ""label"": ""happy""}"
"{""id"": ""5e5bca70e0c333e0518de631"""," ""raw_tweet"": ""How you gonna do it if you really don't wanna dance? ????\nBy standing on the wall  get your back up off the wall????????????    https://t.co/NVGWKdJs0T"""," ""processed_tweet"": "" htps co the you if dance t nvgwkdjs0t your wal????????????    don't how do get on gona standing back realy wal  wana of up ????\nby it""","  ""label"": ""happy""}"
"{""id"": ""5e5bca72e0c333e0518de633"""," ""raw_tweet"": ""Volunteer application deadline today! Are you coming to #KnowBetterDoBetter next Saturday??\n\n#wrawesome #kwawesome    https://t.co/ukobKQpFyK"""," ""processed_tweet"": "" are coming deadline kwawesome    htps to volunter wrawesome next aplication knowbeterdobeter t today co saturday \n\n ukobkqpfyk you"""," ""label"": ""pleasant""}"
"{""id"": ""5e5bca78e0c333e0518de635"""," ""raw_tweet"": ""This is disturbing"""," ""processed_tweet"": ""disturbing is this""","  ""label"": ""happy""}"
"{""id"": ""5e5bca7fe0c333e0518de637"""," ""raw_tweet"": ""RT @IamSaiDharamTej: This tweet shows your grace and super sense of humour... #respect and  #love from my motherland...thank you ????????"""," ""processed_tweet"": "" grace motherland you of this sense super your humour rt my love ???????? thank from and shows respect iamsaidharamtej twet"""," ""label"": ""excitement""}"
"{""id"": ""5e5bca80e0c333e0518de639"""," ""raw_tweet"": ""RT @monicaguizzardi: Winter day in #Sicily\nI #love #Palermo and #modello #beach\n#Welcome in #South #Italy https://t.co/uY2IeYtTCL"""," ""processed_tweet"": "" in palermo uy2ieyttcl day love italy modelo welcome htps and t co south sicily\ni rt winter beach\n monicaguizardi"""," ""label"": ""surprise""}"
"{""id"": ""5e5bca80e0c333e0518de63b"""," ""raw_tweet"": ""RT @Dolormarie: #Love #faith #hope #spirituality \n#mentalhealth #depression #MentalHealthAwareness #MentalHealthMatters #InspirationalQuote   """," ""processed_tweet"": "" love mentalhealthawarenes dolormarie depresion mentalhealth inspirationalquote    hope spirituality faith mentalhealthmaters rt \n"""," ""label"": ""pleasant""}"
"{""id"": ""5e5bca82e0c333e0518de63d"""," ""raw_tweet"": ""#Beauty #Style #Love Montale Ginger Musk Perfume 3.4 oz EDP Spray (Unisex) for Women by    https://t.co/Eld3YQoTIb"""," ""processed_tweet"": "" ginger montale by    htps oz co style 4 perfume eld3yqotib t 3 edp women spray love musk beauty unisex for""","  ""label"": ""happy""}"
"{""id"": ""5e5bca82e0c333e0518de63f"""," ""raw_tweet"": ""#Beauty #Style #Love Claude Montana Homme Toilette 75spr + Deo Stick 75+ Soap 150gr https://t.co/IHmZr68MSm"""," ""processed_tweet"": "" toilete love home htps 75 soap stick beauty style t 75spr co deo 150gr montana claude ihmzr68msm""","  ""label"": ""happy""}"
"{""id"": ""5e5bca83e0c333e0518de641"""," ""raw_tweet"": ""#Beauty #Style #Love Le Parfum Elie Saab Rose Couture Perfume 3 oz EDT Spray for Women by    https://t.co/q2FNqAOYYi"""," ""processed_tweet"": "" edt by    htps oz co style parfum perfume q2fnqaoyi t 3 le rose couture women spray love sab elie beauty for"""," ""label"": ""pleasant""}"
"{""id"": ""5e5bca83e0c333e0518de643"""," ""raw_tweet"": ""#Beauty #Style #Love Juicy Couture Royal Rose 3.4 oz Eau De Parfum Spray-NIB https://t.co/OP3HEdiXSs"""," ""processed_tweet"": "" love htps rose oz op3hedixss juicy couture beauty style nib royal 3 4 parfum spray t co eau de"""," ""label"": ""excitement""}"
"{""id"": ""5e5bca83e0c333e0518de645"""," ""raw_tweet"": ""#Beauty #Style #Love Tory Burch ABSOLU Eau de Parfum Spray 3.4 oz ~ NIB SEALED Retired https://t.co/RpNufFPWR3"""," ""processed_tweet"": "" htps oz co style nib parfum 4 rpnuffpwr3 absolu sealed t 3 eau de burch retired spray love tory beauty""","  ""label"": ""happy""}"
"{""id"": ""5e5bca84e0c333e0518de647"""," ""raw_tweet"": ""#Beauty #Style #Love Amber Mystique Perfume 3.4 oz EDP Spray (unisex) for Women by Estee    https://t.co/acIYDv2tha"""," ""processed_tweet"": "" htps oz amber co style este    4 aciydv2tha perfume unisex mystique t 3 edp women spray love beauty by for"""," ""label"": ""pleasant""}"
"{""id"": ""5e5bca87e0c333e0518de649"""," ""raw_tweet"": ""RT @MaritCollective: Volunteer application deadline today! Are you coming to #KnowBetterDoBetter next Saturday??\n\n#wrawesome #kwawesome #wa   """," ""processed_tweet"": "" are wa    coming deadline to volunter wrawesome kwawesome next aplication knowbeterdobeter today saturday \n\n rt maritcolective you"""," ""label"": ""pleasant""}"
"{""id"": ""5e5bca88e0c333e0518de64b"""," ""raw_tweet"": ""#Health #Happy #Life Oxygen Cylinder Used (Tank) With New Bag &amp; New Regulator  **Fast    https://t.co/ckNmkvzDnN"""," ""processed_tweet"": "" cknmkvzdnn cylinder with hapy oxygen bag htps fast    t co new life amp regulator  health used tank""","  ""label"": ""happy""}"
"{""id"": ""5e5bca88e0c333e0518de64d"""," ""raw_tweet"": ""#Health #Happy #Life Oxygen tube management O2Remote https://t.co/S20T0BethI"""," ""processed_tweet"": "" tube hapy oxygen htps s20t0bethi t co o2remote life management health""","  ""label"": ""happy""}"
"{""id"": ""5e5bca89e0c333e0518de64f"""," ""raw_tweet"": ""RT @5REDVELVET: [OFFICIAL] 200301 #JOY Instagram update\n\n#REDVELVET @RVsmtown\nhttps://t.co/oBe8FMi67z https://t.co/0QGasD54Xf"""," ""processed_tweet"": "" 5redvelvet update\n\n htps [oficial] 200301 instagram redvelvet rvsmtown\nhtps t co 0qgasd54xf rt obe8fmi67z joy""","  ""label"": ""happy""}"
"{""id"": ""5e5bca89e0c333e0518de651"""," ""raw_tweet"": ""#Beauty #Style #Love Gw-2004 Mirame by Wannabe Wigs Long Premium Synthetic Barbie Wig F27/4    https://t.co/DgQeypUp4X"""," ""processed_tweet"": "" htps co style 2004 barbie dgqeypup4x gw wanabe t synthetic premium long mirame love wig wigs 4    beauty f27 by"""," ""label"": ""happy""}"
"{""id"": ""5e5bca89e0c333e0518de653"""," ""raw_tweet"": ""#Beauty #Style #Love Lot of 4 Axe just soft lure conditioner 12 ounces each Mens https://t.co/hMy1N9sLz2"""," ""processed_tweet"": "" co love lot axe htps 12 beauty style t 4 conditioner just ounces soft each mens hmy1n9slz2 lure of"""," ""label"": ""pleasant""}"
"{""id"": ""5e5bca89e0c333e0518de655"""," ""raw_tweet"": ""Inhale  Exhale and Just Be. ???\nPC: @sjmet11 \n#instagood #girl #love #photoshoot #picture #lovely #blueeyes #legs    https://t.co/d36J0cvRkd"""," ""processed_tweet"": "" be htps lovely sjmet11 co photoshot girl \n just picture instagod t d36j0cvrkd legs npc exhale love and inhale  blueyes"""," ""label"": ""happy""}"
"{""id"": ""5e5bca89e0c333e0518de657"""," ""raw_tweet"": ""#Beauty #Style #Love 3X Alberto VO5 Perfect Hold Styling Gel 9 oz. All Day Control    https://t.co/qwtCAxcvk8"""," ""processed_tweet"": "" love 3x styling day alberto oz al htps qwtcaxcvk8 t beauty style perfect co gel 9 vo5 hold control   ""","  ""label"": ""happy""}"
"{""id"": ""5e5bca8ae0c333e0518de659"""," ""raw_tweet"": ""#Health #Happy #Life Massage Gun Percussion Massager Muscle Vibrating Relaxing Therapy Deep    https://t.co/Oe0kEc2BH6"""," ""processed_tweet"": "" muscle hapy percusion vibrating htps dep    masage t therapy co oe0kec2bh6 life gun relaxing health masager"""," ""label"": ""surprise""}"
"{""id"": ""5e5bca8ae0c333e0518de65b"""," ""raw_tweet"": ""#Health #Happy #Life Massage Gun Deep Tissue Percussion Muscle Massager Body Pain Relief    https://t.co/MeUUI8YWKA"""," ""processed_tweet"": "" body relief    muscle hapy percusion htps meui8ywka masage t co tisue life gun pain health masager dep"""," ""label"": ""excitement""}"
"{""id"": ""5e5bca8ae0c333e0518de65d"""," ""raw_tweet"": ""#Beauty #Style #Love T3 Twirl Trio Curling Iron with three Interchangeable Barrels https://t.co/LVkg2SPQDR"""," ""processed_tweet"": "" t3 love interchangeable trio htps iron curling barels thre t beauty style co twirl lvkg2spqdr with""","  ""label"": ""happy""}"
"{""id"": ""5e5bca8ae0c333e0518de65f"""," ""raw_tweet"": ""RT @candiiicrush: When you   re fortunate enough to have one truly good friend ... #bestfriendsforever #Friends #love https://t.co/zbrjNEc2M9"""," ""processed_tweet"": "" one friends candicrush god love to htps enough t co fortunate when you   re truly friend bestfriendsforever rt zbrjnec2m9 have""","  ""label"": ""happy""}"
"{""id"": ""5e5bca8ae0c333e0518de661"""," ""raw_tweet"": ""#Health #Happy #Life Kegal Exercised Pure Romance intuition  NIP rechargeable https://t.co/RsAfLO3BdR"""," ""processed_tweet"": "" intuition  kegal hapy htps nip pure romance rechargeable t exercised co rsaflo3bdr life health""","  ""label"": ""happy""}"
"{""id"": ""5e5bca8ae0c333e0518de663"""," ""raw_tweet"": ""#Beauty #Style #Love Lot Of 12 SHEAMOISTURE 100%VIRGIN COCONUT OIL DAILY HYDRATION    https://t.co/wbdXmAyvrq"""," ""processed_tweet"": "" virgin love lot sheamoisture htps of beauty style 12 coconut oil 100 daily t co wbdxmayvrq hydration   """," ""label"": ""surprise""}"
"{""id"": ""5e5bca8ae0c333e0518de665"""," ""raw_tweet"": ""#Health #Happy #Life TheraGun G3PRO Percussive Therapy Device Massager https://t.co/EDJFO1JmaG"""," ""processed_tweet"": "" percusive hapy htps device t therapy co theragun life g3pro edjfo1jmag health masager"""," ""label"": ""excitement""}"
"{""id"": ""5e5bca8ae0c333e0518de667"""," ""raw_tweet"": ""#Health #Happy #Life Miko Shiatsu Foot Massager With Deep-Kneading  Multi-Level Settings    https://t.co/zIS4IHMzxS"""," ""processed_tweet"": "" zis4ihmzxs setings    multi with hapy htps t co level miko life shiatsu fot health masager dep kneading","  ""label"": ""happy""}"
"{""id"": ""5e5bca8be0c333e0518de669"""," ""raw_tweet"": ""#Beauty #Style #Love Rogaine Topical Solution Hair Regrowth Extra Strength (Mens) 6 months    https://t.co/WGHYnhjyZu"""," ""processed_tweet"": "" hair love topical 6 htps months    strength t beauty style regrowth co mens extra wghynhjyzu rogaine solution"""," ""label"": ""pleasant""}"
"{""id"": ""5e5bca8be0c333e0518de66b"""," ""raw_tweet"": ""#Health #Happy #Life Massage Gun with 6 Massage Heads  Deep Tissue Percussion Muscle    https://t.co/ocI68wUMz3"""," ""processed_tweet"": "" 6 hapy percusion htps with oci68wumz3 masage muscle    t co tisue life gun heads  health dep"""," ""label"": ""pleasant""}"
"{""id"": ""5e5bca8be0c333e0518de66d"""," ""raw_tweet"": ""#Health #Happy #Life Daiwa Felicity Acu Palm Hand Massager For Parts/Repair https://t.co/GagFUaDqeV"""," ""processed_tweet"": "" for hapy felicity htps gagfuadqev repair t palm co acu life hand parts health masager daiwa""","  ""label"": ""happy""}"
"{""id"": ""5e5bca8be0c333e0518de66f"""," ""raw_tweet"": ""RT @5REDVELVET: [OFFICIAL] 200301 #JOY Instagram update\n\n#REDVELVET @RVsmtown\nhttps://t.co/hFPNKaFVOh https://t.co/TJTbYWqhS5"""," ""processed_tweet"": "" 5redvelvet update\n\n tjtbywqhs5 htps [oficial] 200301 instagram redvelvet rvsmtown\nhtps t co hfpnkafvoh rt joy""","  ""label"": ""happy""}"
"{""id"": ""5e5bca8ce0c333e0518de671"""," ""raw_tweet"": ""#Beauty #Style #Love Suwada Swada Soft Style Nipper Nail Clippers L Clamshell Curved Blade https://t.co/OjvypRF6qu"""," ""processed_tweet"": "" love nail soft htps suwada niper swada t beauty style co l ojvyprf6qu blade clamshel clipers curved"""," ""label"": ""pleasant""}"
"{""id"": ""5e5bca8ce0c333e0518de673"""," ""raw_tweet"": ""#Beauty #Style #Love Suwata Nail Clipper Classic Foot Straight Blade Stainless https://t.co/0yXZYzX6ll"""," ""processed_tweet"": "" love nail htps straight suwata stainles t beauty style cliper co blade fot clasic 0yxzyzx6l"""," ""label"": ""pleasant""}"
"{""id"": ""5e5bca8ce0c333e0518de675"""," ""raw_tweet"": ""#Beauty #Style #Love Suwada Swada Classic Nipper Nail Clippers L Style Curved / Straight    https://t.co/FZnEMiEe9P"""," ""processed_tweet"": "" love nail htps fznemiee9p suwada niper straight    swada t beauty style co l clipers clasic curved"""," ""label"": ""pleasant""}"
"{""id"": ""5e5bca8ce0c333e0518de677"""," ""raw_tweet"": ""#Health #Happy #Life AlphaViril??? by Dr Sam Robbins | Natural Testosterone Booster    https://t.co/hWGzvBv8Qy"""," ""processed_tweet"": "" hwgzvbv8qy dr robins hapy htps alphaviril??? boster    t co testosterone by life natural health sam"""," ""label"": ""excitement""}"
"{""id"": ""5e5bca8ce0c333e0518de679"""," ""raw_tweet"": ""#Beauty #Style #Love Suwada Swada Nail Cutting Classic For Foot With Storage Case https://t.co/e7YvL2VYLI"""," ""processed_tweet"": "" love nail e7yvl2vyli for with htps suwada swada storage beauty style t co cuting fot clasic case"""," ""label"": ""pleasant""}"
"{""id"": ""5e5bca8de0c333e0518de67b"""," ""raw_tweet"": ""#Health #Happy #Life High Quality Acupressure Mat for Massage - Natural Organic Cotton    https://t.co/9FstP3cC40"""," ""processed_tweet"": "" natural coton    quality 9fstp3cc40 hapy htps mat high masage organic t co life for health acupresure"""," ""label"": ""pleasant""}"
"{""id"": ""5e5bca8de0c333e0518de67d"""," ""raw_tweet"": ""#Beauty #Style #Love Suwada Swada Classic Black Nipper Nail Clippers S Style Curved Blade https://t.co/fiThzw13vH"""," ""processed_tweet"": "" love nail htps suwada niper swada t beauty style co s blade clipers clasic curved fithzw13vh black"""," ""label"": ""pleasant""}"
"{""id"": ""5e5bca8de0c333e0518de67f"""," ""raw_tweet"": ""#Beauty #Style #Love Mint Erasawa Nail File Shiny With Leather Case Tea https://t.co/r6N6mHe6Ga"""," ""processed_tweet"": "" r6n6mhe6ga love nail erasawa with htps file t beauty style co tea mint shiny leather case"""," ""label"": ""excitement""}"
"{""id"": ""5e5bca8de0c333e0518de681"""," ""raw_tweet"": ""RT @5REDVELVET: [OFFICIAL] 200301 #JOY Instagram update\n\n#REDVELVET @RVsmtown\nhttps://t.co/hFPNKaFVOh https://t.co/xTGz1FvdU1"""," ""processed_tweet"": "" 5redvelvet update\n\n htps [oficial] xtgz1fvdu1 200301 instagram redvelvet rvsmtown\nhtps t co hfpnkafvoh rt joy""","  ""label"": ""happy""}"
"{""id"": ""5e5bca8de0c333e0518de683"""," ""raw_tweet"": ""#Beauty #Style #Love Suwada Nail Clipper Black L Leather Case Set Special Order Model    https://t.co/IReTOrgvqe"""," ""processed_tweet"": "" love nail order htps model    suwada t beauty style cliper co l set special leather iretorgvqe black case"""," ""label"": ""pleasant""}"
"{""id"": ""5e5bca8ee0c333e0518de685"""," ""raw_tweet"": ""RT @ArmandPeri: HAPPY VALENTINE   S DAY ???? Love is a Choice and I choose you. And I'll choose you over and over and over. Without pause"," ""processed_tweet"": "" a happy you armandperi day without and i'l valentine   s i pause  is chose witho    love choice and rt over""","  ""label"": ""happy""}"
"{""id"": ""5e5bca8fe0c333e0518de687"""," ""raw_tweet"": ""Music In Film with @Ludonnalicious #romanerobb #robbpublishing #robbent #merchandise #media #robbentertainment #dc    https://t.co/qYZPhqEAeO"""," ""processed_tweet"": "" merchandise dc    robpublishing htps media t co film music ludonalicious robent in qyzphqeaeo with romanerob robentertainment"""," ""label"": ""excitement""}"
"{""id"": ""5e5bca90e0c333e0518de689"""," ""raw_tweet"": ""RT @5REDVELVET: [OFFICIAL] 200301 #JOY Instagram update\n\n#REDVELVET @RVsmtown\nhttps://t.co/YmtgmBHoWY https://t.co/L0KyGHkJFA"""," ""processed_tweet"": "" 5redvelvet update\n\n ymtgmbhowy htps [oficial] 200301 instagram redvelvet rvsmtown\nhtps t co l0kyghkjfa rt joy""","  ""label"": ""happy""}"
"{""id"": ""5e5bca92e0c333e0518de68b"""," ""raw_tweet"": ""#Health #Happy #Life 200 Surgical Face Masks + 5 FREE Disposable Surgical Gowns https://t.co/lFvGnU1X1C"""," ""processed_tweet"": "" 5 face hapy htps t co gowns disposable 200 surgical life lfvgnu1x1c fre health masks""","  ""label"": ""happy""}"
"{""id"": ""5e5bca92e0c333e0518de68d"""," ""raw_tweet"": ""#Health #Happy #Life Navage Nasal Irrigation Starter Bundle: Navage Nose Cleaner and 18    https://t.co/3ZNsyp5a0h"""," ""processed_tweet"": "" cleaner navage hapy starter bundle nose 18    htps and t co life irigation health 3znsyp5a0h nasal"""," ""label"": ""pleasant""}"
"{""id"": ""5e5bca92e0c333e0518de68f"""," ""raw_tweet"": ""#Health #Happy #Life 24 Pack Tom's of Maine Toothpaste Activated Charcoal Fluoride    https://t.co/TuRJcqjR3a"""," ""processed_tweet"": "" 24 fluoride    hapy pack htps tothpaste tom's turjcqjr3a t charcoal activated co maine life health of"""," ""label"": ""happy""}"
"{""id"": ""5e5bca92e0c333e0518de691"""," ""raw_tweet"": ""#Health #Happy #Life Philips Sonicare 6100 Protective Clean - Whitening Electric Toothbrush    https://t.co/PcboJSzLhW"""," ""processed_tweet"": "" electric philips clean hapy htps sonicare pcbojszlhw t whitening co protective 6100 life tothbrush    health"""," ""label"": ""excitement""}"
"{""id"": ""5e5bca92e0c333e0518de693"""," ""raw_tweet"": ""#Health #Happy #Life Philips Sonicare 9300 DiamondClean Smart Electric Toothbrush Black    https://t.co/k6fbdjpTLw"""," ""processed_tweet"": "" electric philips black    hapy htps sonicare tothbrush t co k6fbdjptlw smart life 9300 health diamondclean"""," ""label"": ""excitement""}"
"{""id"": ""5e5bca93e0c333e0518de695"""," ""raw_tweet"": ""#Health #Happy #Life Lot of 24 Tom's of Maine Toothpaste Activated Charcoal Fluoride    https://t.co/ao1UAZTq86"""," ""processed_tweet"": "" lot 24 fluoride    hapy htps tothpaste tom's t charcoal activated co maine life ao1uaztq86 health of"""," ""label"": ""happy""}"
"{""id"": ""5e5bca93e0c333e0518de697"""," ""raw_tweet"": ""RT @NotoriousDBT: #ThePornstarLeague \nWeek-20 (match 24)\n\nAshlynn Brooke (11-8-0)\nVs. \nGina Valentina (9-3-0)\n\nThank you for your #Like and """," ""processed_tweet"": "" 11 24 \n\nthank valentina you thepornstarleague broke like your 3 9 and  20 \n\nashlyn \ngina 8 \nwek 0 rt for match notoriousdbt \nvs"""," ""label"": ""happy""}"
"{""id"": ""5e5bca93e0c333e0518de699"""," ""raw_tweet"": ""Relax Time with my love ???? #love #instagood #like #follow #photooftheday #happy #instagram #photography #beautiful  https://t.co/choQBC2aV1"""," ""processed_tweet"": ""????  choqbc2av1 hapy love photography htps instagod t beautiful  photoftheday co like folow my relax time with instagram"""," ""label"": ""happy""}"
"{""id"": ""5e5bca93e0c333e0518de69b"""," ""raw_tweet"": ""Negro wut."""," ""processed_tweet"": ""wut negro"""," ""label"": ""surprise""}"
"{""id"": ""5e5bca94e0c333e0518de69d"""," ""raw_tweet"": ""#Health #Happy #Life SONICARE DIAMOND CLEAN 9300 Pink CLASSIC RECHARGEABLE TOOTHBRUSH    https://t.co/imkq118FdM"""," ""processed_tweet"": "" clasic pink hapy htps imkq118fdm 9300 t sonicare co clean tothbrush    life diamond rechargeable health"""," ""label"": ""pleasant""}"
"{""id"": ""5e5bca97e0c333e0518de69f"""," ""raw_tweet"": ""I love lazy Sunday morning snuggles. #sundayvibes #sundaylove #sunday #queensasha #dogsofinstagram #dogoftheday    https://t.co/vfeLA5AzaW"""," ""processed_tweet"": "" sundayvibes snugles i dogoftheday    love htps quensasha morning t co dogsofinstagram lazy vfela5azaw sunday sundaylove sunday"""," ""label"": ""surprise""}"
"{""id"": ""5e5bca97e0c333e0518de6a1"""," ""raw_tweet"": ""#Beauty #Style #Love Kiss My Face  Fragrance Free Moisture Shave  11 Fl Oz https://t.co/rLJmYDCObS"""," ""processed_tweet"": "" 11 love face  htps rljmydcobs kis my beauty style fl shave  oz t co fre moisture fragrance"""," ""label"": ""happy""}"
"{""id"": ""5e5bca97e0c333e0518de6a3"""," ""raw_tweet"": ""RT @ConTravelAddict: Wedding of dreams ???????????????? \n\n#blackstockcountryestate \n#wedding #bride #love #weddingdress #weddingday #weddingphotography   """," ""processed_tweet"": "" bride dreams love blackstockcountryestate wedingday contraveladict ???????????????? weding \n\n wedingphotography    rt \n weding wedingdres of"""," ""label"": ""excitement""}"
"{""id"": ""5e5bca97e0c333e0518de6a5"""," ""raw_tweet"": ""#Beauty #Style #Love Panasonic ES-CST2Q-R LAMDASH 3 Blades Shaver Red Japan Domestic    https://t.co/qw0aFtj11s"""," ""processed_tweet"": "" love domestic    shaver es htps qw0aftj11s blades t beauty style r red lamdash 3 japan co panasonic cst2q"""," ""label"": ""surprise""}"
"{""id"": ""5e5bca97e0c333e0518de6a7"""," ""raw_tweet"": ""#Beauty #Style #Love Philips Norelco Shaver 5300 Wet/Dry Electric Shaver MultiFlex heads    https://t.co/6jDrtkzcNV"""," ""processed_tweet"": "" love electric philips multiflex shaver heads    htps dry t beauty style co 5300 6jdrtkzcnv norelco wet"""," ""label"": ""excitement""}"
"{""id"": ""5e5bca98e0c333e0518de6a9"""," ""raw_tweet"": ""#Beauty #Style #Love Five Edge Razor Manual Men Set Shaving Brush Stand Holder Bowl Soap    https://t.co/1GAx39Lx9u"""," ""processed_tweet"": "" co love men stand htps 1gax39lx9u edge beauty style razor manual five set shaving brush soap    holder t bowl"""," ""label"": ""pleasant""}"
"{""id"": ""5e5bca98e0c333e0518de6ab"""," ""raw_tweet"": ""#Beauty #Style #Love Men   s 5-in-1 Electric Shaver Grooming Kit by AsaVea: Five-Headed Beard    https://t.co/cefZsiQlNA"""," ""processed_tweet"": "" in headed htps co style beard    groming electric 1 t asavea men   s cefzsiqlna shaver five love 5 kit beauty by"""," ""label"": ""surprise""}"
"{""id"": ""5e5bca98e0c333e0518de6ad"""," ""raw_tweet"": ""#Beauty #Style #Love Dove Men Care Expert Shave Cream 200 ml 6.7 oz SEALED smooth razor    https://t.co/4yiD2TdxEx"""," ""processed_tweet"": "" htps oz co style razor    care ml sealed men 7 t shave 200 dove 6 smoth love expert 4yid2tdxex cream beauty"""," ""label"": ""excitement""}"
"{""id"": ""5e5bca98e0c333e0518de6af"""," ""raw_tweet"": ""RT @IamSaiDharamTej: This tweet shows your grace and super sense of humour... #respect and  #love from my motherland...thank you ????????"""," ""processed_tweet"": "" grace motherland you of this sense super your humour rt my love ???????? thank from and shows respect iamsaidharamtej twet"""," ""label"": ""excitement""}"
"{""id"": ""5e5bca98e0c333e0518de6b1"""," ""raw_tweet"": ""#Beauty #Style #Love Vintage Oster Model 6560 Series A Vintage Hair Clippers+2 trimcomb    https://t.co/39Uk1xbGRB"""," ""processed_tweet"": "" hair love htps vintage 6560 model 39uk1xbgrb t beauty style co a series 2 trimcomb    clipers oster"""," ""label"": ""pleasant""}"
"{""id"": ""5e5bca98e0c333e0518de6b3"""," ""raw_tweet"": ""#Beauty #Style #Love Soltron Seashell 32 Lamp 120 Watt Tanning Bed Salon https://t.co/zUxuJROP4x"""," ""processed_tweet"": "" 32 love 120 htps soltron salon t beauty style seashel taning co lamp zuxujrop4x wat bed""","  ""label"": ""happy""}"
"{""id"": ""5e5bca98e0c333e0518de6b5"""," ""raw_tweet"": ""#Beauty #Style #Love Braun Series 7 790cc-7 Clean &amp; Charge System Rechargeable Men's    https://t.co/Yl3Iq6Pt5p"""," ""processed_tweet"": "" love 790c clean yl3iq6pt5p system htps 7 braun beauty style men's    rechargeable t co series amp charge"""," ""label"": ""pleasant""}"
"{""id"": ""5e5bca99e0c333e0518de6b7"""," ""raw_tweet"": ""#Beauty #Style #Love Ergoline Ambition 200 Red Commercial Tanning Bed Salon 4 Available https://t.co/SkSRJYoaW8"""," ""processed_tweet"": "" love sksrjyoaw8 ergoline htps salon t beauty style ambition red 200 comercial taning 4 available co bed"""," ""label"": ""surprise""}"
"{""id"": ""5e5bca99e0c333e0518de6b9"""," ""raw_tweet"": ""#Beauty #Style #Love Sportarredo N   Joy High Pressure Tanning Bed Salon https://t.co/4UXwoBHk3a"""," ""processed_tweet"": "" love n   joy htps salon high beauty style t taning sportaredo co 4uxwobhk3a presure bed""","  ""label"": ""happy""}"
"{""id"": ""5e5bca99e0c333e0518de6bb"""," ""raw_tweet"": ""#Beauty #Style #Love Sportarredo N   Joy High Pressure Tanning Bed Salon https://t.co/4UXwoBHk3a"""," ""processed_tweet"": "" love n   joy htps salon high beauty style t taning sportaredo co 4uxwobhk3a presure bed""","  ""label"": ""happy""}"
"{""id"": ""5e5bca99e0c333e0518de6bd"""," ""raw_tweet"": ""#Beauty #Style #Love Ergoline Soltron Kiss Tanning Bed Booth 32 Lamps 100watt Nice Beds 2    https://t.co/w5MlIxlrek"""," ""processed_tweet"": "" 32 love 2    ergoline htps soltron kis lamps beauty style t taning co nice beds w5mlixlrek both 100wat bed""","  ""label"": ""happy""}"
"{""id"": ""5e5bca9de0c333e0518de6bf"""," ""raw_tweet"": ""#Health #Happy #Life Vera Wang Redolent Black 52 x 16 135 mm Eyeglass Frame with Case https://t.co/OqZhRYOgmG"""," ""processed_tweet"": "" 52 frame hapy htps co life health vera wang t oqzhryogmg with black case redolent 16 eyeglas x 135 m""","  ""label"": ""happy""}"
"{""id"": ""5e5bca9de0c333e0518de6c1"""," ""raw_tweet"": ""#Health #Happy #Life Vera Wang Marinda Purple 51 x 17 130 mm Eyeglass Frame with Case https://t.co/lZQThbfqc8"""," ""processed_tweet"": "" frame hapy purple htps lzqthbfqc8 co life health vera wang t 130 17 with case 51 eyeglas x marinda m""","  ""label"": ""happy""}"
"{""id"": ""5e5bca9de0c333e0518de6c3"""," ""raw_tweet"": ""#Health #Happy #Life New Men's Half Rim Myopia Nearsighted Glasses Anti-Radiation Lens -0    https://t.co/hcCVhwD8tc"""," ""processed_tweet"": "" rim hapy glases htps men's half t myopia co nearsighted radiation new life hccvhwd8tc 0    health lens anti""","  ""label"": ""happy""}"
"{""id"": ""5e5bca9de0c333e0518de6c5"""," ""raw_tweet"": ""#Health #Happy #Life Persol PO3228S Sunglasses https://t.co/FpqFGjHonZ"""," ""processed_tweet"": "" po3228s persol hapy htps t co fpqfgjhonz life sunglases health""","  ""label"": ""happy""}"
"{""id"": ""5e5bca9ee0c333e0518de6c7"""," ""raw_tweet"": ""#Health #Happy #Life Vera Wang Ara Black 50 x 17 135 mm Eyeglass Frame with Case &amp; Cleaning    https://t.co/fZzY9Q0k4j"""," ""processed_tweet"": "" frame hapy htps co fzzy9q0k4j life 50 health vera wang t ara cleaning    17 x with black case eyeglas amp 135 m""","  ""label"": ""happy""}"
"{""id"": ""5e5bca9ee0c333e0518de6c9"""," ""raw_tweet"": ""#Health #Happy #Life Dolce &amp; gabbana Vintage Eyeglasses Frames Dg 658 Super Discounted https://t.co/AujbQgBKRV"""," ""processed_tweet"": "" frames aujbqgbkrv super hapy gabana htps vintage t discounted co dg life eyeglases dolce amp health 658""","  ""label"": ""happy""}"
"{""id"": ""5e5bca9ee0c333e0518de6cb"""," ""raw_tweet"": ""#Health #Happy #Life Sporty Glasses Glasses Frame Horn Optics Plastic Pilotform Men's Size M https://t.co/YocPBEI3P3"""," ""processed_tweet"": "" pilotform frame hapy glases size men's m htps t co plastic optics life yocpbei3p3 sporty health horn""","  ""label"": ""happy""}"
"{""id"": ""5e5bca9fe0c333e0518de6cd"""," ""raw_tweet"": ""#Health #Happy #Life Thorne Research - R-Lipoic Acid - Alpha-Lipoic Acid (ALA) for    https://t.co/xxAmnCaUH8"""," ""processed_tweet"": "" lipoic alpha ala thorne hapy for    htps acid t r co research life xamncauh8 health""","  ""label"": ""happy""}"
"{""id"": ""5e5bca9fe0c333e0518de6cf"""," ""raw_tweet"": ""#Health #Happy #Life Dolce &amp; gabbana Vintage Eyeglasses Frames Dg 658 Super Discounted https://t.co/AujbQgBKRV"""," ""processed_tweet"": "" frames aujbqgbkrv super hapy gabana htps vintage t discounted co dg life eyeglases dolce amp health 658""","  ""label"": ""happy""}"
"{""id"": ""5e5bca9fe0c333e0518de6d1"""," ""raw_tweet"": ""#Health #Happy #Life Thorne Research - Omega Superb (Lemon Berry) - Easy Dosing Fish Oil    https://t.co/3q3epl0pSC"""," ""processed_tweet"": "" omega easy bery thorne hapy htps dosing superb lemon oil    t co research 3q3epl0psc life health fish""","  ""label"": ""happy""}"
"{""id"": ""5e5bcaa0e0c333e0518de6d3"""," ""raw_tweet"": ""#Health #Happy #Life Thorne Research - Q-Best 100 - Patented Crystal-Free CoQ10 Supplement    https://t.co/C5447nHRR6"""," ""processed_tweet"": "" crystal q thorne hapy htps patented t co suplement    research 100 life coq10 c5447nhr6 fre health best""","  ""label"": ""happy""}"
"{""id"": ""5e5bcaa0e0c333e0518de6d5"""," ""raw_tweet"": ""#Health #Happy #Life You Are The Winner!!! NIB 30 Day Supply https://t.co/0xOlj8oSj6"""," ""processed_tweet"": "" are hapy day the htps t co nib 30 suply life winer health 0xolj8osj6 you"""," ""label"": ""pleasant""}"
"{""id"": ""5e5bcaa0e0c333e0518de6d7"""," ""raw_tweet"": ""#Health #Happy #Life Dolce &amp; gabbana Vintage Eyeglasses Frames Dg 658 Super Discounted https://t.co/AujbQgBKRV"""," ""processed_tweet"": "" frames aujbqgbkrv super hapy gabana htps vintage t discounted co dg life eyeglases dolce amp health 658""","  ""label"": ""happy""}"
"{""id"": ""5e5bcaa0e0c333e0518de6d9"""," ""raw_tweet"": ""#Health #Happy #Life Sporty Glasses Glasses Frame Horn Optics Plastic Pilotform Men's Size M https://t.co/YocPBEI3P3"""," ""processed_tweet"": "" pilotform frame hapy glases size men's m htps t co plastic optics life yocpbei3p3 sporty health horn""","  ""label"": ""happy""}"
"{""id"": ""5e5bcaa0e0c333e0518de6db"""," ""raw_tweet"": ""#Health #Happy #Life Thorne Research - R-Lipoic Acid - Alpha-Lipoic Acid (ALA) for    https://t.co/xxAmnCaUH8"""," ""processed_tweet"": "" lipoic alpha ala thorne hapy for    htps acid t r co research life xamncauh8 health""","  ""label"": ""happy""}"
"{""id"": ""5e5bcaa1e0c333e0518de6dd"""," ""raw_tweet"": ""#Health #Happy #Life Dolce &amp; gabbana Vintage Eyeglasses Frames Dg 658 Super Discounted https://t.co/AujbQgBKRV"""," ""processed_tweet"": "" frames aujbqgbkrv super hapy gabana htps vintage t discounted co dg life eyeglases dolce amp health 658""","  ""label"": ""happy""}"
"{""id"": ""5e5bcaa1e0c333e0518de6df"""," ""raw_tweet"": ""#Health #Happy #Life Thorne Research - Omega Superb (Lemon Berry) - Easy Dosing Fish Oil    https://t.co/3q3epl0pSC"""," ""processed_tweet"": "" omega easy bery thorne hapy htps dosing superb lemon oil    t co research 3q3epl0psc life health fish""","  ""label"": ""happy""}"
"{""id"": ""5e5bcaa2e0c333e0518de6e1"""," ""raw_tweet"": ""Our Project IK201 is nude but royal. Why have you not called us?\n.\n.\n\n#new #happy #instagram  #spacemenders    https://t.co/IvrLJWyQkP"""," ""processed_tweet"": "" htps royal co \n\n ivrljwyqkp you \n caled project but t hapy why spacemenders    is have us new nude ik201 not our instagram"""," ""label"": ""excitement""}"
"{""id"": ""5e5bcaa3e0c333e0518de6e3"""," ""raw_tweet"": ""RT @ArtisticParley: Sizzling Hot Iggy Azalea \""Change Your Life fte. TI\"" #MusicVideo #DianaMarySharpton #ImGoing #2ChgUrLife #Love https://t   """," ""processed_tweet"": "" musicvideo love htps 2chgurlife fte ti your artisticparley igy change sizling life rt azalea t    imgoing dianamarysharpton hot""","  ""label"": ""happy""}"
"{""id"": ""5e5bcaa9e0c333e0518de6e5"""," ""raw_tweet"": ""RT @ArtisticParley: Happy Valentines Day #dititalart #florals #valentines_day #love #DianaMarySharpton #fineartamerica #fineart #fineartfor   """," ""processed_tweet"": "" dianamarysharpton day valentines hapy day love fineartfor    florals valentines artisticparley fineartamerica rt fineart dititalart""","  ""label"": ""happy""}"
"{""id"": ""5e5bcab0e0c333e0518de6e7"""," ""raw_tweet"": ""REQUEST FOR PROJECT MATERIALS ND HND BSC PGD MSC\nRequest Project topic Materials at https://t.co/QqiSC9lRf8\n#Education #love #Nigeria #Res"""," ""processed_tweet"": "" htps for co project qqisc9lrf8\n nd project t bsc materials nigeria res at materials hnd pgd msc\nrequest love education request topic""","  ""label"": ""happy""}"
"{""id"": ""5e5bcab2e0c333e0518de6e9"""," ""raw_tweet"": ""RT @nulinat: nigga ew"""," ""processed_tweet"": "" niga rt ew nulinat""","  ""label"": ""happy""}"
"{""id"": ""5e5bcab3e0c333e0518de6eb"""," ""raw_tweet"": ""suinn mention manager joy on his interview?????? tbh watching ht make me feels like watching another kdrama about baske    https://t.co/RgqNAKQl6a"""," ""processed_tweet"": "" kdrama another htps baske    co like me ht t about tbh watching fels on interview?????? make rgqnakql6a joy mention his manager suin""","  ""label"": ""happy""}"
"{""id"": ""5e5bcab4e0c333e0518de6ed"""," ""raw_tweet"": ""RT @illucandy: ???? Art Share ????\n\nI got so much support from you all I wanna give back! So let's make an artshare ?????? I want to see all your lov   """," ""processed_tweet"": "" let's you al an ????\n\ni ???? got so your ?????? art artshare much so share i se give ilucandy want lov    back make wana to from suport rt""","  ""label"": ""happy""}"
"{""id"": ""5e5bcab6e0c333e0518de6ef"""," ""raw_tweet"": ""After work selfie...just saying ????????#mtlmoments #instabeard #instascruff  #spacetimecontinuum #bigoterococo    https://t.co/Ho7wqeMynQ"""," ""processed_tweet"": "" mtlmoments ho7wqemynq htps work bigoterococo    instabeard selfie instascruf t co after saying just spacetimecontinum ????????"""," ""label"": ""excitement""}"
"{""id"": ""5e5bcabae0c333e0518de6f1"""," ""raw_tweet"": ""Music In Film with @Ludonnalicious #romanerobb #robbpublishing #robbent #merchandise #media #robbentertainment #dc    https://t.co/OIt5avGz38"""," ""processed_tweet"": "" merchandise dc    robpublishing htps media t co film music ludonalicious robent in oit5avgz38 with romanerob robentertainment"""," ""label"": ""excitement""}"
"{""id"": ""5e5bcabbe0c333e0518de6f3"""," ""raw_tweet"": ""RT @jgmacleodauthor: Brigid MacDonald spends her days working in a coffee shop &amp; avoiding men at bars  until 1 day she finds herself in a #   """," ""processed_tweet"": "" in days a herself     working her until day 1 avoiding shop she at rt bars  cofe finds spends brigid macdonald jgmacleodauthor amp men""","  ""label"": ""happy""}"
"{""id"": ""5e5bcabfe0c333e0518de6f5"""," ""raw_tweet"": ""3 radio interviews in 5 days has been a bit of a record for me :-) . I plan to take it easy for the rest of the wee    https://t.co/eOEDQ0rvsi"""," ""processed_tweet"": ""a in days  htps rest ben co the of radio me eoedq0rvsi bit t 3 we    i easy record interviews take has 5 to plan for it"""," ""label"": ""pleasant""}"
"{""id"": ""5e5bcabfe0c333e0518de6f7"""," ""raw_tweet"": ""#Now playing on @Glams_Radio : #Intergalactic Plastic by #Luttrell! Tune in now and enjoy sound of #DeepHouse #Love #Music"""," ""processed_tweet"": "" glams in lutrel playing love tune sound on and enjoy plastic dephouse by music intergalactic radio of now now"""," ""label"": ""pleasant""}"
"{""id"": ""5e5bcac7e0c333e0518de6f9"""," ""raw_tweet"": ""RT @Ghanasfinestx: This is weird sorry"""," ""processed_tweet"": "" ghanasfinestx sory weird is rt this"""," ""label"": ""pleasant""}"
"{""id"": ""5e5bcac9e0c333e0518de6fb"""," ""raw_tweet"": ""#beautiful #love Casual Pleated Drawstring Pants https://t.co/o5d6Z3lEBn"""," ""processed_tweet"": "" beautiful casual drawstring love pants htps t co pleated o5d6z3lebn"""," ""label"": ""pleasant""}"
"{""id"": ""5e5bcacde0c333e0518de6fd"""," ""raw_tweet"": ""RT @judehaste_write: #PREVIEW 5* Comedy Romance that crosses cultural barriers... https://t.co/EOtwIHCXWg @judehaste_write #indieauthors #i   """," ""processed_tweet"": "" indieauthors that 5 preview htps i    comedy write romance cultural t co eotwihcxwg judehaste croses rt bariers""","  ""label"": ""happy""}"
"{""id"": ""5e5bcad1e0c333e0518de6ff"""," ""raw_tweet"": ""RT @thegreatdagmaru: ??????Searching for your next favorite Paranormal Romance author?\n \nYour selection of free stories is here.\nClick ????????????\nhttp   """," ""processed_tweet"": "" \nclick of \n \nyour author paranormal here next your selection favorite thegreatdagmaru is ????????????\nhtp    stories romance ??????searching fre rt for""","  ""label"": ""happy""}"
"{""id"": ""5e5bcad2e0c333e0518de701"""," ""raw_tweet"": ""RT @ArmandPeri: HAPPY VALENTINE   S DAY ???? Love is a Choice and I choose you. And I'll choose you over and over and over. Without pause"," ""processed_tweet"": "" a hapy ???? you armandperi day without and i'l valentine   s i pause  is chose witho    love choice and rt over"""," ""label"": ""pleasant""}"
