"{""id"": ""5e5c1172e0c333e0518de7c9"""," ""raw_tweet"": ""RT @heavenskincare: I ve retweeted this from one of our #contestants. But this is the last chance to #win #goldbeevenommask #wingold"""," ""processed_tweet"": "" this one goldbevenomask our to wingold from last the heavenskincare win i ve but is rt contestants retweted of chance"""," ""label"": ""surprise""}"
"{""id"": ""5e5c117be0c333e0518de7cb"""," ""raw_tweet"": ""RT @XfightVidsX: Dude just runs in and knocks him out cold ???? ???? #fights #schoolfights #highschoolfights #streetfights #knockout #like #comme """," ""processed_tweet"": "" in cold highscholfights like fights dude him stretfights xfightvidsx runs come  knockout scholfights and  knocks just rt out"""," ""label"": ""surprise""}"
"{""id"": ""5e5c117ce0c333e0518de7cd"""," ""raw_tweet"": ""@balajis @pulte https://t.co/bWBbZThCdt\n\nwhat about this\n\nwho ever retweets has chance of winning $100 when it hits 1k :)"""," ""processed_tweet"": ""balajis  has hits htps this\n\nwho when wining bwbbzthcdt\n\nwhat t co it about ever 100 1k retwets of pulte chance"""," ""label"": ""pleasant""}"
"{""id"": ""5e5c1182e0c333e0518de7cf"""," ""raw_tweet"": ""GOODMORNING guys. This one is late cause we hit the ground running today. I hope you guys are having an awesome day  https://t.co/YrNWg4jETJ"""," ""processed_tweet"": "" are htps having co the hit you this an godmorning guys yrnwg4jetj t we awesome day  i hope is late one runing cause today ground"""," ""label"": ""pleasant""}"
"{""id"": ""5e5c118ae0c333e0518de7d1"""," ""raw_tweet"": ""RT @StyleStudioUK: Want to #win a beautiful bouquet of flowers for your mum? Simply follow us on social media and like this post.  For extr """," ""processed_tweet"": "" a beautiful want this extr  like simply of flowers your bouquet mum for media on folow win post us stylestudiouk to social and rt for"""," ""label"": ""pleasant""}"
"{""id"": ""5e5c1193e0c333e0518de7d3"""," ""raw_tweet"": ""Thank God it's Sunday and am in bed Eeeeehhhhhh what a long day it has been guys  well got to go peace ??? am out.  https://t.co/nPsJPDVOQw"""," ""processed_tweet"": ""a in  am htps ben co long   npsjpdvoqw what day guys  go got t sunday bed god ??? peace has it's to and thank eeh out wel it"""," ""label"": ""pleasant""}"
"{""id"": ""5e5c1199e0c333e0518de7d5"""," ""raw_tweet"": ""Hi Cynthia please take good care of yourself ok? ?? ???"""," ""processed_tweet"": ""yourself  cynthia god please ok take hi of care"""," ""label"": ""surprise""}"
"{""id"": ""5e5c119de0c333e0518de7d7"""," ""raw_tweet"": ""@godfrienddme @kenyahagihara https://t.co/bWBbZThCdt\n\nwhat about this\n\nwho ever retweets has chance of winning $100 when it hits 1k :)"""," ""processed_tweet"": "" godfriendme has hits htps kenyahagihara this\n\nwho when wining bwbbzthcdt\n\nwhat t co about ever 100 1k retwets of it chance"""," ""label"": ""angry""}"
"{""id"": ""5e5c11a4e0c333e0518de7d9"""," ""raw_tweet"": ""@TomDPeabody1 https://t.co/bWBbZThCdt\n\nwhat about this\n\nwho ever retweets has chance of winning $100 when it hits 1k :)"""," ""processed_tweet"": "" has hits htps this\n\nwho when wining bwbbzthcdt\n\nwhat t co tomdpeabody1 about ever 100 1k retwets of it chance"""," ""label"": ""pleasant""}"
"{""id"": ""5e5c11afe0c333e0518de7db"""," ""raw_tweet"": ""RT @ReadyHarris: The 4??????1??????1?????? from @hcphtx and @HoustonHealth \n#Trusted sources."""," ""processed_tweet"": "" the trusted from hcphtx and readyharis houstonhealth rt 4??????1??????1?????? sources \n"""," ""label"": ""excitement""}"
"{""id"": ""5e5c11bbe0c333e0518de7dd"""," ""raw_tweet"": ""It's : 2020-03-01T19:49:08.8184420Z \n\n#tuesdaymotivation #funny #pets #followme #f4f #c4c #shout #love #me #cute  https://t.co/Vo3TDrV06Z"""," ""processed_tweet"": "" folowme htps 08 c4c 01t19 co pets shout cute  2020 \n\n me t tuesdaymotivation vo3tdrv06z funy love 49 8184420z 03 f4f it's"""," ""label"": ""angry""}"
"{""id"": ""5e5c11c9e0c333e0518de7df"""," ""raw_tweet"": ""RT @TTurbo8: Need someone to deepthroat this big black dick #BBC #Hung #TS #TsLover #BigDick #RT #Like ???????? https://t.co/G3Kn8rc3Sp"""," ""processed_tweet"": "" this someone htps co turbo8 hung ned black bc ???????? t bigdick big depthroat g3kn8rc3sp tslover to ts rt like dick"""," ""label"": ""surprise""}"
"{""id"": ""5e5c11d8e0c333e0518de7e1"""," ""raw_tweet"": ""What type of F***k \n1. Sex\n2. Pity\n3. Love \n4. Drunk\n5. F***k \n6. Breakup\n7. Makeup\n \n#RETWEEET #Like #reply  https://t.co/tDTnbdJReE"""," ""processed_tweet"": "" htps \n4 co f \n of reply  makeup\n pity\n3 t drunk\n5 sex\n2 retwet breakup\n7 tdtnbdjree love \n6 what k type \n1 like"""," ""label"": ""angry""}"
"{""id"": ""5e5c11e0e0c333e0518de7e3"""," ""raw_tweet"": ""Happy new month wonderful people.....\n\nMore blessings!\nMore breakthroughs!!\nMore success stories!!!\n\nJust believe..  https://t.co/iK3aIo9S8p"""," ""processed_tweet"": "" believe people new hapy stories breakthroughs \nmore htps month \n\nmore t co ik3aio9s8p wonderful   \n\njust suces blesings"""," ""label"": ""surprise""}"
"{""id"": ""5e5c11e4e0c333e0518de7e5"""," ""raw_tweet"": ""Your potential is endless. \n#inspiration #inspire #motivation #life #passion #happiness #success  https://t.co/SiAILDsxcc"""," ""processed_tweet"": "" potential htps suces  your siaildsxc t inspire co inspiration is pasion hapines life endles \n motivation"""," ""label"": ""surprise""}"
"{""id"": ""5e5c11eae0c333e0518de7e7"""," ""raw_tweet"": ""Thank God it's Sunday and am in bed Eeeeehhhhhh what a long day it has been guys  well got to go peace ??? am out.  https://t.co/nPsJPDVOQw"""," ""processed_tweet"": ""a in  am htps ben co long   npsjpdvoqw what day guys  go got t sunday bed god ??? peace has it's to and thank eeh out wel it"""," ""label"": ""pleasant""}"
"{""id"": ""5e5c11fde0c333e0518de7e9"""," ""raw_tweet"": ""RT @GHarrisG: Our 3rd prize draw of #2020 starts today. Win any framed image of glorious #Scotland on 31st March from our portfolio https:/ """," ""processed_tweet"": "" prize framed htps portfolio draw gharisg scotland 3rd   2020 of our any glorious march image win on 31st from today our rt starts"""," ""label"": ""excitement""}"
"{""id"": ""5e5c11fee0c333e0518de7eb"""," ""raw_tweet"": ""RT @dfvmousknowbody: Started Murdering This Ni66a ???????USY ????????Cuz That s What I Do ???????est ???????ro  \nWHOS NEXT TOO GET THIS YUNG BLACK MUSTY HOOD DI """," ""processed_tweet"": "" cuzusy next started hod dfvmousknowbody this to this ni66a do that s di  i ???????ro get musty what yung ???????est murdering \nwhos rt black"""," ""label"": ""surprise""}"
"{""id"": ""5e5c1213e0c333e0518de7ed"""," ""raw_tweet"": ""RT @EsquivelIvette: Had to put this pistol to work ???? #CoD #ModernWarfare #Gunfight #xbox #pc #like #share #gamergirl https://t.co/UwvyWyDqwh"""," ""processed_tweet"": "" this xbox htps co like gunfight t esquivelivete modernwarfare uwvywydqwh cod work had ???? share pc to put gamergirl rt pistol"""," ""label"": ""surprise""}"
"{""id"": ""5e5c122ae0c333e0518de7ef"""," ""raw_tweet"": ""YAYOMG! Shimmering Star to spotlight!  So excited for our Shimmering Star for March is triple-threat @iamerinreese  https://t.co/shoZp4oOC3"""," ""processed_tweet"": "" excited threat spotlight our to triple htps iamerinrese  shozp4ooc3 yayomg t shimering co march is for star so"""," ""label"": ""surprise""}"
"{""id"": ""5e5c1248e0c333e0518de7f1"""," ""raw_tweet"": ""Thank God it's Sunday and am in bed Eeeeehhhhhh what a long day it has been guys  well got to go peace ??? am out.  https://t.co/nPsJPDVOQw"""," ""processed_tweet"": ""a in  am htps ben co long   npsjpdvoqw what day guys  go got t sunday bed god ??? peace has it's to and thank eeh out wel it"""," ""label"": ""pleasant""}"
"{""id"": ""5e5c1255e0c333e0518de7f3"""," ""raw_tweet"": ""RT @NotoriousDBT: #ThePornstarLeague \nWeek-20 (match 20)\n\nPayton Preslee (5-10-0)\nVs. \nMegan Rain (14-4-0)\n\nThank you for your #Like and #R """," ""processed_tweet"": "" presle \n\nthank 4 you thepornstarleague like 14 your 20 \n\npayton \nmegan 10 r  5 rain and \nwek 0 rt for match notoriousdbt \nvs"""," ""label"": ""excitement""}"
"{""id"": ""5e5c1256e0c333e0518de7f5"""," ""raw_tweet"": ""RT @exposeasissy: Are YOU a C-O-C-K-S-U-C-K-E-R?\n#LIKE \n#SHARE\n#RETWEEET\n\n#EXPOSEASISSY.COM \n#Sissy #Exposure #Exposed\n\nONE ?????? winner PICKE """," ""processed_tweet"": "" a share\n like winer picke  exposure s retwet\n\n exposeasisy \n ?????? exposed\n\none o you sisy e u k exposeasisy c are r rt com"""," ""label"": ""pleasant""}"
"{""id"": ""5e5c1258e0c333e0518de7f7"""," ""raw_tweet"": ""@pulte https://t.co/bWBbZThCdt\n\nwhat about this\n\nwho ever retweets has chance of winning $100 when it hits 1k :)"""," ""processed_tweet"": "" has hits htps this\n\nwho when wining bwbbzthcdt\n\nwhat t co it about ever 100 1k retwets of pulte chance"""," ""label"": ""pleasant""}"
"{""id"": ""5e5c125ce0c333e0518de7f9"""," ""raw_tweet"": ""Philadelphia ????\n\nFlyers win 5-3 \n\n1-1 on the day \n\n#flyers #freepicks #handicapper #sportsbettingadvice  https://t.co/K5o2E8V1Tm"""," ""processed_tweet"": "" ????\n\nflyers handicaper 5 day htps philadelphia 1 on t co the k5o2e8v1tm 3 win \n\n1 \n\n frepicks sportsbetingadvice  flyers"""," ""label"": ""angry""}"
"{""id"": ""5e5c1268e0c333e0518de7fb"""," ""raw_tweet"": ""Thank God it's Sunday and am in bed Eeeeehhhhhh what a long day it has been guys  well got to go peace ??? am out.  https://t.co/nPsJPDVOQw"""," ""processed_tweet"": ""a in  am htps ben co long   npsjpdvoqw what day guys  go got t sunday bed god ??? peace has it's to and thank eeh out wel it"""," ""label"": ""pleasant""}"
"{""id"": ""5e5c1272e0c333e0518de7fd"""," ""raw_tweet"": ""RT @EnjoyNature: Ocean and lighthouse at sunrise\n\n#photo #nature #cool #pictures #positivity #traveling https://t.co/oAztjUYist"""," ""processed_tweet"": "" photo nature oaztjuyist sunrise\n\n htps lighthouse col at positivity and traveling t co ocean rt enjoynature pictures"""," ""label"": ""pleasant""}"
"{""id"": ""5e5c128ee0c333e0518de7ff"""," ""raw_tweet"": ""RT @selfimprovment: The Universe Has Your Back... Miracle Stories - https://t.co/NkSfzEzKR0 #success #mindset #life #mind #awareness #selfg """," ""processed_tweet"": "" awarenes nksfzezkr0 htps mindset the your mind t co selfimprovment life suces has rt back miracle universe selfg  stories"""," ""label"": ""pleasant""}"
"{""id"": ""5e5c12a7e0c333e0518de801"""," ""raw_tweet"": ""RT @SixStringSurfer: Listen to #like #share #RT #rt #MercedesBenz #mercedesbenzdaslied #rock #music #german by #SixStringSurfer on #Spotify """," ""processed_tweet"": "" rock mercedesbenz music to spotify  rt on like mercedesbenzdaslied by rt german sixstringsurfer listen share"""," ""label"": ""excitement""}"
"{""id"": ""5e5c12b0e0c333e0518de803"""," ""raw_tweet"": ""RT @Barbie_K3n_Doll: #RawFreaks????? 2019\n(Dance Kid Ja + Marii Millz + Dre Dre) #MustSee?? #Alert????????\n\""DAAAAAAAMN!!!\"" #DanceKidJa????\nGAVE #MariiMi """," ""processed_tweet"": "" kid dre dancekidja????\ngave mustse?? rawfreaks????? k3n milz barbie ja damn mari dol 2019\n marimi  rt dance alert????????\n"""," ""label"": ""surprise""}"
"{""id"": ""5e5c12c1e0c333e0518de805"""," ""raw_tweet"": ""Need all them sexy young little thotties to bang my jack pronto no cap I get to beating like I m mike #meme #memes  https://t.co/DaNjw5rGhb"""," ""processed_tweet"": ""i m  htps co litle like ned jack pronto al t meme young mike sexy beating no bang cap i get memes  them my to danjw5rghb thoties"""," ""label"": ""surprise""}"
"{""id"": ""5e5c12cae0c333e0518de807"""," ""raw_tweet"": ""Thank God it's Sunday and am in bed Eeeeehhhhhh what a long day it has been guys  well got to go peace ??? am out.  https://t.co/nPsJPDVOQw"""," ""processed_tweet"": ""a in  am htps ben co long   npsjpdvoqw what day guys  go got t sunday bed god ??? peace has it's to and thank eeh out wel it"""," ""label"": ""pleasant""}"
"{""id"": ""5e5c12cde0c333e0518de809"""," ""raw_tweet"": ""RT @roylmurry425: RT #Like #subscribe Mystery Authors  Reads I enjoy @waynezurl &gt;@cbmysteries (Cindy Blackburn) and Nancy Skopin. Intro to """," ""processed_tweet"": "" roylmury425 i blackburn subscribe gt reads cbmysteries enjoy waynezurl and intro to  skopin authors  rt cindy nancy like mystery"""," ""label"": ""excitement""}"
"{""id"": ""5e5c12cfe0c333e0518de80b"""," ""raw_tweet"": ""RT @WhitneyHugel: How about 20 retweets to get the UNCENSORED version ???? \nOr you could hop over to https://t.co/rYyxsgLY6L to see this &amp; MUC """," ""processed_tweet"": "" this htps co whitneyhugel the \nor you ???? t about retwets could muc  20 se how get version uncensored to hop rt amp over ryyxsgly6l"""," ""label"": ""surprise""}"
"{""id"": ""5e5c12d8e0c333e0518de80d"""," ""raw_tweet"": ""Message me if you want to buy my premium or nudes \n#nsfw #nudes #snapchat #premiumsnapchat #cashapp #paypal  https://t.co/uFlgKCqxvC"""," ""processed_tweet"": "" paypal  htps premiumsnapchat co buy premium you \n me nsfw if t nudes or uflgkcqxvc want my snapchat mesage cashap to"""," ""label"": ""pleasant""}"
"{""id"": ""5e5c12dee0c333e0518de80f"""," ""raw_tweet"": ""RT @Shied__: New Edition To A Collection I Have Been Working On Called #SK??RN It Is Simply For Those Who Can???????? Please #rt &amp; #like #SK??RNRAR """," ""processed_tweet"": "" like have a those sk??rnrar  simply to colection working rt on new edition ben who is i for sk??rn can???????? please caled it rt amp shied"""," ""label"": ""surprise""}"
"{""id"": ""5e5c12e2e0c333e0518de811"""," ""raw_tweet"": ""Thank God it's Sunday and am in bed Eeeeehhhhhh what a long day it has been guys  well got to go peace ??? am out.  https://t.co/nPsJPDVOQw"""," ""processed_tweet"": ""a in  am htps ben co long   npsjpdvoqw what day guys  go got t sunday bed god ??? peace has it's to and thank eeh out wel it"""," ""label"": ""pleasant""}"
"{""id"": ""5e5c12e5e0c333e0518de813"""," ""raw_tweet"": ""RT @yourstrulyyxox: Message me if you want to buy my premium or nudes \n#nsfw #nudes #snapchat #premiumsnapchat #cashapp #paypal #addmypremi """," ""processed_tweet"": "" premiumsnapchat buy premium you \n me nsfw if yourstrulyxox nudes or want my admypremi  snapchat mesage cashap to paypal rt"""," ""label"": ""excitement""}"
"{""id"": ""5e5c12e7e0c333e0518de815"""," ""raw_tweet"": ""It's : 2020-03-01T19:54:09.0817627Z \n\n#tuesdaymotivation #funny #pets #followme #f4f #c4c #shout #love #me #cute  https://t.co/NHb0MVQxLq"""," ""processed_tweet"": "" folowme 54 htps c4c 01t19 co pets shout cute  2020 \n\n me nhb0mvqxlq t tuesdaymotivation 09 funy love 03 f4f it's 0817627z"""," ""label"": ""angry""}"
"{""id"": ""5e5c12e7e0c333e0518de817"""," ""raw_tweet"": ""Want more peace in your life? You have to be willing to ????????????????\n#motivation #inspiration #encouragement #selfcare  https://t.co/SH4ANMpNUw"""," ""processed_tweet"": "" in want htps co be t your selfcare  sh4anmpnuw motivation wiling ????????????????\n peace life you have encouragement to more inspiration"""," ""label"": ""surprise""}"
"{""id"": ""5e5c12f3e0c333e0518de819"""," ""raw_tweet"": ""RT @yungtrollgod: Need all them sexy young little thotties to bang my jack pronto no cap I get to beating like I m mike #meme #memes #troll """," ""processed_tweet"": "" i m litle like ned jack pronto al meme young sexy beating mike no memes bang cap i trol  get them yungtrolgod my to thoties rt"""," ""label"": ""surprise""}"
"{""id"": ""5e5c12fbe0c333e0518de81b"""," ""raw_tweet"": ""Things I m thankful for today:\n1.Spring flowers\n2.Shelter from the wind\nhttps://t.co/huDjx1ESmU church family  \n\nWh  https://t.co/2gJaaiv3Md"""," ""processed_tweet"": ""i m  church htps co the 2gjaiv3md shelter t family wind\nhtps thankful \n\nwh  things spring for flowers\n2 from hudjx1esmu today \n1"""," ""label"": ""surprise""}"
"{""id"": ""5e5c12fbe0c333e0518de81d"""," ""raw_tweet"": ""RT @topfreecash1: Share the Love - Earn cash and rewards by sharing your referrals!\n\nDownload Today: https://t.co/CLdkIwCvgH\n\n#referrals\n#r """," ""processed_tweet"": "" today htps topfrecash1 sharing co the \n\ndownload referals referals\n t your cash share cldkiwcvgh\n\n rewards earn love and by r  rt"""," ""label"": ""pleasant""}"
"{""id"": ""5e5c1313e0c333e0518de81f"""," ""raw_tweet"": ""#Now playing on @Glams_Radio : #Intergalactic Plastic by #Luttrell! Tune in now and enjoy sound of #DeepHouse #Love #Music"""," ""processed_tweet"": "" glams in lutrel playing love tune sound on and enjoy plastic dephouse by music intergalactic radio of now now"""," ""label"": ""pleasant""}"
"{""id"": ""5e5c1316e0c333e0518de821"""," ""raw_tweet"": ""RT @DarqFry: \""DOESN'T #LIKE YOU?\"" \n HOW CAN #ANYONE NOT LIKE YOU? \n#NotSureIf #ChrisMatthews #TrumpLove https://t.co/SDZbq4pw0t"""," ""processed_tweet"": "" like you htps trumplove can doesn't anyone t co not darqfry sdzbq4pw0t \n how rt chrismathews notsureif  \n"""," ""label"": ""surprise""}"
"{""id"": ""5e5c131ae0c333e0518de823"""," ""raw_tweet"": ""#Now playing on @Glams_Radio : #Intergalactic Plastic by #Luttrell! Tune in now and enjoy sound of #DeepHouse #Love #Music"""," ""processed_tweet"": "" glams in lutrel playing love tune sound on and enjoy plastic dephouse by music intergalactic radio of now now"""," ""label"": ""pleasant""}"
"{""id"": ""5e5c131ae0c333e0518de825"""," ""raw_tweet"": ""R&amp;B Track \""Wind\"" has been posted to my channel! #Like #Subscribe #Share https://t.co/nNonSbc5uK"""," ""processed_tweet"": "" share has nnonsbc5uk htps to like chanel t r ben co subscribe my track amp posted wind b"""," ""label"": ""pleasant""}"
"{""id"": ""5e5c132de0c333e0518de827"""," ""raw_tweet"": ""RT @Amonte_69: Should i wear underwear ???? orrr ?????? ???????????????\nAdd me on snapchat ; king_mont12 ????\n#follow #cakes #like #retweet https://t.co/1c9HhGT """," ""processed_tweet"": "" should i wear underwear  on folow or snapchat i wear underwear mont12 retwet king rt amonte"""," ""label"": ""pleasant""}"
"{""id"": ""5e5c1336e0c333e0518de829"""," ""raw_tweet"": ""#Now playing on @Glams_Radio : #Intergalactic Plastic by #Luttrell! Tune in now and enjoy sound of #DeepHouse #Love #Music"""," ""processed_tweet"": "" glams in lutrel playing love tune sound on and enjoy plastic dephouse by music intergalactic radio of now now"""," ""label"": ""pleasant""}"
"{""id"": ""5e5c133de0c333e0518de82b"""," ""raw_tweet"": ""#Clothing is self-expression... \n\n#fashion #style #like #ootd #model #fashionblogger  #beautiful #follow #shopping  https://t.co/sdiLlaHTCJ"""," ""processed_tweet"": "" beautiful model sdillahtcj clothing htps style t co like fashion folow \n\n is fashionbloger self otd expresion shoping """," ""label"": ""pleasant""}"
"{""id"": ""5e5c1342e0c333e0518de82d"""," ""raw_tweet"": ""RT @feelgooddrinks: Feel Good has ARRIVED! #Win one of our exclusive 30 packs of our 3 tongue tingling flavours of great tasting 100% Natur """," ""processed_tweet"": "" fel 30 100 god of arived our felgodrinks 3 tasting great win tongue exclusive packs has one natur  rt tingling flavours"""," ""label"": ""angry""}"
"{""id"": ""5e5c1345e0c333e0518de82f"""," ""raw_tweet"": ""RT @rocky_man58: ??????????????????????????????\nARE YOU READY TO GAIN ???\n???? #LIKE THIS \n???? #RETWEET THIS \n???? #FOLLOW ALL WHO RETWEET AND LIKE THIS\n       TO GET NE """," ""processed_tweet"": "" gain like rocky al ???\n???? you this ne  ready man58 retwet ??????????????????????????????\nare to folow and rt who this\n get \n????"""," ""label"": ""pleasant""}"
"{""id"": ""5e5c1346e0c333e0518de831"""," ""raw_tweet"": ""#Now playing on @Glams_Radio : #Intergalactic Plastic by #Luttrell! Tune in now and enjoy sound of #DeepHouse #Love #Music"""," ""processed_tweet"": "" glams in lutrel playing love tune sound on and enjoy plastic dephouse by music intergalactic radio of now now"""," ""label"": ""pleasant""}"
"{""id"": ""5e5c1346e0c333e0518de833"""," ""raw_tweet"": ""RT @topfreecash1: Share the Love - Earn cash and rewards by sharing your referrals!\n\nDownload Today: https://t.co/CLdkIwCvgH\n\n#referrals\n#r """," ""processed_tweet"": "" today htps topfrecash1 sharing co the \n\ndownload referals referals\n t your cash share cldkiwcvgh\n\n rewards earn love and by r  rt"""," ""label"": ""pleasant""}"
"{""id"": ""5e5c134ce0c333e0518de835"""," ""raw_tweet"": ""RT @ingliguori: Decentralization and #cryptography in #DLT provide for the following key features Via @ingliguori \n- Shared\n- Decentralized """," ""processed_tweet"": "" in ingliguori cryptography via shared\n decentralized  and dlt key the features rt decentralization \n for provide folowing"""," ""label"": ""surprise""}"
"{""id"": ""5e5c1355e0c333e0518de837"""," ""raw_tweet"": ""RT @SixStringSurfer: Listen to #like #share #RT #rt #MercedesBenz #mercedesbenzdaslied #rock #music #german by #SixStringSurfer on #Spotify """," ""processed_tweet"": "" rock mercedesbenz music to spotify  rt on like mercedesbenzdaslied by rt german sixstringsurfer listen share"""," ""label"": ""excitement""}"
"{""id"": ""5e5c1357e0c333e0518de839"""," ""raw_tweet"": ""New Video up on my YouTube Channel! Check it out! Let s Play Tony Hawk s Pro Skater 4 Part 5 - Shipyard  https://t.co/ruXffYu6vi"""," ""processed_tweet"": "" htps co pro 4 tony video t ruxfyu6vi new hawk s play chanel on skater my shipyard  out youtube up 5 check let s part it"""," ""label"": ""excitement""}"
"{""id"": ""5e5c1358e0c333e0518de83b"""," ""raw_tweet"": ""#Now playing on @Glams_Radio : #Intergalactic Plastic by #Luttrell! Tune in now and enjoy sound of #DeepHouse #Love #Music"""," ""processed_tweet"": "" glams in lutrel playing love tune sound on and enjoy plastic dephouse by music intergalactic radio of now now"""," ""label"": ""pleasant""}"
"{""id"": ""5e5c135ce0c333e0518de83d"""," ""raw_tweet"": ""RT @KALL_M3_CHEVY: #IG #HAWKFLYKUSTOMS #VANS #GIVEAWAY FORTHE #LADIES !!! #LIKE #SHARE AND #COMMENT TO #WIN https://t.co/I9Ph4Gxb6P"""," ""processed_tweet"": "" like htps co ladies giveaway win i9ph4gxb6p t hawkflykustoms coment forthe share chevy ig m3 to and kal vans rt"""," ""label"": ""surprise""}"
"{""id"": ""5e5c1367e0c333e0518de83f"""," ""raw_tweet"": ""RT @FacesittingHub: #RT &amp; #Like if you'd like Mia Malkova to sit on your face like that ????????\n\nWatch the full video for free on https://t.co/e """," ""processed_tweet"": "" e  facesitinghub htps co the like that if face t your on rt for sit mia to ????????\n\nwatch malkova ful fre video amp you'd like"""," ""label"": ""angry""}"
"{""id"": ""5e5c136ee0c333e0518de841"""," ""raw_tweet"": ""RT @ColorfulMorocco: ???? #Like ??? #Retweet ??? #Follow &amp; #IFollowBack #ifb ????\n???#colorfulmorocco #colorsofmorocco #morocco #maroc #cdnscreenawards """," ""processed_tweet"": "" ??? colorfulmoroco ifolowback colorsofmoroco maroc ???? ????\n??? cdnscrenawards  folow moroco ??? retwet ifb rt amp like colorfulmoroco"""," ""label"": ""excitement""}"
"{""id"": ""5e5c1378e0c333e0518de843"""," ""raw_tweet"": ""#Now playing on @Glams_Radio : #Intergalactic Plastic by #Luttrell! Tune in now and enjoy sound of #DeepHouse #Love #Music"""," ""processed_tweet"": "" glams in lutrel playing love tune sound on and enjoy plastic dephouse by music intergalactic radio of now now"""," ""label"": ""pleasant""}"
"{""id"": ""5e5c137be0c333e0518de845"""," ""raw_tweet"": ""RT @FacesittingHub: #RT &amp; #Like if you would give anything to get AJ Applegate to sit on your face ????????\n\nWatch the full video on https://t.co """," ""processed_tweet"": "" co  facesitinghub htps ????????\n\nwatch the you if face t your aplegate would give get anything on sit to video ful rt amp aj like"""," ""label"": ""angry""}"
"{""id"": ""5e5c1385e0c333e0518de847"""," ""raw_tweet"": ""RT @topfreecash1: Share the Love - Earn cash and rewards by sharing your referrals!\n\nDownload Today: https://t.co/CLdkIwCvgH\n\n#referrals\n#r """," ""processed_tweet"": "" today htps topfrecash1 sharing co the \n\ndownload referals referals\n t your cash share cldkiwcvgh\n\n rewards earn love and by r  rt"""," ""label"": ""pleasant""}"
"{""id"": ""5e5c138ee0c333e0518de849"""," ""raw_tweet"": ""Look what I found on @eBay! #airpods #apple #price #like https://t.co/YeKBQiZTMS via @eBay"""," ""processed_tweet"": "" price found i what htps airpods on t co ebay like yekbqiztms lok aple via"""," ""label"": ""excitement""}"
"{""id"": ""5e5c138fe0c333e0518de84b"""," ""raw_tweet"": ""RT @SomayaAboalata: Hi guys ???????\n\n#art #artists #love #drawing #like #fineart #artist #beautiful #OOH #Egypt ??? https://t.co/R3HEUkQc2T"""," ""processed_tweet"": "" beautiful r3heukqc2t htps somayaaboalata co like artists guys t drawing ??? hi art oh egypt love ???????\n\n rt artist fineart"""," ""label"": ""pleasant""}"
"{""id"": ""5e5c13a1e0c333e0518de84d"""," ""raw_tweet"": ""RT @rebbecadabber: Happy #tittytuesday #happytuesday #bbw #nipple #bbw #sexy #curvy #fun #naughty #milf #mommytobe #pregnant #happytuesday """," ""processed_tweet"": "" fun hapytuesday  hapy bw naughty niple curvy pregnant hapytuesday titytuesday sexy rt rebecadaber milf momytobe"""," ""label"": ""angry""}"
"{""id"": ""5e5c13a5e0c333e0518de84f"""," ""raw_tweet"": ""Need more followers cause i m desperate so here s a random tik tok for you so you will follow me????\n-\n-\n#fortnite  https://t.co/1BDEIo98oo"""," ""processed_tweet"": ""a  htps co ned you \n tik tok desperate random so t i m folowers here s folow me????\n fortnite  wil cause more for 1bdeio98o"""," ""label"": ""pleasant""}"
"{""id"": ""5e5c13a7e0c333e0518de851"""," ""raw_tweet"": ""RT @topfreecash1: Share the Love - Earn cash and rewards by sharing your referrals!\n\nDownload Today: https://t.co/CLdkIwCvgH\n\n#referrals\n#r """," ""processed_tweet"": "" today htps topfrecash1 sharing co the \n\ndownload referals referals\n t your cash share cldkiwcvgh\n\n rewards earn love and by r  rt"""," ""label"": ""pleasant""}"
"{""id"": ""5e5c13aae0c333e0518de853"""," ""raw_tweet"": ""Les Twins (Larry) - Juste Debout Bracelona 2020 https://t.co/xeuhTqRUy2 via @YouTube @offlestwins #Larry #solo  https://t.co/eTZPVg8Y2T"""," ""processed_tweet"": "" bracelona youtube solo  htps oflestwins debout juste t co les etzpvg8y2t 2020 twins via xeuhtqruy2 lary"""," ""label"": ""excitement""}"
"{""id"": ""5e5c13afe0c333e0518de855"""," ""raw_tweet"": ""RT @oOHimeYukiOo: GOAL $320 by march 1st Everything helps! Been a rough week.  #FOLLOWERS #follow @amwalker38 @RTsexyGIRLS @Baby_BrandyX @H """," ""processed_tweet"": "" a 1st everything folowers rtsexygirls h  brandyx ben march amwalker38 folow oohimeyukioo 320 goal baby helps rough by rt wek"""," ""label"": ""pleasant""}"
"{""id"": ""5e5c13b3e0c333e0518de857"""," ""raw_tweet"": ""???How Happiness Boosts the Immune System https://t.co/FOy2S0KfO6 #positivity https://t.co/4tkKOgpCoQ"""," ""processed_tweet"": "" system hapines htps positivity 4tkkogpcoq imune t co the bosts ???how foy2s0kfo6"""," ""label"": ""pleasant""}"
"{""id"": ""5e5c13c1e0c333e0518de859"""," ""raw_tweet"": ""RT @Barbie_K3n_Doll: RocksBoys????? 2014 (TB)\n(K Fierce + Steele)\n\""Damn!!!! That Top Gotta Phat \nAss???? An The Bottom Looks?? Exactly Like My #DL """," ""processed_tweet"": "" botom that 2014 stele dol an \n \nas???? loks?? k3n barbie tb rocksboys????? dl  k the fierce gota top damn phat my exactly rt like"""," ""label"": ""pleasant""}"
"{""id"": ""5e5c13cce0c333e0518de85b"""," ""raw_tweet"": ""@KaiRossBest kai help me https://t.co/bWBbZThCdt"""," ""processed_tweet"": "" me bwbbzthcdt kai htps kairosbest t co help"""," ""label"": ""surprise""}"
"{""id"": ""5e5c13e1e0c333e0518de85d"""," ""raw_tweet"": ""RT @topfreecash1: Share the Love - Earn cash and rewards by sharing your referrals!\n\nDownload Today: https://t.co/CLdkIwCvgH\n\n#referrals\n#r """," ""processed_tweet"": "" today htps topfrecash1 sharing co the \n\ndownload referals referals\n t your cash share cldkiwcvgh\n\n rewards earn love and by r  rt"""," ""label"": ""pleasant""}"
"{""id"": ""5e5c13e5e0c333e0518de85f"""," ""raw_tweet"": ""RT @elvisbulldoguk1: Crazy week on a crazy leap year enjoy cartoon style ???????????????? retweet have some fun \n#ZSHQ #puppy #bulldogpuppy #Zombiebull """," ""processed_tweet"": "" a carton style zshq  elvisbuldoguk1 buldogpupy zombiebul  crazy on some leap have fun year crazy retwet enjoy pupy rt wek"""," ""label"": ""pleasant""}"
"{""id"": ""5e5c13e6e0c333e0518de861"""," ""raw_tweet"": ""RT @topfreecash1: Share the Love - Earn cash and rewards by sharing your referrals!\n\nDownload Today: https://t.co/CLdkIwCvgH\n\n#referrals\n#r """," ""processed_tweet"": "" today htps topfrecash1 sharing co the \n\ndownload referals referals\n t your cash share cldkiwcvgh\n\n rewards earn love and by r  rt"""," ""label"": ""pleasant""}"
"{""id"": ""5e5c13e7e0c333e0518de863"""," ""raw_tweet"": ""RT @EnjoyNature: Ocean and lighthouse at sunrise\n\n#photo #nature #cool #pictures #positivity #traveling https://t.co/oAztjUYist"""," ""processed_tweet"": "" photo nature oaztjuyist sunrise\n\n htps lighthouse col at positivity and traveling t co ocean rt enjoynature pictures"""," ""label"": ""pleasant""}"
"{""id"": ""5e5c13f7e0c333e0518de865"""," ""raw_tweet"": ""RT @CarelessAB: As a gift to my self for my birthday. ??????NO FEAR?????? is out now ??? Link below ???????? Y all run them views up for me. #Retweet #Like """," ""processed_tweet"": "" a views gift retwet link below as birthday me ??????no carelesab run my them is out up to y al fear?????? self rt for ???????? now ??? like """," ""label"": ""pleasant""}"
"{""id"": ""5e5c1408e0c333e0518de867"""," ""raw_tweet"": ""RT @rocky_man58: ??????????????????????????????\nARE YOU READY TO GAIN ???\n???? #LIKE THIS \n???? #RETWEET THIS \n???? #FOLLOW ALL WHO RETWEET AND LIKE THIS\n       TO GET NE """," ""processed_tweet"": "" gain like rocky all you this ne  ready man58 retwet are to folow and rt who this\n get"""," ""label"": ""pleasant""}"
"{""id"": ""5e5c140ce0c333e0518de869"""," ""raw_tweet"": ""???How Happiness Boosts the Immune System https://t.co/FOy2S0KfO6 #positivity https://t.co/4tkKOgpCoQ"""," ""processed_tweet"": "" system hapines htps positivity 4tkkogpcoq imune t co the bosts ???how foy2s0kfo6"""," ""label"": ""pleasant""}"
"{""id"": ""5e5c1412e0c333e0518de86b"""," ""raw_tweet"": ""RT @topfreecash1: Share the Love - Earn cash and rewards by sharing your referrals!\n\nDownload Today: https://t.co/CLdkIwCvgH\n\n#referrals\n#r """," ""processed_tweet"": "" today htps topfrecash1 sharing co the \n\ndownload referals referals\n t your cash share cldkiwcvgh\n\n rewards earn love and by r  rt"""," ""label"": ""pleasant""}"
"{""id"": ""5e5c1413e0c333e0518de86d"""," ""raw_tweet"": ""It's : 2020-03-01T19:59:09.3074315Z \n\n#tuesdaymotivation #funny #pets #followme #f4f #c4c #shout #love #me #cute  https://t.co/lPQCACCwXp"""," ""processed_tweet"": "" folowme htps lpqcacwxp c4c 01t19 co pets shout cute  2020 3074315z \n\n 59 me t 09 tuesdaymotivation funy love 03 f4f it's"""," ""label"": ""angry""}"
"{""id"": ""5e5c1425e0c333e0518de86f"""," ""raw_tweet"": ""BLACK RAGS N DRACOS ............. #fashionblogger #repost #model #like #newyork #hood #newartist #ladies #followme  https://t.co/E6JEdJYwKT"""," ""processed_tweet"": "" dracos rags model newartist htps repost e6jedjywkt t co newyork ladies like hod fashionbloger black folowme  n"""," ""label"": ""excitement""}"
"{""id"": ""5e5c1427e0c333e0518de871"""," ""raw_tweet"": ""???How Happiness Boosts the Immune System https://t.co/FOy2S0KfO6 #positivity https://t.co/4tkKOgpCoQ"""," ""processed_tweet"": "" system hapines htps positivity 4tkkogpcoq imune t co the bosts ???how foy2s0kfo6"""," ""label"": ""pleasant""}"
"{""id"": ""5e5c142de0c333e0518de873"""," ""raw_tweet"": ""BLACK RAGS N DRACOS ............. #fashionblogger #repost #model #like #newyork #sexy #newartist #ladies #followme  https://t.co/K34A0vqj59"""," ""processed_tweet"": "" dracos rags model k34a0vqj59 newartist htps repost t co newyork ladies like sexy fashionbloger black folowme  n"""," ""label"": ""excitement""}"
"{""id"": ""5e5c1440e0c333e0518de875"""," ""raw_tweet"": ""RT @Shied__: New Edition To A Collection I Have Been Working On Called #SK??RN It Is Simply For Those Who Can???????? Please #rt &amp; #like #SK??RNRAR """," ""processed_tweet"": "" like have a those sk??rnrar  simply to colection working rt on new edition ben who is i for sk??rn can???????? please caled it rt amp shied"""," ""label"": ""surprise""}"
"{""id"": ""5e5c1444e0c333e0518de877"""," ""raw_tweet"": ""RT @Nico_Robin_slut: #RT Hello and welcome in the ship of the Flowerpirats ????????\n\n????Don't send Hi or Hey ???? ??????\n\n????lewd Pirat ???? ??????\n\n????DM for all """," ""processed_tweet"": "" in send don not the of slut helo nico hi al  or ???? ??????\n\n????dm flowerpirats ship welcome and robin hey ???? ??????\n\n????lewd rt for pirat"""," ""label"": ""surprise""}"
"{""id"": ""5e5c1448e0c333e0518de879"""," ""raw_tweet"": ""????????Tweeting a GIF of @tammyabraham every day until he responds DAY 2????????\n\n@tammyabraham \n@tammyabraham \n@tammyabraham  https://t.co/pkzJYhipOg"""," ""processed_tweet"": ""a  until day day htps pkzjyhipog 2????????\n\n tamyabraham gif t co ????????tweting responds \n he every of tamyabraham """," ""label"": ""pleasant""}"
"{""id"": ""5e5c1448e0c333e0518de87b"""," ""raw_tweet"": ""RT @zo_atl: [#throwback]\nHe would dead ass tell his girl he was about to  kick it with the boys ... 10 mins later he would be knocking at m """," ""processed_tweet"": "" atl dead the girl later he be [ throwback]\nhe tel as about mins would knocking at zo with 10 his to  kick boys  was rt m  it"""," ""label"": ""pleasant""}"
"{""id"": ""5e5c1448e0c333e0518de87d"""," ""raw_tweet"": ""???How Happiness Boosts the Immune System https://t.co/FOy2S0KfO6 #positivity https://t.co/4tkKOgpCoQ"""," ""processed_tweet"": "" system hapines htps positivity 4tkkogpcoq imune t co the bosts ???how foy2s0kfo6"""," ""label"": ""pleasant""}"
"{""id"": ""5e5c144ce0c333e0518de87f"""," ""raw_tweet"": ""No matter where we are in our #journey ????...our #Happiness in life is #always a matter of #perspective! ???? #BOOM ????????  https://t.co/u5RXUpqTYO"""," ""processed_tweet"": "" in no a  are htps co always perspective of journey where our mater t bom we ????????  ???? is life hapines u5rxupqtyo"""," ""label"": ""surprise""}"
"{""id"": ""5e5c1450e0c333e0518de881"""," ""raw_tweet"": ""RT @RangikuHucow: #RT Here some Infos about me \n\n???? Shinigami \n\n???? young adult \n\n???? ????% Submissive \n  \n???? B/W/H 116/60/91\n \n???? Bra / cup size: K """," ""processed_tweet"": "" braw submisive 60 \n me size rangikuhucow about young b k  h adult some shinigami 91\n cup infos \n???? here 116 rt"""," ""label"": ""excitement""}"
"{""id"": ""5e5c1454e0c333e0518de883"""," ""raw_tweet"": ""#MYMECHANIC#TRUSTED#MULTIBRAND#CAR#PARTNER# https://t.co/a0E87gcpAG"""," ""processed_tweet"": "" trusted htps car t co multibrand partner mymechanic a0e87gcpag"""," ""label"": ""excitement""}"
"{""id"": ""5e5c1459e0c333e0518de885"""," ""raw_tweet"": ""RT @roylmurry425: RT&gt;&gt;&gt; #Like #subscribe #Comedy Series #1 \n\n@VondaNorwood s FUDGERY and \n\n@jsph1959 Joe Glasgow s #Funny A Great Way of Li """," ""processed_tweet"": "" subscribe a series \n\n jsph1959 of great way 1 vondanorwod s gt funy li  joe glasgow s roylmury425 comedy fudgery and rt like"""," ""label"": ""surprise""}"
"{""id"": ""5e5c145be0c333e0518de887"""," ""raw_tweet"": ""RT @MalibuSelfies: No matter where we are in our #journey ????...our #Happiness in life is #always a matter of #perspective! ???? #BOOM ???????? #Sunda """," ""processed_tweet"": "" in no a ???? are always perspective of journey where our mater sunda  bom we malibuselfies ???? ???????? is life hapines rt"""," ""label"": ""surprise""}"
"{""id"": ""5e5c147be0c333e0518de889"""," ""raw_tweet"": ""RT @roylmurry425: RT&gt;&gt;&gt; #Like #subscribe #Comedy Series #1 \n\n@VondaNorwood s FUDGERY and \n\n@jsph1959 Joe Glasgow s #Funny A Great Way of Li """," ""processed_tweet"": "" subscribe a series \n\n jsph1959 of great way 1 vondanorwod s gt funy li  joe glasgow s roylmury425 comedy fudgery and rt like"""," ""label"": ""surprise""}"
"{""id"": ""5e5c1488e0c333e0518de88b"""," ""raw_tweet"": ""RT @Nico_Robin_slut: #RT Hello and welcome to the ship of the straw hat pirates ????\n\n????Don't send Hi or Hey ????\n\n???? DM for all ????\n\n???? young adult ???? """," ""processed_tweet"": "" send  pirates the of al slut helo nico young hi or straw adult ????\n\n????don't ????  ship to welcome and robin hey hat rt for"""," ""label"": ""surprise""}"
"{""id"": ""5e5c148be0c333e0518de88d"""," ""raw_tweet"": ""RT @EnjoyNature: Ocean and lighthouse at sunrise\n\n#photo #nature #cool #pictures #positivity #traveling https://t.co/oAztjUYist"""," ""processed_tweet"": "" photo nature oaztjuyist sunrise\n\n htps lighthouse col at positivity and traveling t co ocean rt enjoynature pictures"""," ""label"": ""pleasant""}"
"{""id"": ""5e5c148ce0c333e0518de88f"""," ""raw_tweet"": ""RT @PaulinaJCandy: I really fall in love with Dubai  ??????\n\n#model #fashion #photography #love #style #modeling #beauty #like #photooftheday # """," ""processed_tweet"": "" in model i love photography paulinajcandy with style fal dubai beauty fashion modeling like photoftheday   rt realy"""," ""label"": ""surprise""}"
"{""id"": ""5e5c1490e0c333e0518de891"""," ""raw_tweet"": ""PO Merch Official BTS https://t.co/3Fmf408i8Z #bts #kpop #exo #blackpink #twice"""," ""processed_tweet"": "" twice blackpink htps bts po merch t co 3fmf408i8z kpop exo bts oficial"""," ""label"": ""surprise""}"
"{""id"": ""5e5c1498e0c333e0518de893"""," ""raw_tweet"": ""RT @Latinamilfwife1: I love Gym Selfies ????????\n#friskyfriday #freakfriday #milf #FridaySpecial #Onlyfans\n20 - $3.50 Subscriptions!!!\n#Retweet # """," ""processed_tweet"": "" fridayspecial i love gym ????????\n freakfriday selfies latinamilfwife1 subscriptions retwet 3 onlyfans\n20 50   rt milf \n friskyfriday"""," ""label"": ""angry""}"
"{""id"": ""5e5c1498e0c333e0518de895"""," ""raw_tweet"": ""Scarlet Valse new MV \""Inferno\""! \nEnjoy and spread it! ????????\n#ScarletValse\n#Vkei\n#V???\n#????????????????????? \n#Inferno\n#RT\n#Like  https://t.co/VJLqdQwcHG"""," ""processed_tweet"": "" mv t scarletvalse\n vjlqdqwchg vkei\n \nenjoy inferno\n v???\n new spread and valse scarlet rt\n inferno it like """," ""label"": ""pleasant""}"
"{""id"": ""5e5c14a2e0c333e0518de899"""," ""raw_tweet"": ""REAL GANGSTER SMOOTH RESEPCTFUL CLASSICY  AND WILL STILL KILL  YOU. #trapmusic #gangster #deepwords #deepthoughts    https://t.co/02iW4xbP0i"""," ""processed_tweet"": "" wil resepctful you htps 02iw4xbp0i depwords kil clasicy and t stil depthoughts    real co gangster trapmusic smoth gangster"""," ""label"": ""surprise""}"
"{""id"": ""5e5c14b0e0c333e0518de89b"""," ""raw_tweet"": ""RT @GAfiftyshades2: A quick clip deserves a quick #Like &amp; #RT.??? Be lucky and you could get the full video in your dm ????. X https://t.co/iD0F """," ""processed_tweet"": "" a in id0f  be htps co the a you clip gafiftyshades2 t your could ??? deserves get rt x quick dm lucky and ???? ful video amp like"""," ""label"": ""pleasant""}"
"{""id"": ""5e5c14cce0c333e0518de89d"""," ""raw_tweet"": ""RT @topfreecash1: Share the Love - Earn cash and rewards by sharing your referrals!\n\nDownload Today: https://t.co/CLdkIwCvgH\n\n#referrals\n#r """," ""processed_tweet"": "" today htps topfrecash1 sharing co the \n\ndownload referals referals\n t your cash share cldkiwcvgh\n\n rewards earn love and by r  rt"""," ""label"": ""pleasant""}"
"{""id"": ""5e5c14dee0c333e0518de89f"""," ""raw_tweet"": ""RT @taylorlynnsnap: Next 5 people who add me on snapchat will get 1 VIDEO in your inbox\n???\n#horny #pussy #porn #me #girl #mine #anal #ass #s """," ""processed_tweet"": "" in video girl next pusy me horny taylorlynsnap s  1 as your mine inbox\n???\n people ad get on snapchat anal 5 wil porn who rt"""," ""label"": ""surprise""}"
"{""id"": ""5e5c14e1e0c333e0518de8a1"""," ""raw_tweet"": ""RT @vbp_vitor: Falling Harry Styles Cover \n??RT?\n- #sing #music #singer #song #singing #cover #love #voice #musician #vocals #guitar #singer """," ""processed_tweet"": "" faling vitor \n??rt music song voice styles singer singer  \n sing singing vbp cover guitar love vocals hary cover rt musician"""," ""label"": ""angry""}"
"{""id"": ""5e5c14f6e0c333e0518de8a3"""," ""raw_tweet"": ""Burn Your Negative Thoughts in Minutes !\nTry Mind Bogi !!\n\nDownload from Apple Stores:\nhttps://t.co/Ri936I9vxt\n\nDow  https://t.co/aeeGDtOPCU"""," ""processed_tweet"": "" in aegdtopcu negative \nhtps aple thoughts mind htps your from t minutes co bogi stores ri936i9vxt\n\ndow  burn \ntry \n\ndownload"""," ""label"": ""surprise""}"
"{""id"": ""5e5c14f7e0c333e0518de8a5"""," ""raw_tweet"": ""RT @vbp_vitor: Falling Harry Styles Cover \n??RT?\n- #sing #music #singer #song #singing #cover #love #voice #musician #vocals #guitar #singer """," ""processed_tweet"": "" faling vitor \n??rt music song voice styles singer singer  \n sing singing vbp cover guitar love vocals hary cover rt musician"""," ""label"": ""angry""}"
"{""id"": ""5e5c1501e0c333e0518de8a7"""," ""raw_tweet"": ""We welcome you back Elvis! Hobo and Matty were cartoons too! https://t.co/hyAkx2picT"""," ""processed_tweet"": "" we htps elvis cartons welcome to and back t co were hyakx2pict maty you hobo"""," ""label"": ""surprise""}"
"{""id"": ""5e5c1504e0c333e0518de8a9"""," ""raw_tweet"": ""???How Happiness Boosts the Immune System https://t.co/FOy2S0KfO6 #positivity https://t.co/4tkKOgpCoQ"""," ""processed_tweet"": "" system hapines htps positivity 4tkkogpcoq imune t co the bosts ???how foy2s0kfo6"""," ""label"": ""pleasant""}"
"{""id"": ""5e5c1505e0c333e0518de8ab"""," ""raw_tweet"": ""RT @FordConsulting: Things I m thankful for today:\n\n1.Relaxing candles \n2.Books that I can escape into \n\nWhat are you thankful for? \n\n#posi """," ""processed_tweet"": "" i m are posi  escape \n\n1 \n\n you into that fordconsulting \n2 i thankful boks can relaxing things \n\nwhat for today rt candles"""," ""label"": ""surprise""}"
"{""id"": ""5e5c1525e0c333e0518de8ad"""," ""raw_tweet"": ""RT @NotoriousDBT: #ThePornstarLeague \nWeek-20 (match 25)\n\nJessa Rhodes (9-9-1)\nVs. \nAlina Lopez (7-6-0)\n\nThank you for your #Like and #Retw """," ""processed_tweet"": "" retw  \n\nthank you rhodes thepornstarleague like 7 1 lopez your 9 \nalina 20 25 6 \n\njesa and \nwek 0 rt for match notoriousdbt \nvs"""," ""label"": ""excitement""}"
"{""id"": ""5e5c1529e0c333e0518de8af"""," ""raw_tweet"": ""RT @chrisibianga: What type of F***k \n1. Sex\n2. Pity\n3. Love \n4. Drunk\n5. F***k \n6. Breakup\n7. Makeup\n \n#RETWEEET #Like #reply \n\n #Ultimate """," ""processed_tweet"": "" \n4 \n\n f \n of makeup\n ultimate  pity\n3 drunk\n5 sex\n2 retwet reply breakup\n7 love \n6 what k type chrisibianga rt \n1 like"""," ""label"": ""angry""}"
"{""id"": ""5e5c152de0c333e0518de8b1"""," ""raw_tweet"": ""Burn Your Negative Thoughts in Minutes !\nTry Mind Bogi !!\n\nDownload from Apple Stores:\nhttps://t.co/Ri936I9vxt\n\nDow  https://t.co/ukj1tiQX5D"""," ""processed_tweet"": "" in negative \nhtps aple thoughts mind htps your from t minutes co ukj1tiqx5d bogi stores ri936i9vxt\n\ndow  burn \ntry \n\ndownload"""," ""label"": ""surprise""}"
"{""id"": ""5e5c1532e0c333e0518de8b3"""," ""raw_tweet"": ""RT @StyleStudioUK: Want to #win a beautiful bouquet of flowers for your mum? Simply follow us on social media and like this post.  For extr """," ""processed_tweet"": "" a beautiful want this extr  like simply of flowers your bouquet mum for media on folow win post us stylestudiouk to social and rt for"""," ""label"": ""pleasant""}"
"{""id"": ""5e5c1535e0c333e0518de8b5"""," ""raw_tweet"": ""Tonight we are talking all things #positivity How tools do you use to keep positive? #irishhealthhour"""," ""processed_tweet"": "" talking tols are tonight how do things positivity to irishealthour positive we use you kep al"""," ""label"": ""pleasant""}"
"{""id"": ""5e5c153de0c333e0518de8b7"""," ""raw_tweet"": ""RT @krisgotdat: Who winning this fight ? White shirt or blue shirt ? #fights #girlfights #schoolfights #highschoolfights #streetfights #lik """," ""processed_tweet"": "" this white fights shirt who krisgotdat fight scholfights wining highscholfights stretfights lik  rt girlfights blue or"""," ""label"": ""surprise""}"
"{""id"": ""5e5c153ee0c333e0518de8b9"""," ""raw_tweet"": "" ???NEW VID UP IN YOUTUBE ???GO CHECK IT OUT!! SUBSCRIBE LIKE AND COMMENT! THANKS ???????? https://t.co/7Qfd8TcMud  https://t.co/2l0UzLC5zN"""," ""processed_tweet"": ""up  like check out subscribe htps  ???new ???????? thanks and t it in co 7qfd8tcmud  2l0uzlc5zn coment youtube ???go vid"""," ""label"": ""surprise""}"
"{""id"": ""5e5c153fe0c333e0518de8bb"""," ""raw_tweet"": ""It's : 2020-03-01T20:04:09.7278683Z \n\n#tuesdaymotivation #funny #pets #followme #f4f #c4c #shout #love #me #cute  https://t.co/UDbKQzsafU"""," ""processed_tweet"": "" folowme htps 01t20 c4c co pets shout cute  2020 \n\n me t udbkqzsafu 7278683z 09 tuesdaymotivation funy 04 love 03 f4f it's"""," ""label"": ""angry""}"
"{""id"": ""5e5c1555e0c333e0518de8bd"""," ""raw_tweet"": ""RT @NotoriousDBT: #ThePornstarLeague \nWeek-20 (match 24)\n\nAshlynn Brooke (11-8-0)\nVs. \nGina Valentina (9-3-0)\n\nThank you for your #Like and """," ""processed_tweet"": "" 11 24 \n\nthank valentina you thepornstarleague broke like your 3 9 and  20 \n\nashlyn \ngina 8 \nwek 0 rt for match notoriousdbt \nvs"""," ""label"": ""happy""}"
"{""id"": ""5e5c1562e0c333e0518de8bf"""," ""raw_tweet"": "" People who make their own bed every day wake up that little bit earlier and by making their bed are setting the to  https://t.co/4lQzRWnXa9"""," ""processed_tweet"": "" wake are htps to  co the litle their that day 4lqzrwnxa9 t earlier making bed own seting make every up  people and by who bit"""," ""label"": ""pleasant""}"
"{""id"": ""5e5c1591e0c333e0518de8c1"""," ""raw_tweet"": ""Check out Becoming a very poweful wizard!! help me reach my subscriber goal of 1/5 https://t.co/Q5X5OOswnZ #twitch  https://t.co/ZyptwBMVlV"""," ""processed_tweet"": ""a  htps poweful co very subscriber of me twitch  1 t wizard zyptwbmvlv my q5x5oswnz 5 becoming reach goal check help out"""," ""label"": ""pleasant""}"
"{""id"": ""5e5c1593e0c333e0518de8c3"""," ""raw_tweet"": ""RT @connorwalters45: Check out Becoming a very poweful wizard!! help me reach my subscriber goal of 1/5 https://t.co/Q5X5OOswnZ #twitch #li """," ""processed_tweet"": "" a htps poweful co very subscriber of me 1 t li  wizard my q5x5oswnz conorwalters45 5 becoming reach twitch goal check rt help out"""," ""label"": ""pleasant""}"
"{""id"": ""5e5c159de0c333e0518de8c7"""," ""raw_tweet"": ""@pancakes_annie is super trusted! we did half and half trade and I went first ;) she is super nice and understandin  https://t.co/tlG80D6gaO"""," ""processed_tweet"": "" htps co tlg80d6gao super t did first we half went pancakes i trade she trusted is and understandin  nice anie"""," ""label"": ""pleasant""}"
"{""id"": ""5e5c15cee0c333e0518de8cb"""," ""raw_tweet"": ""Les Twins (Larry) - Juste Debout Bracelona 2020 https://t.co/GRJFWvAMhr via youtube @offlestwins #Larry #solo  https://t.co/zsQ4TaehF3"""," ""processed_tweet"": "" bracelona solo  zsq4taehf3 youtube htps grjfwvamhr oflestwins debout juste t co les 2020 twins via lary"""," ""label"": ""excitement""}"
"{""id"": ""5e5c15f4e0c333e0518de8d1"""," ""raw_tweet"": ""AVAIL BANDUNG AREA \nCOD\nNo dp\nInclude ???\nExclude ??? \nInfo rr DM aja\n#availbandung \n#vcsbugill\n#includebandung  https://t.co/hCsQQ5nExx"""," ""processed_tweet"": ""dm  bandung vcsbugil\n \ncod\nno ??? htps area ???\nexclude hcsq5nex availbandung \ninfo aja\n t r co includebandung  avail dp\ninclude \n"""," ""label"": ""pleasant""}"
"{""id"": ""5e5c15f8e0c333e0518de8d3"""," ""raw_tweet"": ""RT @JunHongLu_aus: Be a pure person\nIt is a blessing to be free of illness and calamity.\n\n#junhonglu #lujunhong #buddhism #masterlu #dharma """," ""processed_tweet"": "" a be masterlu \n\n junhonglu of be dharma  budhism calamity person\nit junhonglu is aus lujunhong blesing to and ilnes fre rt pure"""," ""label"": ""pleasant""}"
"{""id"": ""5e5c15fde0c333e0518de8d7"""," ""raw_tweet"": ""My name is Anthonyy Livver #Followme #instagram #music #film #art #love #newartist #1996 #cool #boy #mx #sigueme  https://t.co/32KLJMRqf5"""," ""processed_tweet"": "" music anthony htps col co name t film art newartist folowme 1996 is liver boy sigueme  love my 32kljmrqf5 mx instagram"""," ""label"": ""surprise""}"
"{""id"": ""5e5c15ffe0c333e0518de8d9"""," ""raw_tweet"": ""In this podcast I talk about overcoming stress and anxiety.  #irishhealthhour #positivity https://t.co/Gpmk5Obbb7"""," ""processed_tweet"": "" this i overcoming htps stres talk positivity and t co about anxiety gpmk5ob7 in podcast irishealthour"""," ""label"": ""surprise""}"
"{""id"": ""5e5c1607e0c333e0518de8df"""," ""raw_tweet"": ""RT @cptn_crypt0: ???? ?????? My #trusted #erc20 #wallet\n\n@TrustWalletApp\n\n????Bonus 100 Points????\n\n????????????????????????????????????????????????????????\n\nhttps://t.co/UYDgR7E3Of\n\nERC-20 Ac """," ""processed_tweet"": "" crypt0 ac  my trusted erc20 100 trustwaletap\n\n????bonus uydgr7e3of\n\nerc rt walet\n\n 20 cptn"""," ""label"": ""excitement""}"
"{""id"": ""5e5c1607e0c333e0518de8e1"""," ""raw_tweet"": ""RT @NotoriousDBT: #ThePornstarLeague \nWeek-19 (match 45)\n\nPeta Jensen (13-4-0)\nVs. \nRomi Rain (10-1-0)\n\nThank you for your #Like and #Retwe """," ""processed_tweet"": "" \n\nthank 4 13 you thepornstarleague like 1 retwe  your 45 10 \n\npeta rain and 19 \nwek 0 \nromi rt for match notoriousdbt jensen \nvs"""," ""label"": ""pleasant""}"
"{""id"": ""5e5c1609e0c333e0518de8e3"""," ""raw_tweet"": ""Went for @FaZe_Kitty challenge and made a montage hope you like it ?????? \n  &gt; https://t.co/ufZ4ZN03mZ\n#FaZeUp  https://t.co/xV2evWs5LL"""," ""processed_tweet"": "" a htps chalenge went co montage like you faze t \n   gt hope ufz4zn03mz\n fazeup  xv2evws5l and kity ?????? made for it"""," ""label"": ""pleasant""}"
"{""id"": ""5e5c1610e0c333e0518de8e5"""," ""raw_tweet"": ""RT @AvailBdgReal: AVAIL BANDUNG AREA \nCOD\nNo dp\nInclude ???\nExclude ??? \nInfo rr DM aja\n#availbandung \n#vcsbugill\n#includebandung \n#Excludeband """," ""processed_tweet"": "" dm bandung vcsbugil\n \ncod\nno ??? area ???\nexclude availbandung \ninfo aja\n availbdgreal r includebandung excludeband  rt avail dp\ninclude \n"""," ""label"": ""pleasant""}"
"{""id"": ""5e5c1628e0c333e0518de8e7"""," ""raw_tweet"": ""You are very welcome. I bet you have lots of tips around #positivity for us Suzanne. #irishhealthhour"""," ""processed_tweet"": "" lots bet us i are tips irishealthour around positivity welcome suzane very for you of you have"""," ""label"": ""surprise""}"
"{""id"": ""5e5c1631e0c333e0518de8e9"""," ""raw_tweet"": ""RT @rocky_man58: ???? GET THE JOKER FOR FRESH NEW FOLLOWERS \n???AND FOLLOW THE FOLLOWER MACHINE ACCOUNTS???\n???? #TEAMSTALLION ???? #LIKE #RETWEET #FOLL """," ""processed_tweet"": "" acounts???\n???? like teamstalion for rocky ???? \n???and folowers folower machine man58 retwet folow ???? get fol  fresh new joker the rt"""," ""label"": ""pleasant""}"
"{""id"": ""5e5c163be0c333e0518de8eb"""," ""raw_tweet"": ""#rtArtBoost #LGTWO  recommended by ????"""," ""processed_tweet"": "" lgtwo rtartbost by recomended ????"""," ""label"": ""excitement""}"
"{""id"": ""5e5c163ce0c333e0518de8ed"""," ""raw_tweet"": ""RT @topfreecash1: Share the Love - Earn cash and rewards by sharing your referrals!\n\nDownload Today: https://t.co/CLdkIwCvgH\n\n#referrals\n#r """," ""processed_tweet"": "" today htps topfrecash1 sharing co the \n\ndownload referals referals\n t your cash share cldkiwcvgh\n\n rewards earn love and by r  rt"""," ""label"": ""pleasant""}"
"{""id"": ""5e5c164ce0c333e0518de8ef"""," ""raw_tweet"": ""RT @StyleStudioUK: Want to #win a beautiful bouquet of flowers for your mum? Simply follow us on social media and like this post.  For extr """," ""processed_tweet"": "" a beautiful want this extr  like simply of flowers your bouquet mum for media on folow win post us stylestudiouk to social and rt for"""," ""label"": ""pleasant""}"
"{""id"": ""5e5c164fe0c333e0518de8f1"""," ""raw_tweet"": ""Welcome Liz great to have you here.   Have you thoughts to share with us on the topic? #positivity #irishhealthhour"""," ""processed_tweet"": "" us share irishealthour to here welcome with topic positivity on the have great thoughts liz you have"""," ""label"": ""surprise""}"
"{""id"": ""5e5c166be0c333e0518de8f7"""," ""raw_tweet"": ""#rtArtBoost #LGTWO  recommended by ????"""," ""processed_tweet"": "" lgtwo rtartbost by recomended ????"""," ""label"": ""excitement""}"
"{""id"": ""5e5c166ce0c333e0518de8f9"""," ""raw_tweet"": ""It's : 2020-03-01T20:09:09.8162938Z \n\n#tuesdaymotivation #funny #pets #followme #f4f #c4c #shout #love #me #cute  https://t.co/RhXuyG8Uu2"""," ""processed_tweet"": "" folowme htps 01t20 c4c co pets shout rhxuyg8uu2 cute  2020 \n\n me t 09 tuesdaymotivation 8162938z funy love 03 f4f it's"""," ""label"": ""angry""}"
"{""id"": ""5e5c1671e0c333e0518de8fb"""," ""raw_tweet"": ""RT @cptn_crypt0: ???? ?????? My #trusted #erc20 #wallet\n\n@TrustWalletApp\n\n????Bonus 100 Points????\n\n????????????????????????????????????????????????????????\n\nhttps://t.co/UYDgR7E3Of\n\nERC-20 Ac """," ""processed_tweet"": "" crypt0 ac  my pointsco trusted erc20 100 trustwaletapbonus """," ""label"": ""excitement""}"
"{""id"": ""5e5c1679e0c333e0518de8fd"""," ""raw_tweet"": ""RT @Eliaspedersen8: Dreaming with a broken heart!?????? #singing #shawnmendes #johnmayer #viral #like https://t.co/oDF9OODSo8"""," ""processed_tweet"": "" dreaming a johnmayer odf9odso8 singing htps eliaspedersen8 t co heart ?????? shawnmendes viral like broken rt with"""," ""label"": ""excitement""}"
"{""id"": ""5e5c1682e0c333e0518de8ff"""," ""raw_tweet"": ""RT @Amonte_69: Should i wear underwear ???? orrr ?????? ???????????????\nAdd me on snapchat ; king_mont12 ????\n#follow #cakes #like #retweet https://t.co/1c9HhGT """," ""processed_tweet"": "" nad 69 htps co should like 1c9hhgt  me ???? t cakes ????\n on folow or snapchat i wear underwear mont12 retwet king rt amonte"""," ""label"": ""pleasant""}"
"{""id"": ""5e5c168be0c333e0518de901"""," ""raw_tweet"": ""Of course. I believe positivity is a choice you make everyday. The emotions follow. #irishhealthhour"""," ""processed_tweet"": "" a believe you i everyday the positivity emotions of course folow make is choice irishealthour"""," ""label"": ""pleasant""}"
"{""id"": ""5e5c168de0c333e0518de903"""," ""raw_tweet"": ""RT @cptn_crypt0: ???? ?????? My #trusted #erc20 #wallet\n\n@TrustWalletApp\n\n????Bonus 100 Points????\n\n????????????????????????????????????????????????????????\n\nhttps://t.co/UYDgR7E3Of\n\nERC-20 Ac """," ""processed_tweet"": "" crypt0 ac  my to trusted erc20 100 trustwaletapbonus uydg"""," ""label"": ""excitement""}"
"{""id"": ""5e5c1697e0c333e0518de905"""," ""raw_tweet"": ""RT @vbp_vitor: Falling Harry Styles Cover \n??RT?\n- #sing #music #singer #song #singing #cover #love #voice #musician #vocals #guitar #singer """," ""processed_tweet"": "" faling vitor \n??rt music song voice styles singer singer  \n sing singing vbp cover guitar love vocals hary cover rt musician"""," ""label"": ""angry""}"
"{""id"": ""5e5c16a3e0c333e0518de907"""," ""raw_tweet"": ""RT @CelebrityMouse: Wass Up Twitter Can You Guys Go And View My New Music Video On Youtube Celebrity Mouse - Motivational Freestyle And Rem """," ""processed_tweet"": "" rem  motivational was guys music mouse up can video celebrity view twiter youtube and on new frestyle go you my rt celebritymouse"""," ""label"": ""excitement""}"
"{""id"": ""5e5c16bce0c333e0518de90b"""," ""raw_tweet"": ""RT @lunastone_xo: #RT if you d let me suck on your dick???? #Like if you d wanna titty fuck????\n\n#horny #onlyfansgirl #cumwhore #slutty #bigtits """," ""processed_tweet"": "" xo bigtits  onlyfansgirl suck fuck????\n\n cumwhore me horny if your lunastone you d on sluty tity wana let dick???? rt like"""," ""label"": ""surprise""}"
"{""id"": ""5e5c16bce0c333e0518de90d"""," ""raw_tweet"": ""Mecool M8S PRO L 4K Smart TV Box\nPrice : $39.99 was : $59.99\nhttps://t.co/q6wiYbLWGs\nhttps://t.co/rvjdzasV3F  https://t.co/yXoJXT7Cvq"""," ""processed_tweet"": "" 59 box\nprice yxojxt7cvq 99\nhtps q6wiyblwgs\nhtps mecol 99 rvjdzasv3f  39 htps t co pro l tv was smart m8s 4k"""," ""label"": ""angry""}"
"{""id"": ""5e5c16d6e0c333e0518de911"""," ""raw_tweet"": ""RT @cptn_crypt0: ???? ?????? My #trusted #erc20 #wallet\n\n@TrustWalletApp\n\n????Bonus 100 Points????\n\n????????????????????????????????????????????????????????\n\nhttps://t.co/UYDgR7E3Of\n\nERC-20 Ac """," ""processed_tweet"": "" crypt0 ac  my t  points trusted erc20 100 trustwaletap\n\n????bonus uydgr7e3of\n\nerc rt walet\n\n 20 cptn"""," ""label"": ""excitement""}"
"{""id"": ""5e5c16d9e0c333e0518de913"""," ""raw_tweet"": ""RT @Barbie_K3n_Doll: RocksBoys????? 2014 (TB)\n(K Fierce + Steele)\n\""Damn!!!! That Top Gotta Phat \nAss???? An The Bottom Looks?? Exactly Like My #DL """," ""processed_tweet"": "" botom that 2014 stele dol an \n \nas???? loks?? k3n barbie tb rocksboys????? dl  k the fierce gota top damn phat my exactly rt like"""," ""label"": ""pleasant""}"
"{""id"": ""5e5c16e4e0c333e0518de915"""," ""raw_tweet"": ""RT @Nico_Robin_slut: #RT Hello and welcome to the ship of the straw hat pirates ????\n\n????Don't send Hi or Hey ????\n\n???? DM for all ????\n\n???? young adult ???? """," ""processed_tweet"": "" send dm ????\n\n???? pirates the of al slut helo nico young hi or straw adult ????\n\n????don't ????  ship to welcome and robin hey hat rt for"""," ""label"": ""surprise""}"
"{""id"": ""5e5c16f6e0c333e0518de917"""," ""raw_tweet"": ""RT @Firehighlightss: Who Remembers this????????? #Willsmith #FreshPrince #Will #Smith #FreshPrinceofBelair #throwback #flashback #tbt #fbf #uncle """," ""processed_tweet"": "" this smith tbt firehighlights who remembers freshprinceofbelair uncle  flashback throwback ???????? freshprince rt wilsmith fbf wil"""," ""label"": ""surprise""}"
"{""id"": ""5e5c1702e0c333e0518de919"""," ""raw_tweet"": ""Relax Time with my love ???? #love #instagood #like #follow #photooftheday #happy #instagram #photography #beautiful  https://t.co/choQBC2aV1"""," ""processed_tweet"": ""????  choqbc2av1 hapy love photography htps instagod t beautiful  photoftheday co like folow my relax time with instagram"""," ""label"": ""happy""}"
"{""id"": ""5e5c1703e0c333e0518de91b"""," ""raw_tweet"": ""RT @ZenootUK: The best of British manufacturing in February 2020 ???????? - our look back at the biggest #UKmfg stories from last month:\n?????? https """," ""processed_tweet"": "" in february the \best 2020 british of our htps  month lok ukmfg \n?????? the at bigest back stories manufacturing from zenotuk last rt"""," ""label"": ""surprise""}"
"{""id"": ""5e5c1712e0c333e0518de91f"""," ""raw_tweet"": ""Break boundaries and Enjoy life.\n\n#life #quoteoftheday #quote #love #creativity #like #photography #art #girl  https://t.co/wdP879CBxf"""," ""processed_tweet"": "" art break quoteoftheday love photography enjoy htps wdp879cbxf and t co creativity like girl  quote \n\n boundaries life"""," ""label"": ""pleasant""}"
"{""id"": ""5e5c1715e0c333e0518de921"""," ""raw_tweet"": ""#like4likers #like4likeback #like4follow #like#like4followers #like#like4likes #like4like???? #like4follower  https://t.co/kXMxyjYqiC"""," ""processed_tweet"": "" like4likeback like4like???? like4likers htps t co like like4folower  like4folow like4likes kxmxyjyqic like4folowers"""," ""label"": ""surprise""}"
"{""id"": ""5e5c172de0c333e0518de923"""," ""raw_tweet"": ""RT @FiddlFaddl: We welcome you back Elvis! Hobo and Matty were cartoons too! https://t.co/hyAkx2picT"""," ""processed_tweet"": "" we htps elvis cartons welcome to and back t co were hyakx2pict maty rt fidlfadl you hobo"""," ""label"": ""surprise""}"
"{""id"": ""5e5c1737e0c333e0518de927"""," ""raw_tweet"": ""#like4likers #like4likeback #like4follow #like#like4followers #like#like4likes #like4like???? #like4follower  https://t.co/jc016jx6x2"""," ""processed_tweet"": "" like4likeback like4like???? like4likers htps t co like jc016jx6x2 like4folower  like4folow like4likes like4folowers"""," ""label"": ""surprise""}"
"{""id"": ""5e5c1747e0c333e0518de929"""," ""raw_tweet"": ""Our new toy. We are going to get some nice shots for our future films. #paymenow #sdqstudios #drewmoreproductions  https://t.co/O2FKhSNZiT"""," ""processed_tweet"": "" we are htps co going our t future drewmoreproductions  get some paymenow sdqstudios new to shots o2fkhsnzit our nice for toy films"""," ""label"": ""pleasant""}"
"{""id"": ""5e5c1762e0c333e0518de92d"""," ""raw_tweet"": ""#3 Can never have too many pictures of Dunnottar Castle! #keithclan"""," ""processed_tweet"": "" never castle to dunotar pictures many 3 can of keithclan have"""," ""label"": ""excitement""}"
"{""id"": ""5e5c177be0c333e0518de92f"""," ""raw_tweet"": ""New liked video try liking more videos than me! New liked video! #??Video #Youtube #Watch #LIYC #Like #Youtube.com\nhttps://t.co/mMyyJuCVIe"""," ""processed_tweet"": ""liked  me com\nhtps watch than videos youtube t co mmyjucvie more new liking video liyc try like ??video"""," ""label"": ""surprise""}"
"{""id"": ""5e5c1798e0c333e0518de931"""," ""raw_tweet"": ""It's : 2020-03-01T20:14:10.2571068Z \n\n#tuesdaymotivation #funny #pets #followme #f4f #c4c #shout #love #me #cute  https://t.co/RdWQZJbsng"""," ""processed_tweet"": "" folowme rdwqzjbsng htps 01t20 c4c co pets shout cute  2020 \n\n me 14 t 2571068z tuesdaymotivation funy 10 love 03 f4f it's"""," ""label"": ""angry""}"
"{""id"": ""5e5c17aae0c333e0518de933"""," ""raw_tweet"": ""RT @exposeasissy: Are YOU a C-O-C-K-S-U-C-K-E-R?\n#LIKE \n#SHARE\n#RETWEEET\n\n#EXPOSEASISSY.COM \n#Sissy #Exposure #Exposed\n\nONE ?????? winner PICKE """," ""processed_tweet"": "" a share\n like winer picke  exposure s retwet\n\n exposeasisy \n ?????? exposed\n\none o you sisy e u k exposeasisy c are r rt com"""," ""label"": ""pleasant""}"
"{""id"": ""5e5c17abe0c333e0518de935"""," ""raw_tweet"": ""RT @BAMN_NATION: @Musicpromoonews @stennrylander @phrodoe_ @AaronEryting @_LILGR33ZY @PetCountrySoul @JTomytronic @Maypureenterta1 @Uteswor """," ""processed_tweet"": "" lilgr33zy nation petcountrysoul musicpromonews stenrylander aaroneryting uteswor  phrodoe bamn maypurenterta1 rt jtomytronic"""," ""label"": ""surprise""}"
"{""id"": ""5e5c17bee0c333e0518de939"""," ""raw_tweet"": ""RT @PaulinaJCandy: I really fall in love with Dubai  ??????\n\n#model #fashion #photography #love #style #modeling #beauty #like #photooftheday # """," ""processed_tweet"": "" in  model i love photography paulinajcandy with style fal dubai beauty fashion modeling like photoftheday   rt realy"""," ""label"": ""surprise""}"
"{""id"": ""5e5c17e7e0c333e0518de93b"""," ""raw_tweet"": ""RT @AshleyN16578518: @Flexxy03 A rating out of you! \nPlease #like and #rate \nhttps://t.co/yT63wgvpUu"""," ""processed_tweet"": "" yt63wgvpuu \nplease \nhtps ashleyn16578518 rate and t rating co like a rt flexy03 you of out"""," ""label"": ""angry""}"
"{""id"": ""5e5c17f1e0c333e0518de93d"""," ""raw_tweet"": ""RT @tdidraevolve: The #body achieves what the mind believes\n Do not let what you can not do interfere with what you can do.  -@johnwoodenco """," ""processed_tweet"": "" interfere what achieves let do the tdidraevolve   mind the can believes\n do not johnwodenco  rt body with you"""," ""label"": ""surprise""}"
"{""id"": ""5e5c17f4e0c333e0518de93f"""," ""raw_tweet"": ""Hey guys x follow me and retweet for a dm!???? Dm me if you want to buy dropbox????????\n\n#horny #trade #nudes #follow #like  https://t.co/1ZfN8kcNzB"""," ""processed_tweet"": ""a  htps dm co buy like   you 1zfn8kcnzb me horny guys if t nudes trade want folow for dm to retwet dropboxand hey x"""," ""label"": ""pleasant""}"
"{""id"": ""5e5c17f8e0c333e0518de941"""," ""raw_tweet"": ""Look at the detail on these heels\n\nThe cushioning inside feels so spongy ???\n\nAND they re only ??35\n\nA colour that wil  https://t.co/j9v9FfjbF7"""," ""processed_tweet"": "" htps co the detail inside that spongy ???\n\nand j9v9ffjbf7 so t lok cushioning fels colour at on ??35\n\na they re hels\n\nthe these wil  only"""," ""label"": ""pleasant""}"
"{""id"": ""5e5c1800e0c333e0518de943"""," ""raw_tweet"": ""RT @EnjoyNature: Ocean and lighthouse at sunrise\n\n#photo #nature #cool #pictures #positivity #traveling https://t.co/oAztjUYist"""," ""processed_tweet"": "" photo nature oaztjuyist sunrise\n\n htps lighthouse col at positivity and traveling t co ocean rt enjoynature pictures"""," ""label"": ""pleasant""}"
"{""id"": ""5e5c1810e0c333e0518de945"""," ""raw_tweet"": ""RT @nikunjbajoria_: @Metroretail Option 3: Vinegar\n\n#MBaazar #Fashion #Contest #ContestAlert #FashionContest #ContestOfTheWeek #Style #Happ """," ""processed_tweet"": "" nikunjbajoria contestalert fashioncontest contest contestofthewek vinegar\n\n style 3 metroretail mbazar hap  rt fashion option"""," ""label"": ""surprise""}"
"{""id"": ""5e5c1825e0c333e0518de947"""," ""raw_tweet"": ""We debating plates now??? ???????? ?????????? #RicoRants #like #share #funny #comedy #black #melanin #Chicago #Woodside  https://t.co/BotS19vvSk"""," ""processed_tweet"": "" we comedy chicago htps t co plates melanin like debating ricorants wodside  bots19vsk funy share now black"""," ""label"": ""surprise""}"
"{""id"": ""5e5c184ce0c333e0518de949"""," ""raw_tweet"": ""RT @WhitneyHugel: How about 20 retweets to get the UNCENSORED version ???? \nOr you could hop over to https://t.co/rYyxsgLY6L to see this &amp; MUC """," ""processed_tweet"": "" this htps co whitneyhugel the \nor you ???? t about retwets could muc  20 se how get version uncensored to hop rt amp over ryyxsgly6l"""," ""label"": ""surprise""}"
"{""id"": ""5e5c184fe0c333e0518de94b"""," ""raw_tweet"": ""RT @elvisbulldoguk1: Sunday morning fun with my little brother have a wonderful day my friends ????????????\n#ZSHQ #bulldog #englishbulldog #puppy #b """," ""processed_tweet"": "" a b  brother zshq litle wonderful elvisbuldoguk1 day friends ????????????\n sunday my with have fun englishbuldog buldog morning pupy rt"""," ""label"": ""pleasant""}"
"{""id"": ""5e5c188ae0c333e0518de951"""," ""raw_tweet"": ""Which One ?!? ????\n#pes2020 #pes #fifa #football #433 #visubal #footballgames #pes2020t??rkiye #fifa20 #salah #mane  https://t.co/2nDHtdTIPm"""," ""processed_tweet"": "" 433 fotbalgames mane  htps one fifa20 t co salah ????\n fifa fotbal visubal pes2020t??rkiye which pes 2ndhtdtipm pes2020"""," ""label"": ""angry""}"
"{""id"": ""5e5c188ce0c333e0518de953"""," ""raw_tweet"": ""RT @KurtneySlut: Hey guys x follow me and retweet for a dm!???? Dm me if you want to buy dropbox????????\n\n#horny #trade #nudes #follow #like #retwee """," ""processed_tweet"": "" a dm buy like ???? you me horny guys if nudes trade kurtneyslut want retwe  folow for dm to retwet dropbox????????\n\n and hey rt x"""," ""label"": ""pleasant""}"
