"{""id"": ""5e5c21aee0c333e0518de957"""," ""raw_tweet"": ""It is a very sad thing that nowadays there is so little useless informa... #Sad #Useless  #SundayFunday    https://t.co/wTEvgXQEgU"""," ""processed_tweet"": ""a  useles htps nowadays co informa sundayfunday    litle very that so t sad useles thing sad is wtevgxqegu there it"""," ""label"": ""pleasant""}",,
"{""id"": ""5e5c21d9e0c333e0518de959"""," ""raw_tweet"": ""@WTP_BDiehards @deafgeoff it   s #amazing that @tb12. wants nothing to do with that #facetime call. lol ????    https://t.co/qOrYdGwToR"""," ""processed_tweet"": "" bdiehards htps facetime co that tb12 t nothing lol ????    cal do amazing it   s with wtp to wants deafgeof qorydgwtor"""," ""label"": ""surprise""}",,
"{""id"": ""5e5c21dee0c333e0518de95b"""," ""raw_tweet"": ""DF SPECIAL WEBHEAD WEEKEND TRIPLE TRIFECTA! #Amazing SPIDER-MAN 1 SPIDER-GWEN 1 SILK #1 #Exclusive ULTRA LIMITED MA    https://t.co/QPI2YJg8BQ"""," ""processed_tweet"": "" ultra htps webhead co amazing 1 t special silk wekend trifecta gwen df man triple limited ma    exclusive qpi2yjg8bq spider"""," ""label"": ""surprise""}",,
"{""id"": ""5e5c21e8e0c333e0518de95d"""," ""raw_tweet"": ""RT @IesoHealth: Feeling a touch of the blues? You're not alone! When #autumn turns to #winter  many of us might feel like going into hibern   """," ""processed_tweet"": "" a the touch like when might turns of going into you're autumn blues alone feling us fel hibern    to iesohealth many not rt winter"," ""label"": ""pleasant""}",,
"{""id"": ""5e5c21f3e0c333e0518de95f"""," ""raw_tweet"": ""@RaidersBeat it   s #amazing that @tb12. wants nothing to do with that #facetime call. lol ???? #allblackeverything    https://t.co/MVBfI2Or5G"""," ""processed_tweet"": "" that alblackeverything    htps to do facetime amazing tb12 wants t co nothing lol it   s raidersbeat cal with mvbfi2or5g"""," ""label"": ""pleasant""}",,
"{""id"": ""5e5c21ffe0c333e0518de961"""," ""raw_tweet"": ""@Daniell37166665 @3YearLetterman @realDonaldTrump The epitaph writes itself Danielle died not from the virus she ca    https://t.co/dOEpYIjTMf"""," ""processed_tweet"": "" daniel37166665 died htps the writes she from 3yearleterman daniele t co the epitaph virus not realdonaldtrump itself ca    doepyijtmf"""," ""label"": ""pleasant""}",,
"{""id"": ""5e5c2208e0c333e0518de963"""," ""raw_tweet"": ""Just watched #LockeAndKey  on #Netflix and seriously it's #Amazing https://t.co/HzEv1J81BB"""," ""processed_tweet"": "" just htps lockeandkey on and t co seriously netflix watched it's hzev1j81b amazing"""," ""label"": ""surprise""}",,
"{""id"": ""5e5c2216e0c333e0518de965"""," ""raw_tweet"": ""RT @TripsTricks: Arp??ge - Paris ????\nWho knew #grilled #vegetables could look so #Amazing\n\n#Lima #Peru #foodblogger #LuxuryTravel #bestrestaur   """," ""processed_tweet"": "" fodbloger tripstricks bestrestaur    could luxurytravel paris so lok lima peru knew vegetables amazing\n\n rt arp??ge ????\nwho griled"""," ""label"": ""angry""}",,
"{""id"": ""5e5c2223e0c333e0518de967"""," ""raw_tweet"": ""@tburages @tedlieu @realDonaldTrump And you are easily deceived.  #Sad"""," ""processed_tweet"": "" tedlieu easily are tburages sad deceived and realdonaldtrump you"""," ""label"": ""surprise""}",,
"{""id"": ""5e5c2227e0c333e0518de969"""," ""raw_tweet"": ""It's : 2020-03-01T20:59:13.0906711Z \n\n#tuesdaymotivation #funny #pets #followme #f4f #c4c #shout #love #me #cute    https://t.co/9GqMD9HGAp"""," ""processed_tweet"": "" folowme htps 01t20 c4c co pets shout 13 cute    2020 \n\n 59 me t 9gqmd9hgap tuesdaymotivation funy love 03 f4f it's 0906711z"""," ""label"": ""angry""}",,
"{""id"": ""5e5c2236e0c333e0518de96b"""," ""raw_tweet"": ""RT @aniaid999: So sad today. 3 Saint Bernards girls ready for their new lives leaving Egypt to UK. The airline would not check them in as f   """," ""processed_tweet"": "" girls aniaid999 in as lives ready airline bernards their check 3 sad so would the them leaving f    egypt new to today uk not saint rt for"""," ""label"": ""surprise""}",,
"{""id"": ""5e5c2256e0c333e0518de96d"""," ""raw_tweet"": ""With the #advancement of technology  many new smartphones are coming to the market  the new smartphones have a lot    https://t.co/vQU7YzB6XM"""," ""processed_tweet"": "" a lot advancement coming with new are to market  htps t co technology  the many vqu7yzb6xm smartphones of have"""," ""label"": ""pleasant""}",,
"{""id"": ""5e5c2262e0c333e0518de96f"""," ""raw_tweet"": ""https://t.co/CiXpTsnd2R for #travel #tech for #canada #Amazon #toronto #trip #adventure #goals #love #TFLers    https://t.co/poYSrbjwVp"""," ""processed_tweet"": "" travel htps goals love cixptsnd2r t co trip poysrbjwvp adventure tflers    tech canada amazon for toronto"""," ""label"": ""excitement""}",,
"{""id"": ""5e5c2263e0c333e0518de971"""," ""raw_tweet"": ""Just watched #LockeAndKey  on #Netflix and seriously it's #Amazing https://t.co/HzEv1J81BB"""," ""processed_tweet"": "" just htps lockeandkey on and t co seriously netflix watched it's hzev1j81b amazing"""," ""label"": ""surprise""}",,
"{""id"": ""5e5c2267e0c333e0518de973"""," ""raw_tweet"": ""RT @traveltechca: https://t.co/CiXpTsnd2R for #travel #tech for #canada #Amazon #toronto #trip #adventure #goals #love #TFLers #tweegram #p   """," ""processed_tweet"": "" traveltechca p    travel htps goals love cixptsnd2r tflers t co trip twegram adventure tech canada rt for amazon toronto"""," ""label"": ""excitement""}",,
"{""id"": ""5e5c2289e0c333e0518de975"""," ""raw_tweet"": ""RT @Emolclause: #BREAKING:In a STINGING dissenting opinion #SupremeCourt Justice #Sotomayor CALLED OUT her 5 Conservative colleagues for es   """," ""processed_tweet"": "" a stinging out her 5 disenting sotomayor opinion  coleagues breaking supremecourt conservative emolclause in rt for caled justice es   """," ""label"": ""pleasant""}",,
"{""id"": ""5e5c228be0c333e0518de977"""," ""raw_tweet"": ""RT @MikeBoneMusic: I believe in GOD...not because anyone told me to. But because I've felt how Amazing His Love is!\n\n#Amazing #Love \nhttps:   """," ""processed_tweet"": "" in \nhtps mikebonemusic felt \n\n     amazing me god but because i told is believe love i've to anyone how not his rt"""," ""label"": ""surprise""}",,
"{""id"": ""5e5c2294e0c333e0518de979"""," ""raw_tweet"": ""RT @HindAbuelgasim: Sky Fire ?????????? @CanadaReTweet @B_Ubiquitous @500pxrtg #sunset #fire #clouds #beautiful #amazing #sky #timelapse #video #v   """," ""processed_tweet"": "" beautiful time lapse 500pxrtg sky video v    canadaretwet amazing sunset sky ubiquitous fire clouds rt b hindabuelgasim fire"""," ""label"": ""pleasant""}",,
"{""id"": ""5e5c22ade0c333e0518de97b"""," ""raw_tweet"": ""That Smile! @heydama @crowdusbar\n#thedjnoblephotography #thedjnoble #photography #dfwphotographer #instagood    https://t.co/7uOKVT30TP"""," ""processed_tweet"": "" smile photography that instagod    htps t dfwphotographer heydama co crowdusbar\n thedjnoblephotography thedjnoble 7uokvt30tp"""," ""label"": ""surprise""}",,
"{""id"": ""5e5c22c2e0c333e0518de97d"""," ""raw_tweet"": ""RT @TripsTricks: ???????? Yi Peng Lantern Festival - Thailand ????\nRelease the #lanterns with the locals in this #amazing #Festival \n\n#TheMoreYouKno   """," ""processed_tweet"": "" lantern in this locals tripstricks yi amazing ????\nrelease peng the ???????? thailand lanterns \n\n festival rt with themoreyoukno   """," ""label"": ""pleasant""}",,
"{""id"": ""5e5c22f0e0c333e0518de97f"""," ""raw_tweet"": ""@Ummismaelsf @Archivist1000 @LuciusOpimius @ANHEDONISM @emrazz You have that absolutely right! #SAD #InjusticeAgainstWomen"""," ""processed_tweet"": "" archivist1000 that umismaelsf emraz right anhedonism injusticeagainstwomen sad absolutely luciusopimius you have"""," ""label"": ""pleasant""}",,
"{""id"": ""5e5c2314e0c333e0518de981"""," ""raw_tweet"": ""RT @TripsTricks: We're super sorry for the #Italian #tourist diagnosed with #COVID2019 in Tenerife (Spain). This #virus is making everyone   """," ""processed_tweet"": "" in tripstricks everyone    the italian this super we're sory diagnosed making virus spain is with tourist tenerife covid2019 rt for"""," ""label"": ""surprise""}",,
"{""id"": ""5e5c2322e0c333e0518de983"""," ""raw_tweet"": ""Inhale  Exhale and Just Be. ???\nPC: @sjmet11 \n#instagood #girl #love #photoshoot #picture #lovely #blueeyes #legs    https://t.co/d36J0cvRkd"""," ""processed_tweet"": "" be htps lovely sjmet11 co photoshot girl \n just picture instagod t d36j0cvrkd legs npc exhale love and inhale  blueyes"""," ""label"": ""happy""}",,
"{""id"": ""5e5c2333e0c333e0518de985"""," ""raw_tweet"": ""#wishicouldgetnoticed so hard to be a singer and not get noticed in this city!!! #sad https://t.co/HFVh3EjiQE"""," ""processed_tweet"": ""a in this  noticed htps to hard get so hfvh3ejiqe and t co city not sad singer be wishicouldgetnoticed"""," ""label"": ""pleasant""}",,
"{""id"": ""5e5c2334e0c333e0518de987"""," ""raw_tweet"": ""@thelittleleftie Sorry to read this. What is the point of an echo chamber where you unfollow someone just because y    https://t.co/9nG75tp7nD"""," ""processed_tweet"": "" this someone htps co the point you of thelitleleftie an unfolow where echo t read because sory 9ng75tp7nd is chamber what to y    just"""," ""label"": ""surprise""}",,
"{""id"": ""5e5c2353e0c333e0518de989"""," ""raw_tweet"": ""It's : 2020-03-01T21:04:13.5015299Z \n\n#tuesdaymotivation #funny #pets #followme #f4f #c4c #shout #love #me #cute    https://t.co/66N3CmkVNc"""," ""processed_tweet"": "" folowme htps c4c co pets shout 66n3cmkvnc 13 cute    2020 \n\n 01t21 me 5015299z t tuesdaymotivation funy 04 love 03 f4f it's"""," ""label"": ""angry""}",,
"{""id"": ""5e5c235ee0c333e0518de98b"""," ""raw_tweet"": ""RT @JimSteeleAuthor: Loving my #AmazonMusic #playlist ! Every week a new one pops up- half the songs I haven   t even downloaded... they just   """," ""processed_tweet"": "" a haven   t the even downloaded half jimsteleauthor loving i playlist amazonmusic they my one up new just    every songs pops rt wek"""," ""label"": ""pleasant""}",,
"{""id"": ""5e5c2362e0c333e0518de98d"""," ""raw_tweet"": ""MAGA fans go wild as coronavirus hits blue states:    Dems are dumb enough to get sick to make Trump look bad    #sad    https://t.co/RaGdfi6BXe"""," ""processed_tweet"": "" as are htps co sick fans dumb blue hits trump go bad    t lok sad    get    dems make states wild ragdfi6bxe to enough coronavirus maga"""," ""label"": ""pleasant""}",,
"{""id"": ""5e5c2366e0c333e0518de98f"""," ""raw_tweet"": ""56 seconds of Amazing blues harmonica \""the seeker\"" https://t.co/rFkjnOpW3D #art #poetry #music #blues #youtube    https://t.co/s3gJcAKzvs"""," ""processed_tweet"": "" seker art music htps harmonica rfkjnopw3d youtube    blues seconds t co the 56 poetry s3gjcakzvs of amazing"""," ""label"": ""surprise""}",,
"{""id"": ""5e5c236ee0c333e0518de991"""," ""raw_tweet"": ""March 13 ??????\n.\n.\n.\n.\n#emotrap #emo #lilpeep #trap #emorap #rap #sad #hiphop #soundcloudrapper #soundcloud\n#retro    https://t.co/cLamPFm8bW"""," ""processed_tweet"": "" rap soundcloud\n clampfm8bw htps emotrap trap t retro    co emo 13 march lilpep sad hiphop soundcloudraper emorap \n ??????\n"""," ""label"": ""excitement""}",,
"{""id"": ""5e5c2373e0c333e0518de993"""," ""raw_tweet"": ""Isn`t it awesome?\n\n #gadgets #style #shop #shopping #amazing #choice #kids #fashion #f4f #dealstreetonline https://t.co/WAbc6WwqBJ"""," ""processed_tweet"": "" shoping kids htps wabc6wwqbj style amazing t co fashion f4f isn`t \n\n awesome dealstretonline gadgets shop choice it"""," ""label"": ""surprise""}",,
"{""id"": ""5e5c2374e0c333e0518de995"""," ""raw_tweet"": ""RT @FallonWestxxx: Inhale  Exhale and Just Be. ???\nPC: @sjmet11 \n#instagood #girl #love #photoshoot #picture #lovely #blueeyes #legs #modelin   """," ""processed_tweet"": "" just ???\npc exhale be love falonwestx picture lovely sjmet11 instagod legs and photoshot girl blueyes inhale  modelin    rt \n"""," ""label"": ""surprise""}",,
"{""id"": ""5e5c2378e0c333e0518de997"""," ""raw_tweet"": ""RT @thePopUpTalk: Talent truly has no barriers.. This artist is so Talented and simply Amazing???? he's had so different videos using differen   """," ""processed_tweet"": "" talent this so diferent no amazing???? bariers using videos simply is has he's talented and artist truly rt had diferen    thepopuptalk"""," ""label"": ""pleasant""}",,
"{""id"": ""5e5c2389e0c333e0518de999"""," ""raw_tweet"": ""RT @aniaid999: So sad today. 3 Saint Bernards girls ready for their new lives leaving Egypt to UK. The airline would not check them in as f   """," ""processed_tweet"": "" girls aniaid999 in as lives ready airline bernards their check 3 sad so would the them leaving f    egypt new to today uk not saint rt for"""," ""label"": ""surprise""}",,
"{""id"": ""5e5c238ee0c333e0518de99b"""," ""raw_tweet"": ""My happy little boy  cuddly boy... I'm thinking of you darling! You're my angel... ??????????????????????????????????????\n#Changes #sad #Grumpy    https://t.co/e2vq7sFCq9"""," ""processed_tweet"": ""my happy little boy  cuddly boy i am thinking of you darling you are my angel"""," ""label"": ""pleasant""}",,
"{""id"": ""5e5c238fe0c333e0518de99d"""," ""raw_tweet"": ""RT @Emolclause: #BREAKING:Turns out the same day #Barr became AG he INSTALLED HIS DAUGHTER at #Mnuchin's Treasury where she among other thi   """," ""processed_tweet"": "" his among the turns day where daughter other ag he bar she breaking at treasury mnuchin's same thi    became emolclause rt out instaled"""," ""label"": ""surprise""}",,
"{""id"": ""5e5c239ce0c333e0518de99f"""," ""raw_tweet"": ""RT @ghostevps: It is #amazing what is around you both #seen and unseen. Part 7 of my #ghost walk a #paranormal #investigation https://t.co/   """," ""processed_tweet"": "" a walk htps around co ghostevps     you of what 7 investigation t paranormal amazing sen my ghost is both unsen and it rt part"""," ""label"": ""pleasant""}",,
"{""id"": ""5e5c23a5e0c333e0518de9a1"""," ""raw_tweet"": ""@martharoberts Shit they are. This is not a good look.\n\nPoor piggies.\n\n#sad"""," ""processed_tweet"": "" a are god martharoberts pigies they shit not \n\npor \n\n is lok sad this"""," ""label"": ""pleasant""}",,
"{""id"": ""5e5c23c6e0c333e0518de9a3"""," ""raw_tweet"": ""RT @Emolclause: #BREAKING:Turns out the same day #Barr became AG he INSTALLED HIS DAUGHTER at #Mnuchin's Treasury where she among other thi   """," ""processed_tweet"": "" his among the turns day where daughter other ag he bar she breaking at treasury mnuchin's same thi    became emolclause rt out instaled"""," ""label"": ""surprise""}",,
"{""id"": ""5e5c23c9e0c333e0518de9a5"""," ""raw_tweet"": ""RT @Emolclause: #BREAKING:Turns out the same day #Barr became AG he INSTALLED HIS DAUGHTER at #Mnuchin's Treasury where she among other thi   """," ""processed_tweet"": "" his among the turns day where daughter other ag he bar she breaking at treasury mnuchin's same thi    became emolclause rt out instaled"""," ""label"": ""surprise""}",,
"{""id"": ""5e5c23f4e0c333e0518de9a7"""," ""raw_tweet"": ""RT @DanielsWeek1: Isa 52 My #Servant will #Succeed in His #Task\nMany #people were #Shocked when they saw #Him\nHe was so #disfigured that He   """," ""processed_tweet"": "" 52 in task\nmany when suced that so saw isa were he    people shocked they danielswek1 him\nhe wil my servant was his rt disfigured"""," ""label"": ""angry""}",,
"{""id"": ""5e5c240fe0c333e0518de9ab"""," ""raw_tweet"": ""RT @Emolclause: #BREAKING:Turns out the same day #Barr became AG he INSTALLED HIS DAUGHTER at #Mnuchin's Treasury where she among other thi   """," ""processed_tweet"": "" his among the turns day where daughter other ag he bar she breaking at treasury mnuchin's same thi    became emolclause rt out instaled"""," ""label"": ""surprise""}",,
"{""id"": ""5e5c2415e0c333e0518de9ad"""," ""raw_tweet"": ""RT @ZibaLady1: Biden Campaign is now using a prompter to minimize his gaffes. But the man is so far gone #BrainDamage that even with the us   """," ""processed_tweet"": "" a gone gafes man the us    braindamage now that even so biden zibalady1 but using is with prompter his campaign to far rt minimize"""," ""label"": ""pleasant""}",,
"{""id"": ""5e5c241fe0c333e0518de9af"""," ""raw_tweet"": ""RT @aniaid999: So sad today. 3 Saint Bernards girls ready for their new lives leaving Egypt to UK. The airline would not check them in as f   """," ""processed_tweet"": "" girls aniaid999 in as lives ready airline bernards their check 3 sad so would the them leaving f    egypt new to today uk not saint rt for"""," ""label"": ""surprise""}",,
"{""id"": ""5e5c2436e0c333e0518de9b1"""," ""raw_tweet"": ""RT @TidalWaveProd: Thanks to the amazing Stormy Daniels for signing our comic book Biography we did on her. Wait to you see what we do next   """," ""processed_tweet"": "" wait the stormy next    you her signing what our did we tidalwaveprod daniels se do amazing on thanks biography to bok rt for comic"""," ""label"": ""pleasant""}",,
"{""id"": ""5e5c2480e0c333e0518de9b3"""," ""raw_tweet"": ""It's : 2020-03-01T21:09:13.9514644Z \n\n#tuesdaymotivation #funny #pets #followme #f4f #c4c #shout #love #me #cute    https://t.co/5SRwLZfYwT"""," ""processed_tweet"": "" folowme htps c4c co pets shout 5srwlzfywt 13 cute    2020 \n\n 01t21 me t 09 tuesdaymotivation 9514644z funy love 03 f4f it's"""," ""label"": ""angry""}",,
"{""id"": ""5e5c249ae0c333e0518de9b5"""," ""raw_tweet"": ""RT @TripsTricks: Have you ever heard of Mirazur (France)? ????????????\nThis #amazing 3 #Michelin Stars #restaurant has won first place in \""The world   """," ""processed_tweet"": "" ????????????\nthis in won tripstricks have world    you of stars 3 ever first michelin the restaurant amazing heard mirazur france has place rt"""," ""label"": ""surprise""}",,
"{""id"": ""5e5c24a1e0c333e0518de9b7"""," ""raw_tweet"": ""Speaking of #applepie... good time to take a break from #writing and eat some real apple pie.\n\nI wrote 2.1 chapters    https://t.co/KAC4yOL8YK"""," ""processed_tweet"": "" a \n\ni wrote htps co speaking 2 break chapters    of pie kac4yol8yk 1 t aple eat some take aplepie god writing to from and real time"""," ""label"": ""pleasant""}",,
"{""id"": ""5e5c24a3e0c333e0518de9b9"""," ""raw_tweet"": ""Coming Soon\nNice Sunny day for cute zebras walking on meadow Jigsaw Puzzle Watercolor Illustration\n#zuzzle #zebra    https://t.co/XQIwNHcrTJ"""," ""processed_tweet"": "" meadow htps walking suny co zebra    cute zuzle day t watercolor jigsaw son\nnice ilustration\n on puzle xqiwnhcrtj coming zebras for"""," ""label"": ""pleasant""}",,
"{""id"": ""5e5c24fae0c333e0518de9bb"""," ""raw_tweet"": ""RT @Julietta_com: Swipe for ???? .. peaches????\n#juliettasanchez #kimkalash #blondehair #brunette #babes #instagirls #jeans #mallorca #sun #summe   """," ""processed_tweet"": "" sun brunete kimkalash babes julietasanchez jeans peaches????\n instagirls swipe com ???? blondehair malorca sume    rt for julieta"""," ""label"": ""surprise""}",,
"{""id"": ""5e5c2514e0c333e0518de9bf"""," ""raw_tweet"": ""@CillizzaCNN Lace beaten by Musketeers? #Sad"""," ""processed_tweet"": "" beaten sad by cilizacn musketers lace"""," ""label"": ""pleasant""}",,
"{""id"": ""5e5c2557e0c333e0518de9c5"""," ""raw_tweet"": ""RT @Freedom4Horses: This mother tried so hard to protect her baby. She couldn't fight off the helicopters. Imagine having a baby in your be   """," ""processed_tweet"": "" a in having the her this protect mother baby hard so your helicopters tried fight she fredom4horses of to imagine rt be    couldn't"""," ""label"": ""pleasant""}",,
"{""id"": ""5e5c25ace0c333e0518de9c7"""," ""raw_tweet"": ""It's : 2020-03-01T21:14:14.2991337Z \n\n#tuesdaymotivation #funny #pets #followme #f4f #c4c #shout #love #me #cute    https://t.co/9gzO8jatLQ"""," ""processed_tweet"": "" folowme 2991337z htps 9gzo8jatlq c4c co pets shout cute    2020 \n\n 01t21 me 14 t tuesdaymotivation funy love 03 f4f it's"""," ""label"": ""angry""}",,
"{""id"": ""5e5c25c4e0c333e0518de9c9"""," ""raw_tweet"": ""RT @LittleMissKit14: Gots a new #diaper on!! Look how #cute my #elephants are!!! I have the most #amazing #daddy ever!!\n\n#abdlgirl #diaperg   """," ""processed_tweet"": "" a elephants are the dady cute \n\n diaperg    lok ever most i gots amazing on abdlgirl my have new litlemiskit14 how rt diaper"""," ""label"": ""pleasant""}",,
"{""id"": ""5e5c25dbe0c333e0518de9cb"""," ""raw_tweet"": ""RT @Julietta_com: Swipe for ???? .. peaches????\n#juliettasanchez #kimkalash #blondehair #brunette #babes #instagirls #jeans #mallorca #sun #summe   """," ""processed_tweet"": "" sun brunete kimkalash babes julietasanchez jeans peaches????\n instagirls swipe com ???? blondehair malorca sume    rt for julieta"""," ""label"": ""surprise""}",,
"{""id"": ""5e5c2602e0c333e0518de9cd"""," ""raw_tweet"": ""@jackhutton @DB4WorldJustice @shaunking @BernieSanders Sooo less followers means facts are somehow less factual? Du    https://t.co/ekJO0QdZ2R"""," ""processed_tweet"": "" so jackhuton facts are du    db4worldjustice means htps ekjo0qdz2r shaunking t co factual folowers berniesanders somehow les"""," ""label"": ""pleasant""}",,
"{""id"": ""5e5c260fe0c333e0518de9cf"""," ""raw_tweet"": ""RT @ZibaLady1: Biden Campaign is now using a prompter to minimize his gaffes. But the man is so far gone #BrainDamage that even with the us   """," ""processed_tweet"": "" a gone gafes man the us    braindamage now that even so biden zibalady1 but using is with prompter his campaign to far rt minimize"""," ""label"": ""pleasant""}",,
"{""id"": ""5e5c2619e0c333e0518de9d1"""," ""raw_tweet"": ""Swipe 4 surprises* christakisal yooitstroyb tntdion1 tyler_durniak_comedy swipe 4 a suprise #bodynegative bich 2020    https://t.co/O7N0S9BqRW"""," ""processed_tweet"": "" christakisal a yoitstroyb swipe comedy htps o7n0s9bqrw durniak bich tyler bodynegative t swipe co 4 tntdion1 suprise surprises 2020   """," ""label"": ""excitement""}",,
"{""id"": ""5e5c2636e0c333e0518de9d3"""," ""raw_tweet"": ""@pokimanelol destroys erect legal child porbo #sad"""," ""processed_tweet"": "" destroys pokimanelol sad legal erect porbo child"""," ""label"": ""excitement""}",,
"{""id"": ""5e5c2660e0c333e0518de9d9"""," ""raw_tweet"": ""#audi #amazing #porsche 4 in 1 Dual USB Car Chargers https://t.co/H2yLl0nHLP"""," ""processed_tweet"": "" in htps amazing dual 1 t co 4 usb audi chargers porsche h2yll0nhlp car"""," ""label"": ""surprise""}",,
"{""id"": ""5e5c2665e0c333e0518de9db"""," ""raw_tweet"": ""RT @Julietta_com: Swipe for ???? .. peaches????\n#juliettasanchez #kimkalash #blondehair #brunette #babes #instagirls #jeans #mallorca #sun #summe   """," ""processed_tweet"": "" sun brunete kimkalash babes julietasanchez jeans peaches????\n instagirls swipe com ???? blondehair malorca sume    rt for julieta"""," ""label"": ""surprise""}",,
"{""id"": ""5e5c2673e0c333e0518de9dd"""," ""raw_tweet"": ""@BBC_TopGear the #colinmcrae piece reminds me of the real #rallydays #amazing"""," ""processed_tweet"": ""bc  piece me amazing reminds topgear the ralydays colinmcrae real of"""," ""label"": ""surprise""}",,
"{""id"": ""5e5c267de0c333e0518de9df"""," ""raw_tweet"": ""RT @Emolclause: #BREAKING:Turns out while @senatemajldr &amp; Co. are RAMMIMG THROUGH federal judges because \""elections matter\"""," ""processed_tweet"": "" in are turns mater elections co and while because breaking judges senatemajldr through oregon federal ramimg emolclause rt amp out"""," ""label"": ""surprise""}",,
"{""id"": ""5e5c268de0c333e0518de9e1"""," ""raw_tweet"": ""@ajconwashington @woodruffbets So much for this church's preaching of redemption and grace. #sad #birmingham"""," ""processed_tweet"": "" this redemption ajconwashington grace and birmingham preaching wodrufbets sad for church's of much so"""," ""label"": ""surprise""}",,
"{""id"": ""5e5c2697e0c333e0518de9e3"""," ""raw_tweet"": ""@ajconwashington @woodruffbets So much for this church's preaching of redemption and grace. #sad #birmingham"""," ""processed_tweet"": "" this redemption ajconwashington grace and birmingham preaching wodrufbets sad for church's of much so"""," ""label"": ""surprise""}",,
"{""id"": ""5e5c26b5e0c333e0518de9e5"""," ""raw_tweet"": ""I'm soo grateful for life and everything in it???????????? #humble #blessings #grateful #focused #timeisoftheessence #live    https://t.co/9g7oqRqN9V"""," ""processed_tweet"": "" in it???????????? live    htps grateful humble and t i'm co timeisofthesence 9g7oqrqn9v focused for life blesings so everything"""," ""label"": ""surprise""}",,
"{""id"": ""5e5c26b9e0c333e0518de9e7"""," ""raw_tweet"": ""RT @aniaid999: So sad today. 3 Saint Bernards girls ready for their new lives leaving Egypt to UK. The airline would not check them in as f   """," ""processed_tweet"": "" girls aniaid999 in as lives ready airline bernards their check 3 sad so would the them leaving f    egypt new to today uk not saint rt for"""," ""label"": ""surprise""}",,
"{""id"": ""5e5c26c1e0c333e0518de9e9"""," ""raw_tweet"": ""RT @Julietta_com: Swipe for ???? .. peaches????\n#juliettasanchez #kimkalash #blondehair #brunette #babes #instagirls #jeans #mallorca #sun #summe   """," ""processed_tweet"": "" sun brunete kimkalash babes julietasanchez jeans peaches????\n instagirls swipe com ???? blondehair malorca sume    rt for julieta"""," ""label"": ""surprise""}",,
"{""id"": ""5e5c26cee0c333e0518de9eb"""," ""raw_tweet"": ""@ajconwashington @woodruffbets So much for this church's preaching of redemption and grace. #sad #birmingham"""," ""processed_tweet"": "" this redemption ajconwashington grace and birmingham preaching wodrufbets sad for church's of much so"""," ""label"": ""surprise""}",,
"{""id"": ""5e5c26d8e0c333e0518de9ed"""," ""raw_tweet"": ""It's : 2020-03-01T21:19:14.5502413Z \n\n#tuesdaymotivation #funny #pets #followme #f4f #c4c #shout #love #me #cute    https://t.co/EJaJTszOot"""," ""processed_tweet"": "" folowme htps ejajtszoot c4c co pets shout cute    2020 \n\n 01t21 me 14 t tuesdaymotivation 5502413z funy love 19 03 f4f it's"""," ""label"": ""angry""}",,
"{""id"": ""5e5c26e3e0c333e0518de9ef"""," ""raw_tweet"": ""RT @AutosOptimus: #audi #amazing #porsche 4 in 1 Dual USB Car Chargers https://t.co/H2yLl0nHLP"""," ""processed_tweet"": "" in htps h2yll0nhlp amazing dual 1 t co 4 usb audi chargers rt porsche autosoptimus car"""," ""label"": ""surprise""}",,
"{""id"": ""5e5c26ffe0c333e0518de9f1"""," ""raw_tweet"": ""It Seems Apparent That Our Education System Doesn't Matter to Our Politicians Anymore. Every Year Less &amp; Less Fundi    https://t.co/okq42de4zn"""," ""processed_tweet"": "" doesn't system htps that co mater politicians year t les sems fundi    anymore aparent okq42de4zn to education every it our amp"""," ""label"": ""pleasant""}",,
"{""id"": ""5e5c2706e0c333e0518de9f3"""," ""raw_tweet"": ""@Atypical__Amber This was just cringeworthy  to watch #Sad"""," ""processed_tweet"": "" watch to cringeworthy sad amber just was atypical this"""," ""label"": ""pleasant""}",,
"{""id"": ""5e5c2710e0c333e0518de9f5"""," ""raw_tweet"": ""@realDonaldTrump @nytimes @washingtonpost @comcast @ABC @CBSNews The Fake news media lost all credibility and we'll    https://t.co/d1KMS6AQxF"""," ""processed_tweet"": "" lost credibility washingtonpost htps the news media d1kms6aqxf comcast and t co cbsnews abc realdonaldtrump fake we'l    nytimes al"""," ""label"": ""excitement""}",,
"{""id"": ""5e5c2710e0c333e0518de9f7"""," ""raw_tweet"": ""#???? It's A #lifestyle IT'S WHAT I DO! #gym #24hourfitness #workout #motivation #key #goals #fitness #gymrat    https://t.co/zNCHTvf3uU"""," ""processed_tweet"": "" goals htps co znchtvf3uu a workout 24hourfitnes it's key do t ???? gym motivation i lifestyle what fitnes gymrat    it's"""," ""label"": ""pleasant""}",,
"{""id"": ""5e5c2749e0c333e0518de9ff"""," ""raw_tweet"": ""RT @sofiartmedia: Coming Soon\nNice Sunny day for cute zebras walking on meadow Jigsaw Puzzle Watercolor Illustration\n#zuzzle #zebra #summer   """," ""processed_tweet"": "" son\nnice meadow ilustration\n day zebra walking coming on suny zebras sumer    cute zuzle rt for watercolor puzle jigsaw sofiartmedia"""," ""label"": ""surprise""}",,
"{""id"": ""5e5c275ae0c333e0518dea01"""," ""raw_tweet"": ""#DQuick       @originaldquick    featured in    #MusicLov3rz    #WW Magazine February edition    #NewSingle       #AMAZING    for    https://t.co/6C68sOmb14"""," ""processed_tweet"": "" in february 6c68somb14 featured for    htps edition amazing    newsingle    magazine originaldquick    dquick    w t co musiclov3rz       """," ""label"": ""surprise""}",,
"{""id"": ""5e5c2762e0c333e0518dea03"""," ""raw_tweet"": ""@ajconwashington @woodruffbets So much for this church's preaching of redemption and grace. #sad #birmingham"""," ""processed_tweet"": "" this redemption ajconwashington grace and birmingham preaching wodrufbets sad for church's of much so"""," ""label"": ""surprise""}",,
"{""id"": ""5e5c276ce0c333e0518dea05"""," ""raw_tweet"": ""@Clarknt67 @FiveThirtyEight Sooo you're a sexist and think a woman needs a man to save her and not treat her as an    https://t.co/eKUay6ntoz"""," ""processed_tweet"": "" a treat as htps co man think save her so an    clarknt67 fivethirtyeight t sexist ekuay6ntoz woman neds to and you're not"""," ""label"": ""pleasant""}",,
"{""id"": ""5e5c2775e0c333e0518dea07"""," ""raw_tweet"": ""2020 #canam #DEFENDER #LTDMAX from Stock to #WOW To see a list of accessories and more pictures of this #amazing tr    https://t.co/6M3TwohcX2"""," ""processed_tweet"": "" wow a this 6m3twohcx2 htps acesories tr    co 2020 to canam of t defender se amazing list stock pictures to ltdmax from and more"""," ""label"": ""pleasant""}",,
"{""id"": ""5e5c277be0c333e0518dea09"""," ""raw_tweet"": ""I'm done crying now\n#meme #memes #hilarious #repost #explorepage #explore #follow #followers #funny #worldstar    https://t.co/W6qHWJhnOF"""," ""processed_tweet"": "" hilarious htps repost done explore t co i'm folow crying meme now\n w6qhwjhnof worldstar    explorepage folowers memes funy"""," ""label"": ""surprise""}",,
"{""id"": ""5e5c2797e0c333e0518dea0b"""," ""raw_tweet"": ""#DQuick       @originaldquick    featured in    #MusicLov3rz    #WW Magazine February edition    #NewSingle       #AMAZING    for    https://t.co/NgmU954CfF"""," ""processed_tweet"": "" in february ngmu954cff featured for    htps edition amazing    newsingle    magazine originaldquick    dquick    w t co musiclov3rz       """," ""label"": ""surprise""}",,
"{""id"": ""5e5c27a5e0c333e0518dea0d"""," ""raw_tweet"": ""RT @PershingSoldier: You own it.  Take responsibility for the shame you deserve and be happy you are not in jail.  Yet.  #sad #nasty \nHer o   """," ""processed_tweet"": "" in yet are the you be \nher responsibility sad o    deserve nasty hapy own jail take you pershingsoldier and not shame rt for it"""," ""label"": ""surprise""}",,
"{""id"": ""5e5c27a8e0c333e0518dea0f"""," ""raw_tweet"": ""#DQuick       @originaldquick    featured in    #MusicLov3rz    #WW Magazine February edition    #NewSingle       #AMAZING    for    https://t.co/CFCqe58FUk"""," ""processed_tweet"": "" in february featured for    htps edition amazing    newsingle    magazine originaldquick    dquick    w t co musiclov3rz    cfcqe58fuk    """," ""label"": ""surprise""}",,
"{""id"": ""5e5c27b3e0c333e0518dea11"""," ""raw_tweet"": ""RT @JWVegas1: Eventually it will all come out. And it will be horrifying as to the extent and the people involved. https://t.co/gh19BOINC4"""," ""processed_tweet"": "" as htps co the extent be al t and come people gh19boinc4 eventualy involved to wil and jwvegas1 horifying rt out it"""," ""label"": ""pleasant""}",,
"{""id"": ""5e5c27bae0c333e0518dea13"""," ""raw_tweet"": ""@realDonaldTrump @nytimes @washingtonpost @comcast @ABC @CBSNews What's pathetic is you MAGA people think the whole    https://t.co/nYee4S6wkn"""," ""processed_tweet"": "" whole    people washingtonpost think htps is nye4s6wkn pathetic comcast t co the cbsnews abc maga realdonaldtrump what's nytimes you"""," ""label"": ""pleasant""}",,
"{""id"": ""5e5c27c9e0c333e0518dea15"""," ""raw_tweet"": ""#DQuick       @originaldquick    featured in    #MusicLov3rz    #WW Magazine February edition    #NewSingle       #AMAZING    for    https://t.co/NgmU954CfF"""," ""processed_tweet"": "" in february ngmu954cff featured for    htps edition amazing    newsingle    magazine originaldquick    dquick    w t co musiclov3rz       """," ""label"": ""surprise""}",,
"{""id"": ""5e5c27cee0c333e0518dea17"""," ""raw_tweet"": ""RT @ArtistsUnitedWW: #DQuick       @originaldquick    featured in    #MusicLov3rz    #WW Magazine February edition    #NewSingle       #AMAZING    for #Suici   """," ""processed_tweet"": "" in february featured edition artistsunitedw newsingle    magazine originaldquick    dquick    w amazing    musiclov3rz    suici    rt for    """," ""label"": ""surprise""}",,
"{""id"": ""5e5c27d3e0c333e0518dea19"""," ""raw_tweet"": ""RT @ArtistsUnitedWW: #DQuick       @originaldquick    featured in    #MusicLov3rz    #WW Magazine February edition    #NewSingle       #AMAZING    for #Suici   """," ""processed_tweet"": "" in february featured edition artistsunitedw newsingle    magazine originaldquick    dquick    w amazing    musiclov3rz    suici    rt for    """," ""label"": ""surprise""}",,
"{""id"": ""5e5c27d5e0c333e0518dea1b"""," ""raw_tweet"": ""#DQuick       @originaldquick    featured in    #MusicLov3rz    #WW Magazine February edition    #NewSingle       #AMAZING    for    https://t.co/NgmU954CfF"""," ""processed_tweet"": "" in february ngmu954cff featured for    htps edition amazing    newsingle    magazine originaldquick    dquick    w t co musiclov3rz       """," ""label"": ""surprise""}",,
"{""id"": ""5e5c27f0e0c333e0518dea1d"""," ""raw_tweet"": ""I should happy about next week  but for some reason I   m not...\n#life #depressionfeels #mentalillness #sad #cry #alone #highschool"""," ""processed_tweet"": ""i   m  wek  cry \n highschol should but next about sad depresionfels hapy i some alone life mentalilnes reason not for"""," ""label"": ""surprise""}",,
"{""id"": ""5e5c27f6e0c333e0518dea1f"""," ""raw_tweet"": ""30% OFF - $1.85\n\n???? Wine Glass Heart Necklace!\n\nhttps://t.co/YFE3Ttl9tF\n\n#aliexpress #cheap #shopping #sale #deal    https://t.co/fVc9iyz4og"""," ""processed_tweet"": "" wine deal    cheap of shoping sale htps 85\n\n???? glas 1 \n\nhtps t co 30 heart aliexpres necklace fvc9iyz4og yfe3ttl9tf\n\n"""," ""label"": ""surprise""}",,
"{""id"": ""5e5c2800e0c333e0518dea21"""," ""raw_tweet"": ""RT @AzurLaneAcademy: Its time for some art of Best Russian!\n\nCredit: osisio\n\nSource: https://t.co/LB5tcPzV0K\n\n#AzurLane #fanart #Sovetskaya   """," ""processed_tweet"": "" azurlaneacademy art rusian lb5tcpzv0k\n\n its htps azurlane best osisio\n\nsource t some co \n\ncredit sovetskaya    rt for of fanart time"""," ""label"": ""pleasant""}",,
"{""id"": ""5e5c2805e0c333e0518dea23"""," ""raw_tweet"": ""It's : 2020-03-01T21:24:14.8480870Z \n\n#tuesdaymotivation #funny #pets #followme #f4f #c4c #shout #love #me #cute    https://t.co/pgpAbIXdTN"""," ""processed_tweet"": "" folowme 24 htps c4c co pets shout cute    2020 \n\n 01t21 me 14 t 8480870z tuesdaymotivation pgpabixdtn funy love 03 f4f it's"""," ""label"": ""angry""}",,
"{""id"": ""5e5c280ae0c333e0518dea25"""," ""raw_tweet"": ""How can you even explain this??   n#meme #memes #hilarious #repost #explorepage #explore #follow #followers #funny    https://t.co/gNvpykzAdt"""," ""processed_tweet"": "" hilarious folowers funy    htps how even this??   n repost explore t co folow can meme gnvpykzadt explorepage memes you explain"""," ""label"": ""surprise""}",,
"{""id"": ""5e5c2818e0c333e0518dea27"""," ""raw_tweet"": ""RT @ladyloveseeker: I'm feeling pretty numb with some sudden  devastating news. So I did some retail therapy and bought PhotoLab to add som   """," ""processed_tweet"": "" numb ladyloveseker suden  som    i'm did retail so i feling news photolab ad some prety bought with devastating to and therapy rt"""," ""label"": ""surprise""}",,
"{""id"": ""5e5c2828e0c333e0518dea29"""," ""raw_tweet"": ""RT @secretunicorn23: Before my shower pic ???????????? #sexy #hot #yum #naughty #dirty #bad #shower #boobs #body #yasss #amazing #me #wet #lovely ht   """," ""processed_tweet"": "" pic yas dirty lovely bobs shower me yum hot wet sexy bad ???????????? amazing naughty my body secretunicorn23 before rt ht   """," ""label"": ""surprise""}",,
"{""id"": ""5e5c2836e0c333e0518dea2b"""," ""raw_tweet"": ""I never cared to begin with \n#meme #memes #hilarious #repost #explorepage #explore #follow #followers #funny    https://t.co/QDLNGVXMW9"""," ""processed_tweet"": "" never funy    htps co \n t meme explorepage folowers memes cared hilarious i begin explore folow with qdlngvxmw9 to repost"""," ""label"": ""excitement""}",,
"{""id"": ""5e5c283de0c333e0518dea2d"""," ""raw_tweet"": ""RT @AzurLaneAcademy: Its time for some art of Best Russian!\n\nCredit: osisio\n\nSource: https://t.co/LB5tcPzV0K\n\n#AzurLane #fanart #Sovetskaya   """," ""processed_tweet"": "" azurlaneacademy art rusian lb5tcpzv0k\n\n its htps azurlane best osisio\n\nsource t some co \n\ncredit sovetskaya    rt for of fanart time"""," ""label"": ""pleasant""}",,
"{""id"": ""5e5c2856e0c333e0518dea2f"""," ""raw_tweet"": ""New law of Virus:\n\""Corona Virus is directly proportional to vacations\"" \nFeeling #Sad for Virus in Pakistan but feel    https://t.co/blLVOXJySO"""," ""processed_tweet"": "" in law proportional pakistan htps fel    co \nfeling \n of bllvoxjyso but t new sad corona is directly vacations to virus for"""," ""label"": ""surprise""}",,
"{""id"": ""5e5c28a1e0c333e0518dea31"""," ""raw_tweet"": ""RT @ClxmsyNeko: {B a d  L u c k}\nwho's having bad luck? raise your hand! (?????????)/\n#Anime #sad #royalehigh #royale\n#royalehighmakeup https://t   """," ""processed_tweet"": "" a k}\nwho's clxmsyneko htps having u t    \n royalehigh raise your l ????????? sad bad d royale\n {b c anime hand royalehighmakeup luck rt"""," ""label"": ""pleasant""}",,
"{""id"": ""5e5c28abe0c333e0518dea33"""," ""raw_tweet"": ""I'll hit 4th gear\n#meme #memes #hilarious #repost #explorepage #explore #follow #followers #funny #worldstar #world    https://t.co/xnyp9mdm1h"""," ""processed_tweet"": "" hilarious 4th htps repost explore t co folow worldstar i'l meme world    hit explorepage xnyp9mdm1h folowers gear\n memes funy"""," ""label"": ""surprise""}",,
"{""id"": ""5e5c28cde0c333e0518dea35"""," ""raw_tweet"": ""A new gun is wat that item I'm buying\n#meme #memes #hilarious #repost #explorepage #explore #follow #followers    https://t.co/QtdTfIvSmH"""," ""processed_tweet"": "" htps gun co a that buying\n t i'm meme explorepage memes hilarious explore folow is wat new folowers    repost qtdtfivsmh item"""," ""label"": ""surprise""}",,
"{""id"": ""5e5c28fde0c333e0518dea37"""," ""raw_tweet"": ""I'll hit 4th gear\n#meme #memes #hilarious #repost #explorepage #explore #follow #followers #funny #worldstar #world    https://t.co/xnyp9mdm1h"""," ""processed_tweet"": "" hilarious 4th htps repost explore t co folow worldstar i'l meme world    hit explorepage xnyp9mdm1h folowers gear\n memes funy"""," ""label"": ""surprise""}",,
"{""id"": ""5e5c28fee0c333e0518dea39"""," ""raw_tweet"": ""#sad #realDonaldTrump #faketweets: People are disgusted and embarrassed by the Fake News Media  as headed by the ny    https://t.co/20BlUPqpop"""," ""processed_tweet"": "" as are htps co the embarased people 20blupqpop t ny    realdonaldtrump sad fake disgusted headed faketwets and by news media"," ""label"": ""pleasant""}",,
"{""id"": ""5e5c291ae0c333e0518dea3b"""," ""raw_tweet"": ""RT @aniaid999: So sad today. 3 Saint Bernards girls ready for their new lives leaving Egypt to UK. The airline would not check them in as f   """," ""processed_tweet"": "" girls aniaid999 in as lives ready airline bernards their check 3 sad so would the them leaving f    egypt new to today uk not saint rt for"""," ""label"": ""surprise""}",,
"{""id"": ""5e5c291ee0c333e0518dea3d"""," ""raw_tweet"": ""wow. i still haven   t come to terms that my last softball season EVER starts tomorrow...\n   \n   \n#SAD #seniorszn    https://t.co/bvKGZ9W2Bd"""," ""processed_tweet"": "" ever wow seniorszn    htps \n   \n   \n haven   t co tomorow that starts terms softbal t come bvkgz9w2bd my i to last stil sad season"""," ""label"": ""excitement""}",,
"{""id"": ""5e5c291fe0c333e0518dea3f"""," ""raw_tweet"": ""I'll hit 4th gear\n#meme #memes #hilarious #repost #explorepage #explore #follow #followers #funny #worldstar #world    https://t.co/xnyp9mdm1h"""," ""processed_tweet"": "" hilarious 4th htps repost explore t co folow worldstar i'l meme world    hit explorepage xnyp9mdm1h folowers gear\n memes funy"""," ""label"": ""surprise""}",,
"{""id"": ""5e5c2931e0c333e0518dea41"""," ""raw_tweet"": ""It's : 2020-03-01T21:29:15.3364663Z \n\n#tuesdaymotivation #funny #pets #followme #f4f #c4c #shout #love #me #cute    https://t.co/oiJOJWvxwk"""," ""processed_tweet"": "" folowme htps 29 c4c 15 co pets shout cute    2020 \n\n 01t21 me t 3364663z oijojwvxwk tuesdaymotivation funy love 03 f4f it's"""," ""label"": ""angry""}",,
"{""id"": ""5e5c2946e0c333e0518dea43"""," ""raw_tweet"": ""So I decided to come and surprise my friends and family this weekend after moving up north last year  this was my f    https://t.co/XLugI6u0Nq"""," ""processed_tweet"": "" this htps co after friends xlugi6u0nq t surprise come family so i decided wekend my f    year  up to north moving and last was"""," ""label"": ""surprise""}",,
"{""id"": ""5e5c295ee0c333e0518dea45"""," ""raw_tweet"": ""When Liverpool eventually  stumble over the line it will just go down as another freak result - like Leicester in 2    https://t.co/x7CYFD19CH"""," ""processed_tweet"": "" as in another 2    htps co the like when result eventualy go t freak down stumble wil line just liverpol over x7cyfd19ch leicester it"""," ""label"": ""pleasant""}",,
"{""id"": ""5e5c295fe0c333e0518dea47"""," ""raw_tweet"": ""Unreal Deal On New Balance #horseshow #selfie #amazing #Forever21 #JohnDeere #vacationtime #travelbug    https://t.co/BDr32YbXIA"""," ""processed_tweet"": "" johndere travelbug    vacationtime htps forever21 bdr32ybxia horseshow selfie amazing t co on new unreal deal balance"""," ""label"": ""excitement""}",,
"{""id"": ""5e5c2995e0c333e0518dea4f"""," ""raw_tweet"": ""My personal opinion is that sexual abuse should be treated as tantamount to murder.\n#MeToo #Metoomovement    https://t.co/aY0gwtz2VR"""," ""processed_tweet"": "" as opinion htps co metomovement    \n be that tantamount ay0gwtz2vr should t meto personal sexual murder is to my treated abuse"""," ""label"": ""pleasant""}",,
"{""id"": ""5e5c299ce0c333e0518dea51"""," ""raw_tweet"": ""wow. i still haven   t came to terms that my last softball season EVER starts tomorrow...\n   \n   \n#SAD #seniorszn    https://t.co/KjG9e2yWti"""," ""processed_tweet"": "" ever kjg9e2ywti wow seniorszn    htps \n   \n   \n haven   t co came tomorow that starts terms softbal t my i to last stil sad season"""," ""label"": ""excitement""}",,
"{""id"": ""5e5c29a2e0c333e0518dea53"""," ""raw_tweet"": ""Vro this song is amazing @LILUZIVERT \n\n #LilUziVert #thatway #sad #newmusic2020 \nhttps://t.co/xJq759ruvM"""," ""processed_tweet"": "" this liluzivert \nhtps song amazing t liluzivert thatway co xjq759ruvm vro sad \n\n is newmusic2020"""," ""label"": ""surprise""}",,
"{""id"": ""5e5c29ace0c333e0518dea55"""," ""raw_tweet"": ""RT @PershingSoldier: You own it.  Take responsibility for the shame you deserve and be happy you are not in jail.  Yet.  #sad #nasty \nHer o   """," ""processed_tweet"": "" in yet are the you be \nher responsibility sad o    deserve nasty hapy own jail take you pershingsoldier and not shame rt for it"""," ""label"": ""surprise""}",,
"{""id"": ""5e5c29aee0c333e0518dea57"""," ""raw_tweet"": ""I'll hit 4th gear\n#meme #memes #hilarious #repost #explorepage #explore #follow #followers #funny #worldstar #world    https://t.co/xnyp9mdm1h"""," ""processed_tweet"": "" hilarious 4th htps repost explore t co folow worldstar i'l meme world    hit explorepage xnyp9mdm1h folowers gear\n memes funy"""," ""label"": ""surprise""}",,
"{""id"": ""5e5c29cbe0c333e0518dea59"""," ""raw_tweet"": ""@docfnm I know #sad \n#DoctorWho"""," ""processed_tweet"": "" i docfnm know doctorwho sad \n"""," ""label"": ""surprise""}",,
"{""id"": ""5e5c29e2e0c333e0518dea5b"""," ""raw_tweet"": ""Stage one. Chimney down and bracing in. What is to follow?\n#chimneys #bracing #actonengineering #dirty #surprise @    https://t.co/MgtBzHim2G"""," ""processed_tweet"": "" in bracing htps dirty co     chimneys \n mgtbzhim2g actonenginering stage t surprise folow chimney is down one what to and"""," ""label"": ""surprise""}",,
"{""id"": ""5e5c29f5e0c333e0518dea5d"""," ""raw_tweet"": ""RT @mhall55nine: \""Wonderful Wildlife\"" #amazing #NaturalBeauty #goodvibes #nature #artwork https://t.co/QAz4XhqvI5"""," ""processed_tweet"": "" wonderful nature qaz4xhqvi5 htps wildlife amazing t mhal55nine co godvibes naturalbeauty rt artwork"""," ""label"": ""excitement""}",,
"{""id"": ""5e5c2a11e0c333e0518dea5f"""," ""raw_tweet"": ""I'll hit 4th gear\n#meme #memes #hilarious #repost #explorepage #explore #follow #followers #funny #worldstar #world    https://t.co/xnyp9mdm1h"""," ""processed_tweet"": "" hilarious 4th htps repost explore t co folow worldstar i'l meme world    hit explorepage xnyp9mdm1h folowers gear\n memes funy"""," ""label"": ""surprise""}",,
"{""id"": ""5e5c2a14e0c333e0518dea61"""," ""raw_tweet"": ""@itsaadee bloody hell. #atifaslam can sure sing. #amazing https://t.co/Uxlc47RQLY"""," ""processed_tweet"": "" htps blody amazing t co uxlc47rqly can sure sing hel itsade atifaslam"""," ""label"": ""pleasant""}",,
"{""id"": ""5e5c2a27e0c333e0518dea63"""," ""raw_tweet"": ""RT @IconicSanches: We   d have to pay Benfica the full 80m"""," ""processed_tweet"": "" pay 80m to iconicsanches the ful rt benfica we   d have"""," ""label"": ""pleasant""}",,
"{""id"": ""5e5c2a2fe0c333e0518dea65"""," ""raw_tweet"": ""@GOP @realDonaldTrump What is the @GOP smoking?  #sad"""," ""processed_tweet"": "" what smoking the realdonaldtrump sad is gop"""," ""label"": ""pleasant""}",,
"{""id"": ""5e5c2a48e0c333e0518dea67"""," ""raw_tweet"": ""RT @Rmullins8: Poor biden just called chris wallace    chuck    hes like my nana when she was loosing her mind. She would call us grand kids by   """," ""processed_tweet"": "" by    when like biden her chris caled nana mind    chuck    walace por cal rmulins8 would she grand she my us kids hes losing just was rt"""," ""label"": ""surprise""}",,
"{""id"": ""5e5c2a4be0c333e0518dea69"""," ""raw_tweet"": ""Bubblegum and a walk to the door ??   sad"""," ""processed_tweet"": ""a bublegum walk ??   to and the sad dor"""," ""label"": ""pleasant""}",,
"{""id"": ""5e5c2a4de0c333e0518dea6b"""," ""raw_tweet"": ""we ?????? you! \n.\n.\n. \n#employee #hardworker #smile #girl #host #senior #appriciationpost #amazing #sweet #bbq #bbqwithaview #realtexasbbq"""," ""processed_tweet"": "" smile hardworker bqwithaview employe amazing apriciationpost realtexasbq ?????? bq host girl we swet you \n senior"""," ""label"": ""surprise""}",,
"{""id"": ""5e5c2a5de0c333e0518dea6d"""," ""raw_tweet"": ""It's : 2020-03-01T21:34:15.7501294Z \n\n#tuesdaymotivation #funny #pets #followme #f4f #c4c #shout #love #me #cute    https://t.co/ju5szoLWnl"""," ""processed_tweet"": "" folowme htps c4c ju5szolwnl 15 co pets shout cute    2020 \n\n 01t21 7501294z me t tuesdaymotivation 34 funy love 03 f4f it's"""," ""label"": ""angry""}",,
"{""id"": ""5e5c2a84e0c333e0518dea6f"""," ""raw_tweet"": ""Love these and coffee ????????????\n\n  #beauty  #amazing #lovelife #feelbeautiful #momblogger #makeupguru #makeupinfluencer    https://t.co/JLdiLFPoJ2"""," ""processed_tweet"": "" love makeupguru jldilfpoj2 mombloger htps makeupinfluencer    amazing and t these co beauty felbeautiful cofe ????????????\n\n lovelife"""," ""label"": ""pleasant""}",,
"{""id"": ""5e5c2a95e0c333e0518dea73"""," ""raw_tweet"": ""RT @IconicSanches: We   d have to pay Benfica the full 80m"""," ""processed_tweet"": "" pay 80m to iconicsanches the ful rt benfica we   d have"""," ""label"": ""pleasant""}",,
"{""id"": ""5e5c2ab4e0c333e0518dea77"""," ""raw_tweet"": ""RT @Emolclause: #BREAKING:A federal judge has DENIED a motion by @jkbjournalist and @MiamiHerald to UNSEAL #Epstein's criminal investigatio   """," ""processed_tweet"": "" a miamiherald to judge denied motion breaking unseal and epstein's federal criminal by a emolclause rt has jkbjournalist investigatio   """," ""label"": ""pleasant""}",,
"{""id"": ""5e5c2ac5e0c333e0518dea79"""," ""raw_tweet"": ""@lighthousefamly You were amazing last night @PortsmouthGhall Had the best night ever #bestnight #brilliant    https://t.co/Ao8u8u9BH5"""," ""processed_tweet"": "" bestnight lighthousefamly htps portsmouthghal amazing last t co the were briliant    best ever ao8u8u9bh5 had night you"""," ""label"": ""surprise""}",,
"{""id"": ""5e5c2ad5e0c333e0518dea7b"""," ""raw_tweet"": ""RT @TophamsNick: @CanAditude @SandraSevcik #cancelthesocial @CTV_PR @BellMediaPR @CTV how do you condone this type of #Disgusting acts by y   """," ""processed_tweet"": "" this sandrasevcik cancelthesocial canaditude do acts y    how ctv pr belmediapr condone type rt by tophamsnick you of disgusting"""," ""label"": ""surprise""}",,
"{""id"": ""5e5c2ad9e0c333e0518dea7d"""," ""raw_tweet"": ""RT @Freedom4Horses: Carriage Horse Euthanized After Collapsing in Central Park https://t.co/1UV8ov88oZ #horses #carriagehorses #deaths #NYC   """," ""processed_tweet"": "" in park htps central 1uv8ov88oz colapsing t co horses after cariagehorses deaths nyc    euthanized fredom4horses rt horse cariage"""," ""label"": ""surprise""}",,
"{""id"": ""5e5c2ae8e0c333e0518dea7f"""," ""raw_tweet"": ""Day 980 of my photo challenge #graffiti #graffitiart #wallart #wallartdecor #streetart #streetartist #stikstudio st    https://t.co/h119QDxHaF"""," ""processed_tweet"": ""photo  stretart day htps chalenge grafiti 980 walartdecor grafitiart stretartist t co st    my walart h119qdxhaf stikstudio of"""," ""label"": ""excitement""}",,
"{""id"": ""5e5c2ae8e0c333e0518dea83"""," ""raw_tweet"": ""Fun home party???\n\nTwitter???@Erika_Japan_\n\n#birthday #friendsforever #international #tokyo #homeparty #japan #??????    https://t.co/DREO7JtOf2"""," ""processed_tweet"": "" international birthday ??????    htps fun homeparty dreo7jtof2 t erika home friendsforever japan japan co tokyo party???\n\ntwiter??? \n\n"""," ""label"": ""surprise""}",,
"{""id"": ""5e5c2aede0c333e0518dea85"""," ""raw_tweet"": ""https://t.co/sXq9vq51XP   #Coronavirus: First case confirmed in #Scotland drat #sad #COVID #coronavirusuk @lookner"""," ""processed_tweet"": "" case sxq9vq51xp in lokner confirmed htps first t co scotland coronavirus drat sad covid coronavirusuk"""," ""label"": ""pleasant""}",,
"{""id"": ""5e5c2b24e0c333e0518dea89"""," ""raw_tweet"": ""Follow me if you love birds! ????\n#FirstTweet #bird #birds #nature #animal #animals #cute #love #photography    https://t.co/TFaP1sfRMn"""," ""processed_tweet"": "" bird me nature ????\n tfap1sfrmn love if htps folow animal animals t co photography    cute firsttwet you birds"""," ""label"": ""surprise""}",,
"{""id"": ""5e5c2b37e0c333e0518dea8f"""," ""raw_tweet"": ""cant even talk to me yourself gotta go through people #sad"""," ""processed_tweet"": ""yourself  me gota people to talk even go through sad cant"""," ""label"": ""surprise""}",,
"{""id"": ""5e5c2b73e0c333e0518dea91"""," ""raw_tweet"": ""RT @TophamsNick: @CanAditude @SandraSevcik #cancelthesocial @CTV_PR @BellMediaPR @CTV how do you condone this type of #Disgusting acts by y   """," ""processed_tweet"": "" this sandrasevcik cancelthesocial canaditude do acts y    how ctv pr belmediapr condone type rt by tophamsnick you of disgusting"""," ""label"": ""surprise""}",,
"{""id"": ""5e5c2b8ae0c333e0518dea93"""," ""raw_tweet"": ""It's : 2020-03-01T21:39:16.2913121Z \n\n#tuesdaymotivation #funny #pets #followme #f4f #c4c #shout #love #me #cute    https://t.co/j6ZL00Qtcp"""," ""processed_tweet"": "" folowme htps c4c co pets shout cute    2020 \n\n 01t21 me 39 t j6zl00qtcp 2913121z tuesdaymotivation funy 16 love 03 f4f it's"""," ""label"": ""angry""}",,
"{""id"": ""5e5c2b94e0c333e0518dea95"""," ""raw_tweet"": ""RT @Emolclause: #BREAKING:Turns out while @senatemajldr &amp; Co. are RAMMIMG THROUGH federal judges because \""elections matter\""  in Oregon and   """," ""processed_tweet"": "" in are turns mater elections  co and    while because breaking judges senatemajldr through oregon federal ramimg emolclause rt amp out"""," ""label"": ""surprise""}",,
"{""id"": ""5e5c2bb2e0c333e0518dea97"""," ""raw_tweet"": ""@realDonaldTrump @nytimes @washingtonpost @comcast @ABC @CBSNews Inspiring more lunatics! #sad https://t.co/E1QyOaPS4f"""," ""processed_tweet"": "" washingtonpost htps inspiring lunatics comcast t co cbsnews abc more realdonaldtrump sad nytimes e1qyoaps4f"""," ""label"": ""pleasant""}",,
"{""id"": ""5e5c2bbce0c333e0518dea99"""," ""raw_tweet"": ""@FrayAdjacent @bradwhipple @whenuwerelittle @katiecandraw I NEVER FOUND THEM #SAD"""," ""processed_tweet"": "" found i them frayadjacent bradwhiple sad katiecandraw whenuwerelitle never"""," ""label"": ""angry""}",,
"{""id"": ""5e5c2bd4e0c333e0518dea9b"""," ""raw_tweet"": ""RT @NiceBoyKimo: Hong Kong Victoria harbour  city never sleeps.\n\n#amazing #cityscape https://t.co/hnkMRpu7vy"""," ""processed_tweet"": "" hong kong never niceboykimo sleps htps amazing t co hnkmrpu7vy city \n\n rt cityscape victoria harbour"," ""label"": ""surprise""}",,
"{""id"": ""5e5c2bfbe0c333e0518dea9d"""," ""raw_tweet"": ""\""I #understood her #frustration  but we had our #reasons for creating this rule.\"" #dontquit #noquitting    https://t.co/2vAqX1B7Fb"""," ""processed_tweet"": "" this i creating our noquiting    htps but understod reasons t co 2vaqx1b7fb we frustration dontquit rule for had her"""," ""label"": ""surprise""}",,
"{""id"": ""5e5c2c02e0c333e0518dea9f"""," ""raw_tweet"": ""RT @magicalcantara: I wonder what could have been if Renato played under Flick and not Kovac #sad"""," ""processed_tweet"": "" renato wonder played under i what if kovac and ben flick magicalcantara not sad rt could have"""," ""label"": ""excitement""}",,
"{""id"": ""5e5c2c09e0c333e0518deaa1"""," ""raw_tweet"": ""RT @Freedom4Horses: This mother tried so hard to protect her baby. She couldn't fight off the helicopters. Imagine having a baby in your be   """," ""processed_tweet"": "" a in having the her this protect mother baby hard so your helicopters tried fight she fredom4horses of to imagine rt be    couldn't"""," ""label"": ""pleasant""}",,
"{""id"": ""5e5c2c0ae0c333e0518deaa3"""," ""raw_tweet"": ""#SaturdayNight! #Amazing @FollowWestwood #FashionShow with @BellaHadid! #PFW! #ParisFashionWeek #FashionWeek #Paris    https://t.co/vf9CUVZVVw"""," ""processed_tweet"": "" belahadid parisfashionwek fashionwek pfw paris    htps t co folowwestwod fashionshow saturdaynight with vf9cuvzvw amazing"""," ""label"": ""pleasant""}",,
"{""id"": ""5e5c2c10e0c333e0518deaa5"""," ""raw_tweet"": ""Men's Casual Printed Shirt \n\n#gadgets #style #shop #shopping #amazing #choice #kids #fashion #f4f #dealstreetonline https://t.co/M5EGx41WBY"""," ""processed_tweet"": "" casual shoping kids htps men's style amazing t co fashion f4f \n\n printed dealstretonline gadgets shop choice m5egx41wby shirt"""," ""label"": ""pleasant""}",,
"{""id"": ""5e5c2c22e0c333e0518deaa7"""," ""raw_tweet"": ""RT @TophamsNick: @CanAditude @SandraSevcik #cancelthesocial @CTV_PR @BellMediaPR @CTV how do you condone this type of #Disgusting acts by y   """," ""processed_tweet"": "" this sandrasevcik cancelthesocial canaditude do acts y    how ctv pr belmediapr condone type rt by tophamsnick you of disgusting"""," ""label"": ""surprise""}",,
"{""id"": ""5e5c2c26e0c333e0518deaa9"""," ""raw_tweet"": ""RT @Freedom4Horses: Carriage Horse Euthanized After Collapsing in Central Park https://t.co/1UV8ov88oZ #horses #carriagehorses #deaths #NYC   """," ""processed_tweet"": "" in park htps central 1uv8ov88oz colapsing t co horses after cariagehorses deaths nyc    euthanized fredom4horses rt horse cariage"""," ""label"": ""surprise""}",,
"{""id"": ""5e5c2c4ce0c333e0518deaab"""," ""raw_tweet"": ""RT @victoriahaydn: When I started my job at @mcfc I photographed this adorable week-old baby...last week I photographed him again 5 years l   """," ""processed_tweet"": "" this old when l    baby again job him years i mcfc at my victoriahaydn 5 photographed last started rt wek adorable"""," ""label"": ""surprise""}",,
"{""id"": ""5e5c2c5de0c333e0518deaad"""," ""raw_tweet"": ""KFC ANYONE \n#food #foodporn #yum #instafood #envywear #yummy #amazing #instagood #photooftheday #sweet #dinner    https://t.co/XF6M2ciC0P"""," ""processed_tweet"": "" yumy fod htps diner    yum amazing fodporn anyone instafod instagod photoftheday t co xf6m2cic0p kfc swet envywear \n"""," ""label"": ""surprise""}",,
"{""id"": ""5e5c2c6ee0c333e0518deaaf"""," ""raw_tweet"": ""RT @ZibaLady1: Biden Campaign is now using a prompter to minimize his gaffes. But the man is so far gone #BrainDamage that even with the us   """," ""processed_tweet"": "" a gone gafes man the us    braindamage now that even so biden zibalady1 but using is with prompter his campaign to far rt minimize"""," ""label"": ""pleasant""}",,
"{""id"": ""5e5c2c7fe0c333e0518deab1"""," ""raw_tweet"": ""why didn   t my daddy give me a small loan of a million dollars? #SAD"""," ""processed_tweet"": ""a  me smal give dolars sad dady my milion loan didn   t of why"""," ""label"": ""pleasant""}",,
"{""id"": ""5e5c2caee0c333e0518deab3"""," ""raw_tweet"": ""Sunday Change!  Church was Amazing and we hope y   all are BLESSED &amp; LOVED!  Enjoy your day???? #God #church #amazing    https://t.co/eljLxEbNqd"""," ""processed_tweet"": "" church are htps co change amazing church t your we sunday day???? god hope loved blesed amazing    eljlxebnqd enjoy and was amp y   al"""," ""label"": ""surprise""}",,
"{""id"": ""5e5c2cb2e0c333e0518deab5"""," ""raw_tweet"": ""Just #WOW @dancingonice @perrikiely I rewound and watched over and over again #amazing"""," ""processed_tweet"": "" wow perikiely just dancingonice i amazing again and watched over rewound"""," ""label"": ""excitement""}",,
"{""id"": ""5e5c2cb4e0c333e0518deab7"""," ""raw_tweet"": ""Follow me if you love birds! ????\n#FirstTweet #bird #birds #nature #animal #animals #cute #love #photography    https://t.co/GWKAO9OA3w"""," ""processed_tweet"": "" bird me nature ????\n gwkao9oa3w love if htps folow animal animals t co photography    cute firsttwet you birds"""," ""label"": ""surprise""}",,
"{""id"": ""5e5c2cb6e0c333e0518deab9"""," ""raw_tweet"": ""It's : 2020-03-01T21:44:16.4927544Z \n\n#tuesdaymotivation #funny #pets #followme #f4f #c4c #shout #love #me #cute    https://t.co/U7NFkDFVQE"""," ""processed_tweet"": "" folowme htps c4c co pets shout cute    2020 \n\n 01t21 me 44 t tuesdaymotivation funy 16 love 4927544z 03 f4f it's u7nfkdfvqe"""," ""label"": ""angry""}",,
"{""id"": ""5e5c2cc7e0c333e0518deabb"""," ""raw_tweet"": ""Sunday Change!  Church was Amazing and we hope y   all are BLESSED &amp; LOVED!  Enjoy your day???? #God #church #amazing    https://t.co/8WI72VGSQ0"""," ""processed_tweet"": "" church are htps co change amazing church t your we sunday day???? god hope loved blesed 8wi72vgsq0 amazing    enjoy and was amp y   al"""," ""label"": ""surprise""}",,
"{""id"": ""5e5c2d15e0c333e0518deabf"""," ""raw_tweet"": ""RT @TophamsNick: @CanAditude @SandraSevcik #cancelthesocial @CTV_PR @BellMediaPR @CTV how do you condone this type of #Disgusting acts by y   """," ""processed_tweet"": "" this sandrasevcik cancelthesocial canaditude do acts y    how ctv pr belmediapr condone type rt by tophamsnick you of disgusting"""," ""label"": ""surprise""}",,
"{""id"": ""5e5c2d2be0c333e0518deac1"""," ""raw_tweet"": ""don   t know how i   ll make it to all the ones on my list with no job now ???? #sad"""," ""processed_tweet"": "" don   t to list on job know the how make ones my ???? now sad no with i   l it al"""," ""label"": ""surprise""}",,
"{""id"": ""5e5c2d3ce0c333e0518deac3"""," ""raw_tweet"": ""RT @ladyloveseeker: I'm feeling pretty numb with some sudden"," devastating news. So I did some retail therapy and bought PhotoLab to add som   """," ""processed_tweet"": "" numb ladyloveseker suden"," som    i'm did retail so i feling news photolab ad some prety bought with devastating to and therapy rt"""," ""label"": ""surprise""}"
"{""id"": ""5e5c2d51e0c333e0518deac5"""," ""raw_tweet"": ""RT @Freedom4Horses: Carriage Horse Euthanized After Collapsing in Central Park https://t.co/1UV8ov88oZ #horses #carriagehorses #deaths #NYC   """," ""processed_tweet"": "" in park htps central 1uv8ov88oz colapsing t co horses after cariagehorses deaths nyc    euthanized fredom4horses rt horse cariage"""," ""label"": ""surprise""}",,
"{""id"": ""5e5c2d7ae0c333e0518deac9"""," ""raw_tweet"": ""Great Recommendation from Shawn Malone for Tony Impellizzeri's Pizza! It was an amazing experience and the food was    https://t.co/rorOk6RvrB"""," ""processed_tweet"": "" htps co the tony an was    great recomendation t piza fod amazing for rorok6rvrb experience from and it impelizeri's was shawn malone"""," ""label"": ""pleasant""}",,
"{""id"": ""5e5c2d82e0c333e0518deacb"""," ""raw_tweet"": ""#amazing #fun #shower #wet #lovely #body #SundayMorning #SundayMotivation \n\n#underwear #hotwife #latina  #horny    https://t.co/OC8tz7bZk4"""," ""processed_tweet"": "" fun oc8tz7bzk4 horny    htps hotwife lovely amazing wet underwear t co sundaymorning latina \n\n body sundaymotivation shower"""," ""label"": ""angry""}",,
"{""id"": ""5e5c2d99e0c333e0518deacd"""," ""raw_tweet"": ""???? this is so true @LauraGardiner86 ????"""," ""processed_tweet"": "" ???? this true so ???? is lauragardiner86"""," ""label"": ""surprise""}",,
"{""id"": ""5e5c2d9be0c333e0518deacf"""," ""raw_tweet"": ""RT @emel0371: And like that in the afternoon ????????????\n\n#sad \n#mood \n#cutes\n#neleroluyor https://t.co/Jneq79znJq"""," ""processed_tweet"": "" in cutes\n that mod jneq79znjq htps ????????????\n\n afternon t co the and like neleroluyor sad rt \n emel0371"""," ""label"": ""surprise""}",,
"{""id"": ""5e5c2d9fe0c333e0518dead1"""," ""raw_tweet"": ""????PRINCE.OF.M.D????S????\nGET THE GEAR SHOUT OUT TO THE HOMIE chefxdallas for setting me up salute \n#love #followback    https://t.co/lW77bwYRR5"""," ""processed_tweet"": "" m htps co gear of \n me t folowback    chefxdalas seting homie to d????s????\nget salute shout lw77bwyr5 ????prince up love the for out"""," ""label"": ""pleasant""}",,
"{""id"": ""5e5c2de3e0c333e0518dead3"""," ""raw_tweet"": ""It's : 2020-03-01T21:49:17.1775084Z \n\n#tuesdaymotivation #funny #pets #followme #f4f #c4c #shout #love #me #cute    https://t.co/OR3epdKY9Z"""," ""processed_tweet"": "" folowme htps c4c co pets shout cute    2020 \n\n 01t21 or3epdky9z me t 1775084z tuesdaymotivation 17 funy love 49 03 f4f it's"""," ""label"": ""angry""}",,
"{""id"": ""5e5c2df5e0c333e0518dead5"""," ""raw_tweet"": ""Just #WOW that was #amazing @perrikiely @dancingonice"""," ""processed_tweet"": "" wow perikiely just that dancingonice amazing was"""," ""label"": ""excitement""}",,
"{""id"": ""5e5c2e10e0c333e0518dead7"""," ""raw_tweet"": ""Follow me if you love birds! ????\n#FirstTweet #bird #birds #birdphotography #nature #animal #animals #cute #love    https://t.co/4aE18T7HgC"""," ""processed_tweet"": "" bird me nature ????\n 4ae18t7hgc love if htps folow animal animals t co cute love    birdphotography firsttwet you birds"""," ""label"": ""surprise""}",,
"{""id"": ""5e5c2e14e0c333e0518dead9"""," ""raw_tweet"": ""RT @ZibaLady1: Biden Campaign is now using a prompter to minimize his gaffes. But the man is so far gone #BrainDamage that even with the us   """," ""processed_tweet"": "" a gone gafes man the us    braindamage now that even so biden zibalady1 but using is with prompter his campaign to far rt minimize"""," ""label"": ""pleasant""}",,
"{""id"": ""5e5c2e33e0c333e0518deadb"""," ""raw_tweet"": ""RT @TheHardDepot: ???   #SundayMotivation ???\n\nmake sure to #follow the #amazing &amp; #sexy &amp; #beautiful\n\n      ???????@AmorousJessica????\n\n      ???https://t.co/0d   """," ""processed_tweet"": "" 0d    ??? to amazing beautiful\n\n      ??????? theharddepot amorousjesica????\n\n      ???htps t co the folow sure sexy rt amp ???\n\nmake sundaymotivation"""," ""label"": ""pleasant""}",,
"{""id"": ""5e5c2e34e0c333e0518deadd"""," ""raw_tweet"": ""@JHova1982 @T84OplotM @bweiny @SusanDFinSD @eclecticbrotha How can you manage to speak with your mouth bein full of Benard cum? #amazing"""," ""processed_tweet"": "" jhova1982 t84oplotm you of susandfinsd speak your bein bweiny eclecticbrotha how amazing can benard with mouth cum to manage ful"""," ""label"": ""pleasant""}",,
"{""id"": ""5e5c2e45e0c333e0518deadf"""," ""raw_tweet"": ""RT @flwrgardengifts: This Floral Hoop Wreath ...\nlooks AMAZING on the Front Door??????\n\n#Wreath  #Hoop #flower #startup #SmallBusiness ##amazin   """," ""processed_tweet"": "" startup smalbusines wreath floral hop flwrgardengifts on the front amazing dor??????\n\n amazin    rt flower \nloks this"""," ""label"": ""pleasant""}",,
"{""id"": ""5e5c2e46e0c333e0518deae1"""," ""raw_tweet"": ""RT @EmyBoss7: Follow me if you love birds! ????\n#FirstTweet #bird #birds #birdphotography #nature #animal #animals #cute #love #photography #p   """," ""processed_tweet"": "" bird emybos7 me ????\n nature p    love if photography folow animal animals cute rt firsttwet you birdphotography birds"""," ""label"": ""surprise""}",,
"{""id"": ""5e5c2e4de0c333e0518deae3"""," ""raw_tweet"": ""RT @magicalcantara: I wonder what could have been if Renato played under Flick and not Kovac #sad"""," ""processed_tweet"": "" renato wonder played under i what if kovac and ben flick magicalcantara not sad rt could have"""," ""label"": ""excitement""}",,
"{""id"": ""5e5c2e52e0c333e0518deae5"""," ""raw_tweet"": ""Go #Download the #KillaSwagSeason #RightNow https://t.co/7sji7XmWsQ This album is #Amazing"""," ""processed_tweet"": "" album 7sji7xmwsq kilaswagseason htps t co the download go is rightnow amazing this"""," ""label"": ""pleasant""}",,
