{"_id":{"$oid":"5e5c4cb1e0c333e0518dec77"},"text":"RT @LarAtLarian: Happy to see Pathfinder is doing so well - those are some impressive numbers. Be sure to check it out! https://t.co/5ZzA5w‚Ä¶"}
{"_id":{"$oid":"5e5c4ff8e0c333e0518dec79"},"text":"Doin a MASSIVE Hunger Games Creative Lobby\n@Xbox @WatchMixer @Fortnite @epicgames @soullesskrow @calicoeyes4‚Ä¶ https://t.co/HboYFoLRtT"}
{"_id":{"$oid":"5e5c5b16e0c333e0518dec7b"},"text":"RT @realTT2020: @willemgroeneve6 @blogJAM_net @9NEWS @KyleClark @POTUS @ACLUofColorado @DenverPolice @TrumpWarRoom @DevinNunes @RealErinCru‚Ä¶"}
{"_id":{"$oid":"5e5c5b16e0c333e0518dec7d"},"text":"RT @chrisgallop: This one act shows you how a lacrosse coach can make a player feel at home. Adam @galzy20 is the only Canadian on the team‚Ä¶"}
{"_id":{"$oid":"5e5c5b16e0c333e0518dec7f"},"text":"\"If you kick a stone in anger, you‚Äôll hurt your own foot\"\n\nKorean Proverb\n#anger  #AngerManagementQuotes"}
{"_id":{"$oid":"5e5c5b16e0c333e0518dec81"},"text":"RT @inside_conflict: Hooked into your clients' emotions? Try raising your eyebrows according to this article from @imassoc. Do you have oth‚Ä¶"}
{"_id":{"$oid":"5e5c5b16e0c333e0518dec83"},"text":"RT @MinionakaAzriel: Doin a MASSIVE Hunger Games Creative Lobby\n@Xbox @WatchMixer @Fortnite @epicgames @soullesskrow @calicoeyes4 @Socalswe‚Ä¶"}
{"_id":{"$oid":"5e5c5b16e0c333e0518dec85"},"text":"I've been working on my anger a lot and wanted to share with everyone some passages I think we all can use. \n#anger‚Ä¶ https://t.co/HfMEMEUUZ7"}
{"_id":{"$oid":"5e5c5b16e0c333e0518dec87"},"text":"@roarwithkk #ROAR Such a good listen. Such good friends and women warriors! üôèüèª‚ù§Ô∏è"}
{"_id":{"$oid":"5e5c5b16e0c333e0518dec89"},"text":"RT @DWThomas5: @thomaskaine5 @realDonaldTrump @prioritiesUSA\n@DNCWarRoom @TheDemCoalition @MikeBloomberg @TomSteyer \nHey #Jenius\nU MAD BRO?‚Ä¶"}
{"_id":{"$oid":"5e5c5b16e0c333e0518dec8b"},"text":"RT @KonstantinRMS: The \"#Liberals #Reading #Trump's #Tweets vs. #Conservatives Reading Trump's Tweets\" #Meme\n#memes #humor #comedy #funny #‚Ä¶"}
{"_id":{"$oid":"5e5c5b16e0c333e0518dec8d"},"text":"This gorgeous photo is by alicia rowley photography\nBtw by sword says RAGE in runes\n.\n.\n.\n#critter #criticalrole‚Ä¶ https://t.co/fILR6We22y"}
{"_id":{"$oid":"5e5c5b16e0c333e0518dec8f"},"text":"RT @AgentBarton13: This gorgeous photo is by alicia rowley photography\nBtw by sword says RAGE in runes\n.\n.\n.\n#critter #criticalrole #dungeo‚Ä¶"}
{"_id":{"$oid":"5e5c5b16e0c333e0518dec91"},"text":"RT @FCHSTigers: A Tiger #ROAR to @FCHSTigers @faycotigerband Winter Guard. They competed in the WGI Regional Competition finals today exemp‚Ä¶"}
{"_id":{"$oid":"5e5c5b16e0c333e0518dec93"},"text":"Last night I went to see a production of The Vagina Monologues that benefitted S.O.F.I.A. -- an organization in Mon‚Ä¶ https://t.co/iiSzvgfLGF"}
{"_id":{"$oid":"5e5c5b16e0c333e0518dec95"},"text":"Another construction and painting from 2008. A bit more aggression in this one #older #funnier #angry #hangry https://t.co/dDNzM30cGN"}
{"_id":{"$oid":"5e5c5b16e0c333e0518dec97"},"text":"How some people feel about Monday. #pissed ü§™üòâü§®\n#mondaymood #lol #monday #mondayblues #mondaymemes #stressed #upset‚Ä¶ https://t.co/gvdhR9BkDT"}
{"_id":{"$oid":"5e5c5b16e0c333e0518dec99"},"text":"RT @GenSilverWriter: Last night I went to see a production of The Vagina Monologues that benefitted S.O.F.I.A. -- an organization in Montcl‚Ä¶"}
{"_id":{"$oid":"5e5c5b16e0c333e0518dec9b"},"text":"!!!MASSIVE PARTY!!! https://t.co/brXrYGMDaX.jvdcrazy #RAVE #RAGE #CRAZY #TRANCE #EDM #ELECTRO"}
{"_id":{"$oid":"5e5c5b53e0c333e0518dec9d"},"text":"RT @justbecool21: #kola fans got so disrespected by @YandR_CBS #angry https://t.co/kqacnwUzmw"}
{"_id":{"$oid":"5e5c5ba5e0c333e0518dec9f"},"text":"WE ARE NOW #LIVE !! BRINGING IN THE NEW MONTH WITH THE #RAGE \n\n#Streaming some @FortniteGame‚Ä¶ https://t.co/xakxQ1bvJc"}
{"_id":{"$oid":"5e5c5bbde0c333e0518deca1"},"text":"RT @lalalexuss: WE ARE NOW #LIVE !! BRINGING IN THE NEW MONTH WITH THE #RAGE \n\n#Streaming some @FortniteGame \nhttps://t.co/gc74gkrQs9 https‚Ä¶"}
{"_id":{"$oid":"5e5c5cfde0c333e0518deca3"},"text":"It doesn't take much to lose everything, just a little departure from reason.\n- Epictetus  #Anger #antique‚Ä¶ https://t.co/AWzqJELJpW"}
{"_id":{"$oid":"5e5c608be0c333e0518deca5"},"text":"RT @JackLawsome: If you are patient in one moment of anger,\nyou will escape a hundred days of sorrow.\n~ Rilke\n\nActing out of anger is not u‚Ä¶"}
{"_id":{"$oid":"5e5c622ce0c333e0518deca7"},"text":"This is how #security #guards at #vawesleyan #University treat #Trump #supporters peacefully walking through campus‚Ä¶ https://t.co/QVfsnvXHmB"}
{"_id":{"$oid":"5e5c6232e0c333e0518deca9"},"text":"RT @GenSilverWriter: Last night I went to see a production of The Vagina Monologues that benefitted S.O.F.I.A. -- an organization in Montcl‚Ä¶"}
{"_id":{"$oid":"5e5c6501e0c333e0518decab"},"text":"Its been days I don't know where she is and when I see her people keep getting in the way but I can't be suspicious‚Ä¶ https://t.co/jShImnR8aX"}
{"_id":{"$oid":"5e5c6745e0c333e0518decad"},"text":"@AmazonWatch @GuajajaraSonia Rev 11:18 and the #nations are angry and Your #wrath has come, and the time of the dea‚Ä¶ https://t.co/CEeV4tbrgY"}
{"_id":{"$oid":"5e5c67b0e0c333e0518decaf"},"text":"RT @justbecool21: #kola fans got so disrespected by @YandR_CBS #angry https://t.co/kqacnwUzmw"}
{"_id":{"$oid":"5e5c6858e0c333e0518decb1"},"text":"Anger is motivating #anger #mentalhealth #feelings"}
{"_id":{"$oid":"5e5c68a8e0c333e0518decb3"},"text":"Treyshon Malone @JumpMan_T12 of @IdahoStateTrack spoke with @mariluzcook after the Indoor #BigSkyTF Championships a‚Ä¶ https://t.co/ovBwaZfJwy"}
{"_id":{"$oid":"5e5c6968e0c333e0518decb5"},"text":"Treyshon Malone @JumpMan_T12 of @IdahoStateTrack spoke with @mariluzcook after the Indoor #BigSkyTF Championships a‚Ä¶ https://t.co/DwCVLE9Xm0"}
{"_id":{"$oid":"5e5c697de0c333e0518decb7"},"text":"RT @BigSkyConf: Treyshon Malone @JumpMan_T12 of @IdahoStateTrack spoke with @mariluzcook after the Indoor #BigSkyTF Championships about the‚Ä¶"}
{"_id":{"$oid":"5e5c69a2e0c333e0518decb9"},"text":"Playing Rage 2 right now #live at https://t.co/x9PlYcNVsO #pathtopartner #rage #rage2 #livenow #twitch‚Ä¶ https://t.co/dpoXlqovYi"}
{"_id":{"$oid":"5e5c6a56e0c333e0518decbb"},"text":"Trey was deservedly named the Big Sky Outstanding Performer and Most Valuable Athlete! Thanks for taking the time,‚Ä¶ https://t.co/znn7MBe5zi"}
{"_id":{"$oid":"5e5c6a72e0c333e0518decbd"},"text":"RT @mariluzcook: Trey was deservedly named the Big Sky Outstanding Performer and Most Valuable Athlete! Thanks for taking the time, @JumpMa‚Ä¶"}
{"_id":{"$oid":"5e5c6aace0c333e0518decbf"},"text":"RT @BigSkyConf: Treyshon Malone @JumpMan_T12 of @IdahoStateTrack spoke with @mariluzcook after the Indoor #BigSkyTF Championships about the‚Ä¶"}
{"_id":{"$oid":"5e5c6c30e0c333e0518decc1"},"text":"Stupid human: Women cannot-...\n\nMe: Burn... asshole. \n#feminist #angry #freewoman https://t.co/Zf5kxhU6OS"}
{"_id":{"$oid":"5e5c6c75e0c333e0518decc3"},"text":"Still the best of the remaining clowns is @amyklobuchar \n@JoeBiden #incompetent #old #tired #confused‚Ä¶ https://t.co/KjOl6dqOHC"}
{"_id":{"$oid":"5e5c6d2de0c333e0518decc5"},"text":"RT @BigSkyConf: Treyshon Malone @JumpMan_T12 of @IdahoStateTrack spoke with @mariluzcook after the Indoor #BigSkyTF Championships about the‚Ä¶"}
{"_id":{"$oid":"5e5c6d9ae0c333e0518decc7"},"text":"Valhalla Awaits... Come Join Me https://t.co/fzfTKzzA0n  #twitch, #RoadToAffiliate, #twitchstreamer #rage #hardmode #endgame #MDI #Valhalla"}
{"_id":{"$oid":"5e5c6e1fe0c333e0518decc9"},"text":"RT @EveryDayStoics: It doesn't take much to lose everything, just a little departure from reason.\n- Epictetus  #Anger #antique #Discipline‚Ä¶"}
{"_id":{"$oid":"5e5c6e82e0c333e0518deccb"},"text":"RT @lalalexuss: WE ARE NOW #LIVE !! BRINGING IN THE NEW MONTH WITH THE #RAGE \n\n#Streaming some @FortniteGame \nhttps://t.co/gc74gkrQs9 https‚Ä¶"}
{"_id":{"$oid":"5e5c6e94e0c333e0518deccd"},"text":"The latest Art and Inspiration! https://t.co/eweEJ3lJQX #anger #anxietyandpanic"}
{"_id":{"$oid":"5e5c6e99e0c333e0518deccf"},"text":"Check out my homegirls stream!"}
{"_id":{"$oid":"5e5c6ea9e0c333e0518decd1"},"text":"Yeah.\nHe is the #rage candidate."}
{"_id":{"$oid":"5e5c6f04e0c333e0518decd3"},"text":"Anger Management: Tips and Techniques for Getting #Anger Under Control https://t.co/BfMeWh4BOk"}
{"_id":{"$oid":"5e5c6f77e0c333e0518decd5"},"text":"Streaming #WreckFest tonight doing custom games with friends! Come join the stream and thanks for the support every‚Ä¶ https://t.co/OuPiv6ZpN6"}
{"_id":{"$oid":"5e5c6f7ce0c333e0518decd7"},"text":"RT @RandomGaming86: Streaming #WreckFest tonight doing custom games with friends! Come join the stream and thanks for the support everyone!‚Ä¶"}
{"_id":{"$oid":"5e5c6fb4e0c333e0518decd9"},"text":"RT @RandomGaming86: Streaming #WreckFest tonight doing custom games with friends! Come join the stream and thanks for the support everyone!‚Ä¶"}
{"_id":{"$oid":"5e5c6fefe0c333e0518decdb"},"text":"New TTO episode tomorrow! Link in bio, go subscribe now!\n-\n#videogames #gaming #podcast #divinity #baldursgate‚Ä¶ https://t.co/9jwLToNxnV"}
{"_id":{"$oid":"5e5c708ce0c333e0518decdd"},"text":"RT @DanielsWeek1: Seal 7 is #Wrath.!\n\"#Judgments\"? When?\n#Believers Rev 11:18\n#Nations Rev 14:14-20 @Trump 7 \n#Unbelievers @ White #Throne‚Ä¶"}
{"_id":{"$oid":"5e5c7186e0c333e0518decdf"},"text":"RT @DanielsWeek1: 1Cor 3\n#Fire will #Test what #Sort of #Work ea 1 has #Done. If the Work that #anyone has #Built on the #Foundation #Survi‚Ä¶"}
{"_id":{"$oid":"5e5c71b4e0c333e0518dece1"},"text":"RT @HarrisonKasun: Pretenders 2-22-20 ‚Äúwe hand out too much respect these days.‚Äù #comic #comicstrip #cartoon #cartoonist #drawing #ink #ske‚Ä¶"}
{"_id":{"$oid":"5e5c71c1e0c333e0518dece3"},"text":"RT @HarrisonKasun: Pretenders 2-22-20 ‚Äúwe hand out too much respect these days.‚Äù #comic #comicstrip #cartoon #cartoonist #drawing #ink #ske‚Ä¶"}
{"_id":{"$oid":"5e5c71d5e0c333e0518dece5"},"text":"RT @DanielsWeek1: #Souls under the #Altar because of the Lamb  Phil 2:3-11 They '#Overcame' him by the #Blood of the #Lamb &amp; the #Word of t‚Ä¶"}
{"_id":{"$oid":"5e5c71f5e0c333e0518dece7"},"text":"RT @kay31848302: @iamproffi @samj_jane This is heartbreaking.. üíî#EndAnimalAbuse  \n#Boycottcircuses \n\nHow can people go to these places &amp; wa‚Ä¶"}
{"_id":{"$oid":"5e5c74c0e0c333e0518dece9"},"text":"RT @BraveWords666: Review ‚Äì Rage‚Äôs Wings Of Rage ‚Äì ‚ÄúOverall their strongest album since Strings To A Web‚Ä¶‚Äù #Rage\nhttps://t.co/dNwLos2TWH"}
{"_id":{"$oid":"5e5c7539e0c333e0518deceb"},"text":"I wanna kill you and destroy you. I want you died and I want him back. #emo #scene #anger #fuck #die #hatered‚Ä¶ https://t.co/hpAuhIE9ZS"}
{"_id":{"$oid":"5e5c7556e0c333e0518deced"},"text":"RT @Consortkingdom: I wanna kill you and destroy you. I want you died and I want him back. #emo #scene #anger #fuck #die #hatered @pumpkinh‚Ä¶"}
{"_id":{"$oid":"5e5c769ce0c333e0518decef"},"text":"RT @justbecool21: #kola fans got so disrespected by @YandR_CBS #angry https://t.co/kqacnwUzmw"}
{"_id":{"$oid":"5e5c76eae0c333e0518decf1"},"text":"ANGRY Vamet!\n#avill #simbastudio #character #characterdesign #illustration #upset #angry #superpowers  #devil‚Ä¶ https://t.co/n6QuZA8B6s"}
{"_id":{"$oid":"5e5c7715e0c333e0518decf3"},"text":"RT @TerryCommentary: Yeah.\nHe is the #rage candidate."}
{"_id":{"$oid":"5e5c797ae0c333e0518decf5"},"text":"This is hilarious #football #angry #funny #tv #smash"}
{"_id":{"$oid":"5e5c79ade0c333e0518decf7"},"text":"@ksharon2 I remember #Her #ROAR\n   #ColumbiaCup https://t.co/pcznwW7lGw"}
{"_id":{"$oid":"5e5c7b5ae0c333e0518decf9"},"text":"RT @BigSkyConf: Treyshon Malone @JumpMan_T12 of @IdahoStateTrack spoke with @mariluzcook after the Indoor #BigSkyTF Championships about the‚Ä¶"}
{"_id":{"$oid":"5e5c7b76e0c333e0518decfb"},"text":"#NewMusic from @byounker, this is #RaiseAHallelujah (live from Passion 2020), from the upcoming album #Roar coming‚Ä¶ https://t.co/yDsJmZyUNI"}
{"_id":{"$oid":"5e5c7c36e0c333e0518decfd"},"text":"#NewMusic from @byounker, this is #RaiseAHallelujah (live from Passion 2020), from Passion's upcoming live album‚Ä¶ https://t.co/lF5V1VA7V2"}
{"_id":{"$oid":"5e5c7c3be0c333e0518decff"},"text":"Persephone in alot of stress\n#persephone #loreolympus #WEBTOON #arts #artistsontwitter #artist #Doodles‚Ä¶ https://t.co/YhLPKIlCfj"}
{"_id":{"$oid":"5e5c7c78e0c333e0518ded01"},"text":"RT @therealjerick25: #NewMusic from @byounker, this is #RaiseAHallelujah (live from Passion 2020), from Passion's upcoming live album #Roar‚Ä¶"}
{"_id":{"$oid":"5e5c7c85e0c333e0518ded03"},"text":"RT @therealjerick25: #NewMusic from @byounker, this is #RaiseAHallelujah (live from Passion 2020), from Passion's upcoming live album #Roar‚Ä¶"}
{"_id":{"$oid":"5e5c7d26e0c333e0518ded05"},"text":"Our apartment is finally starting to feel like a home. #newapartment #movingin #gettingsettled #ourhome‚Ä¶ https://t.co/LgT9xMghoi"}
{"_id":{"$oid":"5e5ca01be0c333e0518ded07"},"text":"#MentallyIll #UnhingedLeft #LyingLiberal #AntiAmerica #SocialistDem @MikeBloomberg spewing #TheFeralLeft #Fascist‚Ä¶ https://t.co/rsw4TGYoXY"}
{"_id":{"$oid":"5e5ca01be0c333e0518ded09"},"text":"Lisa, there are hundreds of thousands of Americans #ANGRY at bad treatment, likepeter, MrOh {RussianMobKnowledge fr‚Ä¶ https://t.co/zeXSWjoQwZ"}
{"_id":{"$oid":"5e5ca01be0c333e0518ded0b"},"text":"RT @RandomGaming86: Streaming #WreckFest tonight doing custom games with friends! Come join the stream and thanks for the support everyone!‚Ä¶"}
{"_id":{"$oid":"5e5ca01be0c333e0518ded0d"},"text":"this should be a headline, and we ought to be furious.\nthis should be a headline, and we ought to be furious.\nthis‚Ä¶ https://t.co/kkLKpzPAMT"}
{"_id":{"$oid":"5e5ca01be0c333e0518ded0f"},"text":"RT @bestforluxury: üíÅ‚Äç‚ôÄÔ∏èLearn EFT Tapping Energy #Healing #Therapy (even kids ca do) Quick #Solution for #anxiety #pain #anger #panic #mood‚Ä¶"}
{"_id":{"$oid":"5e5ca01be0c333e0518ded11"},"text":"I did not steal my sweater from their wardrobeü¶Å #Roar #BackStageShenanigans #NoFilterWanted #Rocker‚Ä¶ https://t.co/lTBfqLoQMc"}
{"_id":{"$oid":"5e5ca01be0c333e0518ded13"},"text":"#DucklingSchool #DailyNews\n#Roar of #Ranthambore may #fall #silent if we don‚Äôt act\nhttps://t.co/FaIUyBGuZE\nContact-‚Ä¶ https://t.co/EM28yqb7mC"}
{"_id":{"$oid":"5e5ca01be0c333e0518ded15"},"text":"\"Angry face\":\n\nhttps://t.co/MysPuq7UqK\n\n#Digital 2D #vertical #anger #face https://t.co/s6LLGVdbuZ"}
{"_id":{"$oid":"5e5ca01be0c333e0518ded17"},"text":"\"Angry face\":\n\nhttps://t.co/MysPuq7UqK\n\n#Digital2D #vertical #anger #face https://t.co/0Mn0XeHlSA"}
{"_id":{"$oid":"5e5ca01be0c333e0518ded19"},"text":"@msdhoni arrived in #Chennai üî•\n.\n#ChennaiSuperKings #Dhoni #MSDhoni #MSD #CSK #Roar #WhistlePodu #IPL2020 #IPL"}
{"_id":{"$oid":"5e5ca01be0c333e0518ded1b"},"text":"Are you an Epic Creator?!?!?! | Creator Code: Royce-Hollowind https://t.co/VsTqYZPwXy\n\n#fortnite #battleroyale‚Ä¶ https://t.co/8DFqs0ATe2"}
{"_id":{"$oid":"5e5ca01be0c333e0518ded1d"},"text":"The feels\n\n#MentalHealthAwareness #Mentalhealth #MentalHealthMatters #BPD #Psychosis #depression #anger #trauma‚Ä¶ https://t.co/ZuJKvnqGbJ"}
{"_id":{"$oid":"5e5ca01be0c333e0518ded1f"},"text":"#BrandNew #Vampire #Professional #Guardian https://t.co/qxYezGT7UA #relationship It's complicated‚Ä¶ https://t.co/ijBPy7eW4s"}
{"_id":{"$oid":"5e5ca01be0c333e0518ded21"},"text":"RT @calvinatious: I imagine it every day! Brings joy to my heart do do God's work.\n#Theonomy\n#Terrorism\n#Roar https://t.co/uwwZaZhfLB"}
{"_id":{"$oid":"5e5ca01be0c333e0518ded23"},"text":"RT @LarAtLarian: Happy to see Pathfinder is doing so well - those are some impressive numbers. Be sure to check it out!"}
{"_id":{"$oid":"5e5ca01be0c333e0518ded25"},"text":"RT @I_amshobhit: @msdhoni arrived in #Chennai üî•\n.\n#ChennaiSuperKings #Dhoni #MSDhoni #MSD #CSK #Roar #WhistlePodu #IPL2020 #IPL"}
{"_id":{"$oid":"5e5ca01be0c333e0518ded27"},"text":"RT @Qamikaze_Draws: Fight and destroy, show us your true Wrath...\nI hope you like this one!\n@SMITEGame\n\n#Smite #fanart #smitegod #skinconce‚Ä¶"}
{"_id":{"$oid":"5e5ca01be0c333e0518ded29"},"text":"#Anger is just anger. It isnt good. It isn't bad. What u do with it is what matters. U can use it to build or to destroy.-Jim Butcher #quote"}
{"_id":{"$oid":"5e5ca01be0c333e0518ded2b"},"text":"#Suspect charged in road #rage attack - Mar 2 @ 12:30 AM ET https://t.co/6pPvLD7oeF"}
{"_id":{"$oid":"5e5ca01be0c333e0518ded2d"},"text":"RT @JackLawsome: If you are patient in one moment of anger,\nyou will escape a hundred days of sorrow.\n~ Rilke\n\nActing out of anger is not u‚Ä¶"}
{"_id":{"$oid":"5e5ca01be0c333e0518ded2f"},"text":"Being #angry, #anxious, #defeated are not God's plans for you.\n.\nReach out to us at: https://t.co/0marATO7eT\n.\n.‚Ä¶ https://t.co/UavQv2u0Km"}
{"_id":{"$oid":"5e5ca01be0c333e0518ded31"},"text":"üö®üéÆWell it's that time of the day agianüö®üéÆ make sure to drop a follow on the stream!!ü§™https://t.co/icWyqGD02h‚Ä¶ https://t.co/KnHtDZS1m4"}
{"_id":{"$oid":"5e5ca01be0c333e0518ded33"},"text":"RT @BigSkyConf: Treyshon Malone @JumpMan_T12 of @IdahoStateTrack spoke with @mariluzcook after the Indoor #BigSkyTF Championships about the‚Ä¶"}
{"_id":{"$oid":"5e5cad00e0c333e0518ded35"},"text":"RT @DanielsWeek1: #God's #Judgment #Not #Yet. \n#5th #Seal #Revelation 6:9-11\n\"#O #Lord, #Holy &amp; #True, \"#How #Long\" until you \"#Judge\" &amp; #A‚Ä¶"}
{"_id":{"$oid":"5e5cad00e0c333e0518ded37"},"text":"RT @DanielsWeek1: '#Beginning of #Satan's Wrath' vs '#God's #Wrath'\n-'Satan's Wrath' is #Seal 4: #Rev 12:12. The #Pale #Green #Horseman is‚Ä¶"}
{"_id":{"$oid":"5e5cad01e0c333e0518ded39"},"text":"#Anger is just anger. It isnt good. It isn't bad. What u do with it is what matters. U can use it to build or to destroy.-Jim Butcher #quote"}
{"_id":{"$oid":"5e5cad01e0c333e0518ded3b"},"text":"RT @DanielsWeek1: Gal 5:19 #Works of #Flesh: #Sexual #Immorality #Impurity #Sensuality #Idolatry #Sorcery #Enmity #Strife #Jealousy, fits o‚Ä¶"}
{"_id":{"$oid":"5e5cad01e0c333e0518ded3d"},"text":"Luck Witch - Audio Hertz üí• [No Copyright Music]\nüéß Listen: https://t.co/xLMLyxutYJ\n.\n#MusicLib101 #NoCopyrightMusic‚Ä¶ https://t.co/6MVSqnIzVv"}
{"_id":{"$oid":"5e5cad01e0c333e0518ded3f"},"text":"RT @DanielsWeek1: Seal 7 is #Wrath.!\n\"#Judgments\"? When?\n#Believers Rev 11:18\n#Nations Rev 14:14-20 @Trump 7 \n#Unbelievers @ White #Throne‚Ä¶"}
{"_id":{"$oid":"5e5cad01e0c333e0518ded41"},"text":"RT @DanielsWeek1: 1Cor 3\n#Fire will #Test what #Sort of #Work ea 1 has #Done. If the Work that #anyone has #Built on the #Foundation #Survi‚Ä¶"}
{"_id":{"$oid":"5e5cad01e0c333e0518ded43"},"text":"RT @DanielsWeek1: #Souls under the #Altar because of the Lamb  Phil 2:3-11 They '#Overcame' him by the #Blood of the #Lamb &amp; the #Word of t‚Ä¶"}
{"_id":{"$oid":"5e5cad01e0c333e0518ded45"},"text":"One down, how many more to go?\nWho do you think would be Maya's next target?\n\n@jenwinget\n@AshishChowdhry\n@shivin7‚Ä¶ https://t.co/DsppGEt8uN"}
{"_id":{"$oid":"5e5cad01e0c333e0518ded47"},"text":"RT @LSDFilms_: One down, how many more to go?\nWho do you think would be Maya's next target?\n\n@jenwinget\n@AshishChowdhry\n@shivin7\n\n#Beyhadh2‚Ä¶"}
{"_id":{"$oid":"5e5cad01e0c333e0518ded49"},"text":"Don't know about Maya but my next target z u and @SonyTV for sure üëøüëøüëø"}
{"_id":{"$oid":"5e5cad01e0c333e0518ded4b"},"text":"RT @LSDFilms_: One down, how many more to go?\nWho do you think would be Maya's next target?\n\n@jenwinget\n@AshishChowdhry\n@shivin7\n\n#Beyhadh2‚Ä¶"}
{"_id":{"$oid":"5e5cad01e0c333e0518ded4d"},"text":"RT @LSDFilms_: One down, how many more to go?\nWho do you think would be Maya's next target?\n\n@jenwinget\n@AshishChowdhry\n@shivin7\n\n#Beyhadh2‚Ä¶"}
{"_id":{"$oid":"5e5cad01e0c333e0518ded4f"},"text":"RT @LSDFilms_: One down, how many more to go?\nWho do you think would be Maya's next target?\n\n@jenwinget\n@AshishChowdhry\n@shivin7\n\n#Beyhadh2‚Ä¶"}
{"_id":{"$oid":"5e5cad01e0c333e0518ded51"},"text":"MAYA S NEXT TARGET IS @SonyTV AND YOU @LSDFilms_ \nAND EVEN MINE"}
{"_id":{"$oid":"5e5cad01e0c333e0518ded53"},"text":"whats the worst way to die in fortnite? #fortnite #clip #dead #rage https://t.co/kP4ay6OpWg"}
{"_id":{"$oid":"5e5cad01e0c333e0518ded55"},"text":"RT @LSDFilms_: One down, how many more to go?\nWho do you think would be Maya's next target?\n\n@jenwinget\n@AshishChowdhry\n@shivin7\n\n#Beyhadh2‚Ä¶"}
{"_id":{"$oid":"5e5cad01e0c333e0518ded57"},"text":"RT @LSDFilms_: One down, how many more to go?\nWho do you think would be Maya's next target?\n\n@jenwinget\n@AshishChowdhry\n@shivin7\n\n#Beyhadh2‚Ä¶"}
{"_id":{"$oid":"5e5cad01e0c333e0518ded59"},"text":"Watch domc132 with me on Twitch!\nWe live with deathruns!!! Make sure to drop a follow!!üö®üéÆ\n#twitch #follow #fans‚Ä¶ https://t.co/jxWGqer7YT"}
{"_id":{"$oid":"5e5cad01e0c333e0518ded5b"},"text":"RT @syrupboy99: üö®üéÆWell it's that time of the day agianüö®üéÆ make sure to drop a follow on the stream!!ü§™https://t.co/icWyqGD02h\n@rtsmallstreams‚Ä¶"}
{"_id":{"$oid":"5e5cad01e0c333e0518ded5d"},"text":"RT @syrupboy99: üö®üéÆWell it's that time of the day agianüö®üéÆ make sure to drop a follow on the stream!!ü§™https://t.co/icWyqGD02h\n@rtsmallstreams‚Ä¶"}
{"_id":{"$oid":"5e5cad01e0c333e0518ded5f"},"text":"RT @syrupboy99: Watch domc132 with me on Twitch!\nWe live with deathruns!!! Make sure to drop a follow!!üö®üéÆ\n#twitch #follow #fans #explore #f‚Ä¶"}
{"_id":{"$oid":"5e5cad01e0c333e0518ded61"},"text":"RT @deville_julie: So excited to announce that @TrThorntree will be joining @extoltrust today. Privileged to have such an amazing community‚Ä¶"}
{"_id":{"$oid":"5e5cad01e0c333e0518ded63"},"text":"RT @LSDFilms_: One down, how many more to go?\nWho do you think would be Maya's next target?\n\n@jenwinget\n@AshishChowdhry\n@shivin7\n\n#Beyhadh2‚Ä¶"}
{"_id":{"$oid":"5e5cad01e0c333e0518ded65"},"text":"RT @syrupboy99: Watch domc132 with me on Twitch!\nWe live with deathruns!!! Make sure to drop a follow!!üö®üéÆ\n#twitch #follow #fans #explore #f‚Ä¶"}
{"_id":{"$oid":"5e5cad01e0c333e0518ded67"},"text":"RT @syrupboy99: Watch domc132 with me on Twitch!\nWe live with deathruns!!! Make sure to drop a follow!!üö®üéÆ\n#twitch #follow #fans #explore #f‚Ä¶"}
{"_id":{"$oid":"5e5cad01e0c333e0518ded69"},"text":"RT @LSDFilms_: One down, how many more to go?\nWho do you think would be Maya's next target?\n\n@jenwinget\n@AshishChowdhry\n@shivin7\n\n#Beyhadh2‚Ä¶"}
{"_id":{"$oid":"5e5cad01e0c333e0518ded6b"},"text":"RT @OwlcatGames: The time has come. The Kickstarter campaign for our next project is live!\nBack us on Kickstarter and help us make Pathfind‚Ä¶"}
{"_id":{"$oid":"5e5cad01e0c333e0518ded6d"},"text":"RT @syrupboy99: Watch domc132 with me on Twitch!\nWe live with deathruns!!! Make sure to drop a follow!!üö®üéÆ\n#twitch #follow #fans #explore #f‚Ä¶"}
{"_id":{"$oid":"5e5cc1fae0c333e0518ded6f"},"text":"RT @LSDFilms_: One down, how many more to go?\nWho do you think would be Maya's next target?\n\n@jenwinget\n@AshishChowdhry\n@shivin7\n\n#Beyhadh2‚Ä¶"}
{"_id":{"$oid":"5e5cc1fae0c333e0518ded71"},"text":"Eviction of Tenant under The Haryana Urban (Control‚Ä¶\n#HaryanaUrban #SupremeCourt #RentLawsinIndia #tenancyAgreement‚Ä¶ https://t.co/Nu2lGFvDxh"}
{"_id":{"$oid":"5e5cc1fae0c333e0518ded73"},"text":"RT @LSDFilms_: One down, how many more to go?\nWho do you think would be Maya's next target?\n\n@jenwinget\n@AshishChowdhry\n@shivin7\n\n#Beyhadh2‚Ä¶"}
{"_id":{"$oid":"5e5cc1fae0c333e0518ded75"},"text":"Are people and things annoying you? Remember this........\n\n#annoyed #angry https://t.co/S2DDvq5abh"}
{"_id":{"$oid":"5e5cc1fae0c333e0518ded77"},"text":"@AndrewYang Did you know #anger changes your #physiology so you can‚Äôt #reason correctly? Your brain literally produ‚Ä¶ https://t.co/50Z71t9Luv"}
{"_id":{"$oid":"5e5cc1fae0c333e0518ded79"},"text":"Everyone who enjoys getting lit and listening to Crank MUSIC go show support and download my new ep ‚ÄúNOW IM MAD‚Äù ‚Å©‚Ä¶ https://t.co/sMhJ81Neys"}
{"_id":{"$oid":"5e5cc1fae0c333e0518ded7b"},"text":"RT @Soo_Legal: Eviction of Tenant under The Haryana Urban (Control‚Ä¶\n#HaryanaUrban #SupremeCourt #RentLawsinIndia #tenancyAgreement #ROAR #p‚Ä¶"}
{"_id":{"$oid":"5e5cc1fae0c333e0518ded7d"},"text":"#roar  #Minky fabric #Teal Roar, #Dinosaur #Minkyfabric, #Shannon #CuddleMinky, Cut to Order,  #Supersoft‚Ä¶ https://t.co/vHn2B9qz75"}
{"_id":{"$oid":"5e5cc1fae0c333e0518ded7f"},"text":"So good I had to share! Check out all the items I'm loving on @Poshmarkapp from @mommadeuce17 #poshmark #fashion‚Ä¶ https://t.co/z6dWWHYimP"}
{"_id":{"$oid":"5e5cc1fae0c333e0518ded81"},"text":"RT @JocelynStarr: I did not steal my sweater from their wardrobeü¶Å #Roar #BackStageShenanigans #NoFilterWanted #Rocker #WardrobeEssentials @‚Ä¶"}
{"_id":{"$oid":"5e5cc1fae0c333e0518ded83"},"text":"RT @LSDFilms_: One down, how many more to go?\nWho do you think would be Maya's next target?\n\n@jenwinget\n@AshishChowdhry\n@shivin7\n\n#Beyhadh2‚Ä¶"}
{"_id":{"$oid":"5e5cc1fae0c333e0518ded85"},"text":"RT @LSDFilms_: One down, how many more to go?\nWho do you think would be Maya's next target?\n\n@jenwinget\n@AshishChowdhry\n@shivin7\n\n#Beyhadh2‚Ä¶"}
{"_id":{"$oid":"5e5cc1fae0c333e0518ded87"},"text":"RT @n3xusp0laris: Check out my homegirls stream!"}
{"_id":{"$oid":"5e5cc1fae0c333e0518ded89"},"text":"ü¶æNo beast is more savage than man when possessed with power answerable to his rage.ü¶æ #24/7 #savage #anger #dream‚Ä¶ https://t.co/aon8td1SNN"}
{"_id":{"$oid":"5e5cc1fae0c333e0518ded8b"},"text":"Sure we'll just ignore that blatant free in the last second of the game right in front of the posts.‚Ä¶ https://t.co/1xgZz46hRC"}
{"_id":{"$oid":"5e5cc1fae0c333e0518ded8d"},"text":"RT @LSDFilms_: One down, how many more to go?\nWho do you think would be Maya's next target?\n\n@jenwinget\n@AshishChowdhry\n@shivin7\n\n#Beyhadh2‚Ä¶"}
{"_id":{"$oid":"5e5cc1fae0c333e0518ded8f"},"text":"#Anger #Management By #Sunnah\n\nWatch this Video\nhttps://t.co/BGUxryUnYe"}
{"_id":{"$oid":"5e5cc1fae0c333e0518ded91"},"text":"RT @mabdullah2k19: #Anger #Management By #Sunnah\n\nWatch this Video\nhttps://t.co/BGUxryUnYe"}
{"_id":{"$oid":"5e5cc1fae0c333e0518ded93"},"text":"I have a female German shepherd. She plays around in the house and always runs here and there. It was a few years b‚Ä¶ https://t.co/YWycUT77dd"}
{"_id":{"$oid":"5e5cc1fae0c333e0518ded95"},"text":"Welp, someone was getting really mad LOL üòÇ #Rage #ModernWarfare https://t.co/iXJJ2FRV6L"}
{"_id":{"$oid":"5e5cc1fae0c333e0518ded97"},"text":"@CSKFansOfficial @sapnabhavnani @ChennaiIPL MSD‚ù§Ô∏èüíØ My Thalaivan is Back for Verithanamana Huntü¶Å #ROAR‚ù§Ô∏è #MSDhoni‚Ä¶ https://t.co/UAVxinbtnq"}
{"_id":{"$oid":"5e5cc1fae0c333e0518ded99"},"text":"COTD 02.03.20 - Anger issues...\n#tarot #cardoftheday #anger #monday https://t.co/LPbWiq8eS2 https://t.co/5nzyOo7cVy"}
{"_id":{"$oid":"5e5cc1fae0c333e0518ded9b"},"text":"Old Proverb:\n\n#Racoon #TRASH #proverb #trashpanda #Coffee #wildlife #animal #nature #doodle #illustration‚Ä¶ https://t.co/9jxEcxWrA9"}
{"_id":{"$oid":"5e5cc1fae0c333e0518ded9d"},"text":"Hey workinganimal! Know what's better than hangry? üç∫üç±üçéüçíüçû!\nhttps://t.co/OugoyuioEn"}
{"_id":{"$oid":"5e5cc1fae0c333e0518ded9f"},"text":"There are two things a person should never be angry at, what they ca... #Anger #Help  #MotivationMonday‚Ä¶ https://t.co/U0vc1He920"}
{"_id":{"$oid":"5e5cc1fae0c333e0518deda1"},"text":"RT @mabdullah2k19: #Anger #Management By #Sunnah\n\nWatch this Video\nhttps://t.co/BGUxryUnYe"}
{"_id":{"$oid":"5e5cc1fae0c333e0518deda3"},"text":"Monday mornings are the worst aren't they? Share a moan with MoanRantWhine ~ #Rant #Whine #Moan #MoanDay #Angry #FedUp #TweetItOut"}
{"_id":{"$oid":"5e5cc1fae0c333e0518deda5"},"text":"RT @LSDFilms_: One down, how many more to go?\nWho do you think would be Maya's next target?\n\n@jenwinget\n@AshishChowdhry\n@shivin7\n\n#Beyhadh2‚Ä¶"}
{"_id":{"$oid":"5e5cc205e0c333e0518deda7"},"text":"RT @AgriExpo1: We‚Äôre happy to announce that we won a #ROAR #Award for ‚ÄòDistinction in #operations &amp; #logistics‚Äô for #AgriExpoLivestock &amp; @g‚Ä¶"}
{"_id":{"$oid":"5e5cc230e0c333e0518deda9"},"text":"#RAGE: All you need is LOVE &amp; RAGE ‚ù§ so with 25% OFF grab the HOTTEST styles NOW! Ends 8 March. T‚Äôs &amp; C‚Äôs apply. https://t.co/BsHaxdm5L6"}
{"_id":{"$oid":"5e5cc249e0c333e0518dedab"},"text":"RT @CrimesAgainstHa: Old Proverb:\n\n#Racoon #TRASH #proverb #trashpanda #Coffee #wildlife #animal #nature #doodle #illustration #Illustrator‚Ä¶"}
{"_id":{"$oid":"5e5cc2e1e0c333e0518dedad"},"text":"The customer is not the one who complains unreasonably in the hands of anger It's a waste of society.Because there'‚Ä¶ https://t.co/4CXtLwYwY2"}
{"_id":{"$oid":"5e5cc4b5e0c333e0518dedaf"},"text":"(Press and Journal):#Anger and disappointment as north-east pool beauty spot is defaced : Vandals have daubed graff‚Ä¶ https://t.co/l5KJoSgbDz"}
{"_id":{"$oid":"5e5cc6ace0c333e0518dedb1"},"text":"Changing things a little bit and we going to grind con #CallofDutyModernWarfare\n#twitch #Rage https://t.co/O0EdukJpfw"}
{"_id":{"$oid":"5e5cc6ace0c333e0518dedb3"},"text":"#Sports\n\nNew post (#India vs New #Zealand: If you want to #Create #Controversy, this is not the right #Place:‚Ä¶ https://t.co/rUOvheD2HA"}
{"_id":{"$oid":"5e5cc6ace0c333e0518dedb5"},"text":"#Stress is a #feeling of #emotional or physical #tension. It can come from any #event or thought that makes you fee‚Ä¶ https://t.co/Aoyb1Qvoxv"}
{"_id":{"$oid":"5e5d15dbe0c333e0518dedb7"},"text":"Can you plz clear the air??? \nCan you plz not let the show end?\n.\n.\n#NoBeyhadh2NoSonyTV"}
{"_id":{"$oid":"5e5d15e9e0c333e0518dedb9"},"text":"RT @LSDFilms_: Watch Rudra colour Maya's life with love on #Beyhadh2, from Mon-Fri, 9pm only on @sonytvofficial\nComment with \"‚ù§\" if you agr‚Ä¶"}
{"_id":{"$oid":"5e5d15f2e0c333e0518dedbb"},"text":"I'll throw a bunch hearts at you but only Beyhadh and Jenna is around #NoBeyhadh2NoSonyTV @SonyTV"}
{"_id":{"$oid":"5e5d162de0c333e0518dedbd"},"text":"RT @LSDFilms_: Watch Rudra colour Maya's life with love on #Beyhadh2, from Mon-Fri, 9pm only on @sonytvofficial\nComment with \"‚ù§\" if you agr‚Ä¶"}
{"_id":{"$oid":"5e5d1640e0c333e0518dedbf"},"text":"RT @lostgirlover92: I'll throw a bunch hearts at you but only Beyhadh and Jenna is around #NoBeyhadh2NoSonyTV @SonyTV"}
{"_id":{"$oid":"5e5d164be0c333e0518dedc1"},"text":"RT @LSDFilms_: Watch Rudra colour Maya's life with love on #Beyhadh2, from Mon-Fri, 9pm only on @sonytvofficial\nComment with \"‚ù§\" if you agr‚Ä¶"}
{"_id":{"$oid":"5e5d1662e0c333e0518dedc3"},"text":"#NoBeyhadh2NoSonyTv\nNoBeyhadh2NoSonyTv xx"}
{"_id":{"$oid":"5e5d166ce0c333e0518dedc5"},"text":"We don't have Jennifer, we don't have Sony TV @SonyTV\n @LSDFilms_\n\n #NoBeyhadh2NoSonyTv"}
{"_id":{"$oid":"5e5d1675e0c333e0518dedc7"},"text":"RT @ThazniBackup: #NoBeyhadh2NoSonyTv\nNoBeyhadh2NoSonyTv xx"}
{"_id":{"$oid":"5e5d1680e0c333e0518dedc9"},"text":"RT @lostgirlover92: I'll throw a bunch hearts at you but only Beyhadh and Jenna is around #NoBeyhadh2NoSonyTV @SonyTV https://t.co/Q6suggyh‚Ä¶"}
{"_id":{"$oid":"5e5d1681e0c333e0518dedcb"},"text":"RT @ThazniBackup: #NoBeyhadh2NoSonyTv\nNoBeyhadh2NoSonyTv xx"}
{"_id":{"$oid":"5e5d1688e0c333e0518dedcd"},"text":"RT @LSDFilms_: Watch Rudra colour Maya's life with love on #Beyhadh2, from Mon-Fri, 9pm only on @sonytvofficial\nComment with \"‚ù§\" if you agr‚Ä¶"}
{"_id":{"$oid":"5e5d1688e0c333e0518dedcf"},"text":"RT @ThazniBackup: #NoBeyhadh2NoSonyTv\nNoBeyhadh2NoSonyTv xx"}
{"_id":{"$oid":"5e5d1689e0c333e0518dedd1"},"text":"RT @LSDFilms_: Watch Rudra colour Maya's life with love on #Beyhadh2, from Mon-Fri, 9pm only on @sonytvofficial\nComment with \"‚ù§\" if you agr‚Ä¶"}
{"_id":{"$oid":"5e5d1690e0c333e0518dedd3"},"text":"RT @_Jennika_04: Can you plz clear the air??? \nCan you plz not let the show end?\n.\n.\n#NoBeyhadh2NoSonyTV"}
{"_id":{"$oid":"5e5d1694e0c333e0518dedd5"},"text":"And our lives would be filled with colours if Sony makes the right decision.\nKeep beyhadh 2 on TV!‚Ä¶ https://t.co/QFFOiXHzr7"}
{"_id":{"$oid":"5e5d16aee0c333e0518dedd7"},"text":"RT @LSDFilms_: Watch Rudra colour Maya's life with love on #Beyhadh2, from Mon-Fri, 9pm only on @sonytvofficial\nComment with \"‚ù§\" if you agr‚Ä¶"}
{"_id":{"$oid":"5e5d16b4e0c333e0518dedd9"},"text":"RT @lostgirlover92: I'll throw a bunch hearts at you but only Beyhadh and Jenna is around #NoBeyhadh2NoSonyTV @SonyTV"}
{"_id":{"$oid":"5e5d16b9e0c333e0518deddb"},"text":"RT @lostgirlover92: I'll throw a bunch hearts at you but only Beyhadh and Jenna is around #NoBeyhadh2NoSonyTV @SonyTV"}
{"_id":{"$oid":"5e5d16c1e0c333e0518deddd"},"text":"I hope it will continue till the end\n#NoBeyhadh2NoSonyTV"}
{"_id":{"$oid":"5e5d16c6e0c333e0518deddf"},"text":"RT @ThazniBackup: #NoBeyhadh2NoSonyTv\nNoBeyhadh2NoSonyTv xx"}
{"_id":{"$oid":"5e5d16c7e0c333e0518dede1"},"text":"RT @_Jennika_04: Can you plz clear the air??? \nCan you plz not let the show end?\n.\n.\n#NoBeyhadh2NoSonyTV"}
{"_id":{"$oid":"5e5d16c8e0c333e0518dede3"},"text":"RT @Innocencefair: And our lives would be filled with colours if Sony makes the right decision.\nKeep beyhadh 2 on TV!\n\n#NoBeyhadh2NoSonyTV‚Ä¶"}
{"_id":{"$oid":"5e5d16cce0c333e0518dede5"},"text":"RT @AakritiP1998: I hope it will continue till the end\n#NoBeyhadh2NoSonyTV"}
{"_id":{"$oid":"5e5d16d3e0c333e0518dede7"},"text":"RT @_Jennika_04: Can you plz clear the air??? \nCan you plz not let the show end?\n.\n.\n#NoBeyhadh2NoSonyTV"}
{"_id":{"$oid":"5e5d16ece0c333e0518dede9"},"text":"RT @_Jennika_04: Can you plz clear the air??? \nCan you plz not let the show end?\n.\n.\n#NoBeyhadh2NoSonyTV"}
{"_id":{"$oid":"5e5d16f5e0c333e0518dedeb"},"text":"RT @LSDFilms_: Watch Rudra colour Maya's life with love on #Beyhadh2, from Mon-Fri, 9pm only on @sonytvofficial\nComment with \"‚ù§\" if you agr‚Ä¶"}
{"_id":{"$oid":"5e5d172ae0c333e0518deded"},"text":"@SonyTV see the power this couple holds‚Äå! Extend it on TV\n#NoBeyhadh2NoSonyTV"}
{"_id":{"$oid":"5e5d172ae0c333e0518dedef"},"text":"RT @AakritiP1998: I hope it will continue till the end\n#NoBeyhadh2NoSonyTV"}
{"_id":{"$oid":"5e5d1735e0c333e0518dedf1"},"text":"RT @efJWx_: @SonyTV see the power this couple holds‚Äå! Extend it on TV\n#NoBeyhadh2NoSonyTV"}
{"_id":{"$oid":"5e5d1737e0c333e0518dedf3"},"text":"To the dickhead is pissed in my crab pool I will find you and I will kill you, I have to throw my crab away now tha‚Ä¶ https://t.co/ga8OskyZja"}
{"_id":{"$oid":"5e5d1745e0c333e0518dedf5"},"text":"RT @efJWx_: @SonyTV see the power this couple holds‚Äå! Extend it on TV\n#NoBeyhadh2NoSonyTV"}
{"_id":{"$oid":"5e5d1776e0c333e0518dedf7"},"text":"RT @efJWx_: @SonyTV see the power this couple holds‚Äå! Extend it on TV\n#NoBeyhadh2NoSonyTV"}
{"_id":{"$oid":"5e5d17a8e0c333e0518dedf9"},"text":"RT @efJWx_: @SonyTV see the power this couple holds‚Äå! Extend it on TV\n#NoBeyhadh2NoSonyTV"}
{"_id":{"$oid":"5e5d17abe0c333e0518dedfb"},"text":"RT @AakritiP1998: I hope it will continue till the end\n#NoBeyhadh2NoSonyTV"}
{"_id":{"$oid":"5e5d17dbe0c333e0518dedfd"},"text":"RT @LSDFilms_: One down, how many more to go?\nWho do you think would be Maya's next target?\n\n@jenwinget\n@AshishChowdhry\n@shivin7\n\n#Beyhadh2‚Ä¶"}
{"_id":{"$oid":"5e5d1812e0c333e0518dedff"},"text":"RT @TechGirlZA: Had a chance to be a guest on this new ZA podcast called @TheWeeklyOrder - such a rad show &amp; I had a ton of fun chatting ga‚Ä¶"}
{"_id":{"$oid":"5e5d1837e0c333e0518dee01"},"text":"RT @efJWx_: @SonyTV see the power this couple holds‚Äå! Extend it on TV\n#NoBeyhadh2NoSonyTV"}
{"_id":{"$oid":"5e5d188be0c333e0518dee03"},"text":"LIVE ON #TWITCHTV!!!!!!! Come by and watch some dope as #RAGE gameplay!!! #rager #rageking #callofduty‚Ä¶ https://t.co/2shgAIMVZa"}
{"_id":{"$oid":"5e5d188fe0c333e0518dee05"},"text":"RT @Innocencefair: And our lives would be filled with colours if Sony makes the right decision.\nKeep beyhadh 2 on TV!\n\n#NoBeyhadh2NoSonyTV‚Ä¶"}
