{"_id":{"$oid":"5e5ba00ae0c333e0518de3e3"},"text":"RT @AshRite2: #ThankfulThursday #ThursdayThirst #ThursdayThoughts \n#photography #naturaleza #Artistic #Distinct #Art #Mesmeric #Expressionâ€¦"}
{"_id":{"$oid":"5e5ba029e0c333e0518de3e5"},"text":"RT @srabinowitz1: I know All you see is pure Sexiness...Donâ€™t just Stare...\nYou can tell me how AWESOME I am...\nLove, Gertie the Bulldog ğŸ©ğŸ¾â€¦"}
{"_id":{"$oid":"5e5ba045e0c333e0518de3e7"},"text":"What an awesome trending music game! \nVery funny, exicting, and challenge!\nCheck it Out! ğŸ‘‰Tiles HopğŸ‘ˆ \n#TilesHopâ€¦ https://t.co/w9rHFMh3pn"}
{"_id":{"$oid":"5e5ba15fe0c333e0518de3e9"},"text":"RT @elitegirlslive: Looking for someone beautiful?? Check out the delicious @mykinkydope! Setting your imagination free.... #awesome\n\nâ–¶ï¸httâ€¦"}
{"_id":{"$oid":"5e5ba1a4e0c333e0518de3eb"},"text":"#checkitout #NowPlayingï¸ #thanks to the #awesome #support of @theretweetermag #rockmusic #hardrockmusic #rocknrollâ€¦ https://t.co/oOZZ8JeRgY"}
{"_id":{"$oid":"5e5ba207e0c333e0518de3ed"},"text":"What an awesome trending music game! \nVery funny, exicting, and challenge!\nCheck it Out! ğŸ‘‰Tiles HopğŸ‘ˆ \n#TilesHopâ€¦ https://t.co/6XMf2m9UfG"}
{"_id":{"$oid":"5e5ba251e0c333e0518de3ef"},"text":"What an awesome trending music game! \nVery funny, exicting, and challenge!\nCheck it Out! ğŸ‘‰Tiles HopğŸ‘ˆ \n#TilesHopâ€¦ https://t.co/QgTcGdBrqU"}
{"_id":{"$oid":"5e5ba274e0c333e0518de3f1"},"text":"What an awesome trending music game! \nVery funny, exicting, and challenge!\nCheck it Out! ğŸ‘‰Tiles HopğŸ‘ˆ \n#TilesHopâ€¦ https://t.co/Oxj5EUuydf"}
{"_id":{"$oid":"5e5ba275e0c333e0518de3f3"},"text":"RT @Nature_Incorp: Buff-tip Moth (Phalera bucephala)\nA moth of the family Notodontidae. It is found throughout Europe and in Asia to easterâ€¦"}
{"_id":{"$oid":"5e5ba2a2e0c333e0518de3f5"},"text":"Happy 6th #birthday to a very special #princess Annabelle           ğŸŒˆğŸ¦„ğŸ’– Rainbow Dancer our #unicorn #princess is soâ€¦ https://t.co/EEfio9dqTI"}
{"_id":{"$oid":"5e5ba2dce0c333e0518de3f7"},"text":"#Mirza  #Ghalib famous poetry including hamd for  #Allah and  #prophet  #MUHAMMED may peace be upon Him ,â€¦ https://t.co/C5etmcfi8U"}
{"_id":{"$oid":"5e5ba2e3e0c333e0518de3f9"},"text":"Better today than yesterday!\n#belimitless #nevergiveup #style #comment #igers #instadaily #usa #uk #australiaâ€¦ https://t.co/6sk9bDXQCy"}
{"_id":{"$oid":"5e5ba2ffe0c333e0518de3fb"},"text":"RT @AzazelPromo: Looking for someone beautiful?? Check out the delicious @sexyMarthaa! Setting your imagination free.... #awesome\n\nâ–¶ï¸https:â€¦"}
{"_id":{"$oid":"5e5ba300e0c333e0518de3fd"},"text":"RT @elitegirlslive: Looking for someone beautiful?? Check out the delicious @mykinkydope! Setting your imagination free.... #awesome\n\nâ–¶ï¸httâ€¦"}
{"_id":{"$oid":"5e5ba344e0c333e0518de3ff"},"text":"What an awesome trending music game! \nVery funny, exicting, and challenge!\nCheck it Out! ğŸ‘‰Tiles HopğŸ‘ˆ \n#TilesHopâ€¦ https://t.co/wrTlj7vjnW"}
{"_id":{"$oid":"5e5ba394e0c333e0518de401"},"text":"MIT Professor spoke about the main drawback of blockchain |||blockchain, cryptoperthite, scam, Two bitcoin, 2bitcoiâ€¦ https://t.co/NjcPMCYRn0"}
{"_id":{"$oid":"5e5ba395e0c333e0518de403"},"text":"If dry ice? |||Chemistry, Experiments, Medicine, People, Science, hi-news |||https://t.co/QsK2Wbd2Ga | #Techâ€¦ https://t.co/sUBbwQcrqG"}
{"_id":{"$oid":"5e5ba397e0c333e0518de405"},"text":"Amazon prohibits the million products claiming to cure or protect from MERS-CoV |||Amazon, corona virus, MERS-CoV,â€¦ https://t.co/T7HYi5n287"}
{"_id":{"$oid":"5e5ba399e0c333e0518de407"},"text":"How to modify the brightness level of the flash iPhone |||Flash iPhone, IPhone, Phones, Tricks and secrets |||â€¦ https://t.co/e8l75MZCbl"}
{"_id":{"$oid":"5e5ba399e0c333e0518de409"},"text":"RT @dir__business: MIT Professor spoke about the main drawback of blockchain |||blockchain, cryptoperthite, scam, Two bitcoin, 2bitcoins, Sâ€¦"}
{"_id":{"$oid":"5e5ba39be0c333e0518de40b"},"text":"RT @dir__business: If dry ice? |||Chemistry, Experiments, Medicine, People, Science, hi-news |||https://t.co/QsK2Wbd2Ga | #Tech #Technologyâ€¦"}
{"_id":{"$oid":"5e5ba39ce0c333e0518de40d"},"text":"RT @dir__business: Amazon prohibits the million products claiming to cure or protect from MERS-CoV |||Amazon, corona virus, MERS-CoV, Newsâ€¦"}
{"_id":{"$oid":"5e5ba39de0c333e0518de40f"},"text":"RT @ChigozieKenndy2: A BIG THANK you to all our #Biafran #brothers_sisters who #ATTENDED the Burial #yesterday,u all are #AWESOME ğŸ‘ u madeâ€¦"}
{"_id":{"$oid":"5e5ba39ee0c333e0518de411"},"text":"RT @dir__business: How to modify the brightness level of the flash iPhone |||Flash iPhone, IPhone, Phones, Tricks and secrets |||https://t.â€¦"}
{"_id":{"$oid":"5e5ba3a3e0c333e0518de413"},"text":"What an awesome trending music game! \nVery funny, exicting, and challenge!\nCheck it Out! ğŸ‘‰Tiles HopğŸ‘ˆ \n#TilesHopâ€¦ https://t.co/oC48zD6u3t"}
{"_id":{"$oid":"5e5ba3e6e0c333e0518de415"},"text":"Happy 40th Birthday to my best friend. â¦@web20classroomâ© this year is going to be #awesome ğŸ˜˜ https://t.co/LGfRgrs86N"}
{"_id":{"$oid":"5e5ba417e0c333e0518de417"},"text":"RT @AzazelPromo: Looking for someone beautiful?? Check out the delicious @sexyMarthaa! Setting your imagination free.... #awesome\n\nâ–¶ï¸https:â€¦"}
{"_id":{"$oid":"5e5ba422e0c333e0518de419"},"text":"RT @Nature_Incorp: Devils Tower National Monument\nDevils Tower is a butte, possibly laccolithic, composed of igneous rock , near Hulett andâ€¦"}
{"_id":{"$oid":"5e5ba4b6e0c333e0518de41b"},"text":"To order whatsapp pls 7073370771 #amazing #followme #all_shots #textgram #family #instago #igaddict #awesome #girlsâ€¦ https://t.co/CMNBLFFucu"}
{"_id":{"$oid":"5e5ba652e0c333e0518de41d"},"text":"RT @Nature_Incorp: Devils Tower National Monument\nDevils Tower is a butte, possibly laccolithic, composed of igneous rock , near Hulett andâ€¦"}
{"_id":{"$oid":"5e5ba652e0c333e0518de41f"},"text":"RT @Nature_Incorp: Devils Tower National Monument\nDevils Tower is a butte, possibly laccolithic, composed of igneous rock , near Hulett andâ€¦"}
{"_id":{"$oid":"5e5ba652e0c333e0518de421"},"text":"What an awesome trending music game! \nVery funny, exicting, and challenge!\nCheck it Out! ğŸ‘‰Tiles HopğŸ‘ˆ \n#TilesHopâ€¦ https://t.co/Kr4OPWYmld"}
{"_id":{"$oid":"5e5ba652e0c333e0518de423"},"text":"RT @elitegirlslive: Looking for someone beautiful?? Check out the delicious @mykinkydope! Setting your imagination free.... #awesome\n\nâ–¶ï¸httâ€¦"}
{"_id":{"$oid":"5e5ba652e0c333e0518de425"},"text":"What an awesome trending music game! \nVery funny, exicting, \nand challenge!\nCheck it Out! ğŸ‘‰Tiles HopğŸ‘ˆ \n#TilesHopâ€¦ https://t.co/czWJnBFMtD"}
{"_id":{"$oid":"5e5ba652e0c333e0518de427"},"text":"Oh! You have a Batman shirt on! Oh! Thereâ€™s an #octaviabutler book in the window!"}
{"_id":{"$oid":"5e5ba652e0c333e0518de429"},"text":"This is important.\n\nThis means something."}
{"_id":{"$oid":"5e5ba652e0c333e0518de42b"},"text":"RT @elitegirlslive: Looking for someone beautiful?? Check out the delicious @mykinkydope! Setting your imagination free.... #awesome\n\nâ–¶ï¸httâ€¦"}
{"_id":{"$oid":"5e5ba652e0c333e0518de42d"},"text":"RT @AzazelPromo: Looking for someone beautiful?? Check out the delicious @sexyMarthaa! Setting your imagination free.... #awesome\n\nâ–¶ï¸https:â€¦"}
{"_id":{"$oid":"5e5ba652e0c333e0518de42f"},"text":"RT @samsungph: Capture #AWESOME moments while on-the-go with the new #GalaxyA71PH. Coming soon. https://t.co/rfJQ84WsdU"}
{"_id":{"$oid":"5e5ba652e0c333e0518de431"},"text":"@HelenSW @annanealemusic Hi! Helen, Thank you for mentioning meğŸ˜ƒğŸ˜ƒ #awesome #supershoutout"}
{"_id":{"$oid":"5e5ba65ee0c333e0518de433"},"text":"Sunday Shoutout: @rozallab 90's single Don't Go Lose It Baby' (Metro 7\" Edit) ğŸ“»https://t.co/ibH5k8cOLXâ€¦ https://t.co/skTb2ZAu1k"}
{"_id":{"$oid":"5e5ba68de0c333e0518de435"},"text":"Happiest Birthday gabz0203 Godbless and stay Ever so Fabulous... \n\np.s : Samosa Parrrrtttyyy ğŸ¤£\n\n#birthdaygirlâ€¦ https://t.co/rU1jfUK02R"}
{"_id":{"$oid":"5e5ba6a8e0c333e0518de437"},"text":"We found a way to #save you money and man have we found an #awesome way to save on your #Medical prescriptions, onâ€¦ https://t.co/0QlksrBgQJ"}
{"_id":{"$oid":"5e5ba712e0c333e0518de439"},"text":"Bounce! ğŸ’ªğŸŒŸâ¤ï¸ #Ella #stjerne #star #awesome #bounce #bounceinc #fields #Ã¸restad #copenhagen #denmark ğŸ‡©ğŸ‡° bouncefieldsâ€¦ https://t.co/0IPxBGAfWs"}
{"_id":{"$oid":"5e5ba732e0c333e0518de43b"},"text":"RT @elitegirlslive: Looking for someone beautiful?? Check out the delicious @mykinkydope! Setting your imagination free.... #awesome\n\nâ–¶ï¸httâ€¦"}
{"_id":{"$oid":"5e5ba787e0c333e0518de43d"},"text":"What an awesome trending music game! \nVery funny, exicting, and challenge!\nCheck it Out! ğŸ‘‰Tiles HopğŸ‘ˆ \n#TilesHopâ€¦ https://t.co/ueoz61nFPP"}
{"_id":{"$oid":"5e5ba7ace0c333e0518de43f"},"text":"HAPPY ST DAVID'S Day lovely humans, hope you have a great day from my wonderful boys Rubix and Napoleon!!\n\n#twitchâ€¦ https://t.co/WKz6wleBlO"}
{"_id":{"$oid":"5e5ba812e0c333e0518de441"},"text":"This sort of thing would have helped so much when I was at school being a little dyslexic and a visual learner rathâ€¦ https://t.co/ro9gefWa7y"}
{"_id":{"$oid":"5e5ba85ce0c333e0518de443"},"text":"RT @Nature_Incorp: The Sun in Multiple Wavelengths\nThe Sun as seen in multiple wavelengths of light by NASA's Solar Dynamics Observatory ovâ€¦"}
{"_id":{"$oid":"5e5ba890e0c333e0518de445"},"text":"What an awesome trending music game! \nVery funny, exicting, and challenge!\nCheck it Out! ğŸ‘‰Tiles HopğŸ‘ˆ \n#TilesHopâ€¦ https://t.co/8i8H6WU5Tl"}
{"_id":{"$oid":"5e5ba8a5e0c333e0518de447"},"text":"What an awesome trending music game! \nVery funny, exicting, and challenge!\nCheck it Out! ğŸ‘‰Tiles HopğŸ‘ˆ \n#TilesHopâ€¦ https://t.co/mok7Ub1CdE"}
{"_id":{"$oid":"5e5ba8f4e0c333e0518de449"},"text":"What an awesome trending music game! \nVery funny, exicting, and challenge!\nCheck it Out! ğŸ‘‰Tiles HopğŸ‘ˆ \n#TilesHopâ€¦ https://t.co/pAGa8mWvJu"}
{"_id":{"$oid":"5e5ba96fe0c333e0518de44b"},"text":"In a word #Awesome! ğŸ¸#guitar #guitarist #ukulele #talented #guitarsolo"}
{"_id":{"$oid":"5e5baabee0c333e0518de44d"},"text":"RT @AzazelPromo: Looking for someone beautiful?? Check out the delicious @sexyMarthaa! Setting your imagination free.... #awesome\n\nâ–¶ï¸https:â€¦"}
{"_id":{"$oid":"5e5badfce0c333e0518de44f"},"text":"Hello Guys! Letâ€™s join our Charity Run Hope Project 4.0 ! \n\nWant to join? \nRegister here ğŸ‘‡ğŸ»\nhttps://t.co/ccBx5WdNF9â€¦ https://t.co/WkiX8jqmnM"}
{"_id":{"$oid":"5e5badfce0c333e0518de451"},"text":"What an awesome trending music game! \nVery funny, exicting, and challenge!\nCheck it Out! ğŸ‘‰Tiles HopğŸ‘ˆ \n#TilesHopâ€¦ https://t.co/liXUWEPPCU"}
{"_id":{"$oid":"5e5badfce0c333e0518de453"},"text":"#awesome!\n\nNow @Ricochet is not just tweeting links to new podcasts as they drop, now these tweets include outtakesâ€¦ https://t.co/30tM3RsWtt"}
{"_id":{"$oid":"5e5badfce0c333e0518de455"},"text":"Anamorphic lens video testing 2 with @moment lens. #awesome #moment #iwishsponsored #notsponsored @ Hong Kong https://t.co/mWmkHQZ5UX"}
{"_id":{"$oid":"5e5badfce0c333e0518de457"},"text":"What a glamorous step by small childğŸ¤£ğŸ¤£ğŸ¤£\n#dance #dance_step #dancing #glamorous #child #children_dance #osmâ€¦ https://t.co/Ap7pckPt4Q"}
{"_id":{"$oid":"5e5badfce0c333e0518de459"},"text":"#Deathstroke made a visit to #London #Spring #Film #Con on #Saturday at #OlympiaLondon Taking everyone by surpriseâ€¦ https://t.co/nSgrih4hWQ"}
{"_id":{"$oid":"5e5badfce0c333e0518de45b"},"text":"RT @AzazelPromo: Looking for someone beautiful?? Check out the delicious @sexyMarthaa! Setting your imagination free.... #awesome\n\nâ–¶ï¸https:â€¦"}
{"_id":{"$oid":"5e5badfce0c333e0518de45d"},"text":"Myself, along with @CPKR1993 &amp; @JackoTeam have created a new &amp; #free #PROMO #shoutout collaboration group. \n\nAnnounâ€¦ https://t.co/GTDn1bdRCe"}
{"_id":{"$oid":"5e5badfce0c333e0518de45f"},"text":"RT @AwesomeRex_: @dmvelliaris @JulieKusma @mafiahairdreser @Quinnqueens @claudia_oltean @l_paterno @sieberhagencri1 @DellOlioMario @AuthorEâ€¦"}
{"_id":{"$oid":"5e5badfce0c333e0518de461"},"text":"Remember to be awesome!!!!\n#awesome #books #fun #sunday #you #author #artist https://t.co/0DzOooo9gt"}
{"_id":{"$oid":"5e5badfce0c333e0518de463"},"text":"Check out my new #website \n@ https://t.co/MmEyYYJfYk where you can find some #awesome #ViralVideos https://t.co/XBLwNUCpUs"}
{"_id":{"$oid":"5e5badfce0c333e0518de465"},"text":"A little peak at what we've been working on #Metallica #metal #rock #masterofpuppets #awesome https://t.co/Fjib39eWVI"}
{"_id":{"$oid":"5e5badfce0c333e0518de467"},"text":"RT @elitegirlslive: Looking for someone beautiful?? Check out the delicious @mykinkydope! Setting your imagination free.... #awesome\n\nâ–¶ï¸httâ€¦"}
{"_id":{"$oid":"5e5badfce0c333e0518de469"},"text":"How about #steak #kabobs with #veggies and a #drizzle of @glorioussauces #amazing #awesome on #anythingâ€¦ https://t.co/ubzwuyijp2"}
{"_id":{"$oid":"5e5badfce0c333e0518de46b"},"text":"AEW Revolution put out a great show! As good as a ppv you'll find anywhere in any era in any promotion.â€¦ https://t.co/K9BVkbyBg0"}
{"_id":{"$oid":"5e5badfce0c333e0518de46d"},"text":"What an awesome trending music game! \nVery funny, exicting, and challenge!\nCheck it Out! ğŸ‘‰Tiles HopğŸ‘ˆ \n#TilesHopâ€¦ https://t.co/Jza5QnWUmk"}
{"_id":{"$oid":"5e5badfce0c333e0518de46f"},"text":"A little sneak peak to what we've been working on #Metallica #metal #rock #awesome #live #music https://t.co/ZJuOpqru4J"}
{"_id":{"$oid":"5e5badfce0c333e0518de471"},"text":"RT @VelocitybandUK: A little sneak peak to what we've been working on #Metallica #metal #rock #awesome #live #music https://t.co/ZJuOpqru4J"}
{"_id":{"$oid":"5e5badfce0c333e0518de473"},"text":"A #snowmobile is a #awesome ride! https://t.co/g1mnCq1c0u  https://t.co/jmKSW1J7om"}
{"_id":{"$oid":"5e5badfce0c333e0518de475"},"text":"I was like \"Qa likha hoga usme\"\n#excitement"}
{"_id":{"$oid":"5e5bae12e0c333e0518de477"},"text":"Get my art #printed on #awesome #products. Support me at Redbubble #RBandME:  https://t.co/AMSTqWecZS #findyourthing #redbubble"}
{"_id":{"$oid":"5e5bae4de0c333e0518de479"},"text":"â£âœˆï¸ Welcome on Board!  ğŸ‘‰ Go @realmoviefreak and click Link in Bio  â£\n\n#themoviefreak #bmovie #exploitationmoviesâ€¦ https://t.co/jJlKfOMXW7"}
{"_id":{"$oid":"5e5bae5ce0c333e0518de47b"},"text":"|the| @Metacouture #Verified #Awesome #Celebrity #ROCK |daily| by @StefanBell is out! https://t.co/1KZ8D1Mhz6"}
{"_id":{"$oid":"5e5bae70e0c333e0518de47d"},"text":"What an awesome trending music game! \nVery funny, exicting, and challenge!\nCheck it Out! ğŸ‘‰Tiles HopğŸ‘ˆ \n#TilesHopâ€¦ https://t.co/fWSCqqjFh4"}
{"_id":{"$oid":"5e5bae7ae0c333e0518de47f"},"text":"#AWESOME PROUD OF YOU ALL!!!!"}
{"_id":{"$oid":"5e5bae8de0c333e0518de481"},"text":"What an awesome trending music game! \nVery funny, exicting, and challenge!\nCheck it Out! ğŸ‘‰Tiles HopğŸ‘ˆ \n#TilesHopâ€¦ https://t.co/it2QC53Qzj"}
{"_id":{"$oid":"5e5baea0e0c333e0518de483"},"text":"RT @elitegirlslive: Looking for someone beautiful?? Check out the delicious @mykinkydope! Setting your imagination free.... #awesome\n\nâ–¶ï¸httâ€¦"}
{"_id":{"$oid":"5e5baed3e0c333e0518de485"},"text":"12 hour #stream was #awesome went better then expected ğŸ”¥ğŸ”¥thanks to everyone who stopped by and showed #love I appreâ€¦ https://t.co/qmIoobwLtn"}
{"_id":{"$oid":"5e5baf17e0c333e0518de487"},"text":"Make your corgi #smile with this #awesome treat #recipe https://t.co/osvGCcC4wV #petsmile"}
{"_id":{"$oid":"5e5baf8ce0c333e0518de489"},"text":"What an awesome trending music game! \nVery funny, exicting, and challenge!\nCheck it Out! ğŸ‘‰Tiles HopğŸ‘ˆ \n#TilesHopâ€¦ https://t.co/GLRFqlqOyO"}
{"_id":{"$oid":"5e5bafa5e0c333e0518de48b"},"text":"Anyone ğŸ¹ğŸ˜???\n. . .\n\n#shivrayancha_maharashtra#mumbai #pune #akshad_khairmode_official #akash_khairmode_official\n#saâ€¦ https://t.co/24dghjkKON"}
{"_id":{"$oid":"5e5bafbae0c333e0518de48d"},"text":"What an awesome trending music game! \nVery funny, exicting, and challenge!\nCheck it Out! ğŸ‘‰Tiles HopğŸ‘ˆ \n#TilesHopâ€¦ https://t.co/sAQliXNUkE"}
{"_id":{"$oid":"5e5bafe7e0c333e0518de48f"},"text":"RT @AzazelPromo: Looking for someone beautiful?? Check out the delicious @sexyMarthaa! Setting your imagination free.... #awesome\n\nâ–¶ï¸https:â€¦"}
{"_id":{"$oid":"5e5bb027e0c333e0518de491"},"text":"RT @Hyzen_Tec: â€œCreate content that teaches. You canâ€™t give up. You need to be consistently awesome.â€  #awesome  #consistently  #createcontâ€¦"}
{"_id":{"$oid":"5e5bb04fe0c333e0518de493"},"text":"Let's Grow ToGether @GrowToGether4ğŸ¤ğŸ”¥\n.\n.\n#keyprinciples #successful#motivation #futuresuccessors #inspiration #succâ€¦ https://t.co/wcp7KIHsTt"}
{"_id":{"$oid":"5e5bb05ae0c333e0518de495"},"text":"What an awesome trending music game! \nVery funny, exicting, and challenge!\nCheck it Out! ğŸ‘‰Tiles HopğŸ‘ˆ \n#TilesHopâ€¦ https://t.co/RAlZLTAymu"}
{"_id":{"$oid":"5e5bb072e0c333e0518de497"},"text":"@Sakthiv54045231 That's #awesome that puts you 2 steps ahead of a lot of other people"}
{"_id":{"$oid":"5e5bb0a0e0c333e0518de499"},"text":"PEASS:-- #Privilege #Escalation #Awesome #Scripts SUITE.\n\nHere you will find privilege escalation #tools forâ€¦ https://t.co/EVgQvet6ZQ"}
{"_id":{"$oid":"5e5bb0a8e0c333e0518de49b"},"text":"âœ”STAY TUNEDâœ”\nIt's a BIG TIME for small #contentcreators ğŸ¤ and #smallyoutubers ğŸ™\nğŸ¤¯ğŸ¤¯ğŸ¤¯ https://t.co/Kcv3aRWChy"}
{"_id":{"$oid":"5e5bb0b0e0c333e0518de49d"},"text":"RT @Anastasis_King: PEASS:-- #Privilege #Escalation #Awesome #Scripts SUITE.\n\nHere you will find privilege escalation #tools for #Windows aâ€¦"}
{"_id":{"$oid":"5e5bb103e0c333e0518de49f"},"text":"12 HR #STREAM WAS #AWESOME\nShoutout everyone who stopped by and showed support â¤ï¸\nâ€¢\nğŸ”Œ https://t.co/aPK35ftpR3 \nâ€¢\nleâ€¦ https://t.co/7yGtZOGndS"}
{"_id":{"$oid":"5e5bb19de0c333e0518de4a1"},"text":"Itâ€™s that time of the week again! What has Sandwell been up to?\n\nWell, this week, #PCSOs Pardoe &amp; Verity have beenâ€¦ https://t.co/9Mjzas0WAR"}
{"_id":{"$oid":"5e5bb1b6e0c333e0518de4a3"},"text":"RT @NASAPsyche: We're #Psyched to partner with @SpaceX on our journey to a metal world! ğŸš€ https://t.co/thVdmwQl9W"}
{"_id":{"$oid":"5e5bb209e0c333e0518de4a5"},"text":"RT @LRLions: Spreading the words of kindness and happiness today with the Lions. Thank you @HappinessisNOWx @BatimanaDanny for coming to LRâ€¦"}
{"_id":{"$oid":"5e5bb211e0c333e0518de4a7"},"text":"RT @AzazelPromo: Looking for someone beautiful?? Check out the delicious @sexyMarthaa! Setting your imagination free.... #awesome\n\nâ–¶ï¸https:â€¦"}
{"_id":{"$oid":"5e5bb215e0c333e0518de4a9"},"text":"This is so cool ğŸ˜#SundayFunday #Dance #awesome #dildooba #AkshayKumar #AishwaryaRaiBachchan"}
{"_id":{"$oid":"5e5bb233e0c333e0518de4ab"},"text":"Let's All Have An Awesome Month Of March. \nABC cares.\n#happy #new #month #love #care #awesome #march #blingsbyabcâ€¦ https://t.co/zBAwxpvC7i"}
{"_id":{"$oid":"5e5bb2cae0c333e0518de4ad"},"text":"An awesome portrait done by Olga Shablei and presented to me by Ekaterina Kolesova\n#art #portrait #olga_shableiâ€¦ https://t.co/ldKf1UY1D7"}
{"_id":{"$oid":"5e5bb2ede0c333e0518de4af"},"text":"Geared up to flyğŸ¦¸World's Longest Zipline â›°ï¸ğŸ”âœŒğŸ½ #zipline #jebeljaismountain #jebeljaisflight #worldslongestziplineâ€¦ https://t.co/ZhIU5Dhvfr"}
{"_id":{"$oid":"5e5bb338e0c333e0518de4b1"},"text":"RT @elitegirlslive: Looking for someone beautiful?? Check out the delicious @mykinkydope! Setting your imagination free.... #awesome\n\nâ–¶ï¸httâ€¦"}
{"_id":{"$oid":"5e5bb39ee0c333e0518de4b3"},"text":"Loving Uptown Funk on #JustDance2020. Awesome song choice and Loving the stars from past Just Dance Games. Good jobâ€¦ https://t.co/QwuNV4wMkp"}
{"_id":{"$oid":"5e5bb3c6e0c333e0518de4b5"},"text":"What an awesome trending music game! \nVery funny, exicting, and challenge!\nCheck it Out! ğŸ‘‰Tiles HopğŸ‘ˆ \n#TilesHopâ€¦ https://t.co/h86pALbwmP"}
{"_id":{"$oid":"5e5bb430e0c333e0518de4b7"},"text":"RT @AzazelPromo: Looking for someone beautiful?? Check out the delicious @sexyMarthaa! Setting your imagination free.... #awesome\n\nâ–¶ï¸https:â€¦"}
{"_id":{"$oid":"5e5bb44de0c333e0518de4b9"},"text":"Sunriseâ˜€ï¸\nMarch 2020\nPhoto By: Joseph HillğŸ™‚ğŸ“¸â˜€ï¸\n#sunrise #bright #BrightToday #morning #sunlight #trees #Dawnâ€¦ https://t.co/DULORNPmbJ"}
{"_id":{"$oid":"5e5bb45be0c333e0518de4bb"},"text":"What an awesome trending music game! \nVery funny, exicting, and challenge!\nCheck it Out! ğŸ‘‰Tiles HopğŸ‘ˆ \n#TilesHopâ€¦ https://t.co/VyreZt6dSS"}
{"_id":{"$oid":"5e5bb463e0c333e0518de4bd"},"text":"RT @Trial_by_Fir3: Myself, along with @CPKR1993 &amp; @JackoTeam have created a new &amp; #free #PROMO #shoutout collaboration group. \n\nAnnouncingâ€¦"}
{"_id":{"$oid":"5e5bb4d8e0c333e0518de4bf"},"text":"RT @Lovelyladyy69: Morning poop &amp; it felt so amazing ğŸ’©ğŸ’¦ğŸ‘\n#amazing #wednesdaymorning #awesome #poopinggirl #Share #Retweet https://t.co/uM0Pâ€¦"}
{"_id":{"$oid":"5e5bb58ce0c333e0518de4c1"},"text":"RT @elitegirlslive: Looking for someone beautiful?? Check out the delicious @mykinkydope! Setting your imagination free.... #awesome\n\nâ–¶ï¸httâ€¦"}
{"_id":{"$oid":"5e5bb5a9e0c333e0518de4c3"},"text":"#Candytopia was #AWESOME yesterday with our little #birthday girl! #philly #family #daughter #candy #cloudsâ€¦ https://t.co/zrp5w43LWq"}
{"_id":{"$oid":"5e5bb5ade0c333e0518de4c5"},"text":"RT @JHGSHW: Huge thanks to @fojhgs, the Men in Black team, Mrs Jefferson and of course our amazing question master Conor for a great quiz nâ€¦"}
{"_id":{"$oid":"5e5bb60fe0c333e0518de4c7"},"text":"How come I didnâ€™t know thereâ€™s a book of this ğŸ˜"}
{"_id":{"$oid":"5e5bb626e0c333e0518de4c9"},"text":"RT @VelocitybandUK: A little sneak peak to what we've been working on #Metallica #metal #rock #awesome #live #music https://t.co/ZJuOpqru4J"}
{"_id":{"$oid":"5e5bb62fe0c333e0518de4cb"},"text":"@dianebirch fantastic #talent. Her #music and this #newsong is #awesome"}
{"_id":{"$oid":"5e5bb693e0c333e0518de4cd"},"text":"#goodnight #awesome #feelings @ A.M.T Mobile Phyu https://t.co/MP4B195Pin"}
{"_id":{"$oid":"5e5bb69de0c333e0518de4cf"},"text":"@uclagymnastics @DennisNia 23rd February is my Birthday too, and I missed this #AWESOME moment. Thanks for this wonâ€¦ https://t.co/0jrF5Ysbzo"}
{"_id":{"$oid":"5e5bb6b5e0c333e0518de4d1"},"text":"What an awesome trending music game! \nVery funny, exicting, and challenge!\nCheck it Out! ğŸ‘‰Tiles HopğŸ‘ˆ \n#TilesHopâ€¦ https://t.co/wETrijoZfv"}
{"_id":{"$oid":"5e5bb711e0c333e0518de4d3"},"text":"Toss 'n Talk-About Men Stuff Ball. $9.49 @ https://t.co/rs4i2xw4D1.  #awesome #awesome #ForMen #CoolThings https://t.co/kGVgEA65fi"}
{"_id":{"$oid":"5e5bb7ace0c333e0518de4d5"},"text":"For a way that will #save you money with this #awesome way to save on your #Medical prescriptions, on average 65.00â€¦ https://t.co/58O08BPXAY"}
{"_id":{"$oid":"5e5bb7c7e0c333e0518de4d7"},"text":"RT @AzazelPromo: Looking for someone beautiful?? Check out the delicious @sexyMarthaa! Setting your imagination free.... #awesome\n\nâ–¶ï¸https:â€¦"}
{"_id":{"$oid":"5e5bb7d9e0c333e0518de4d9"},"text":"What an awesome trending music game! \nVery funny, exicting, and challenge!\nCheck it Out! ğŸ‘‰Tiles HopğŸ‘ˆ \n#TilesHopâ€¦ https://t.co/JMThbZkmOc"}
{"_id":{"$oid":"5e5bb861e0c333e0518de4db"},"text":"What an awesome trending music game! \nVery funny, exicting, and challenge!\nCheck it Out! ğŸ‘‰Tiles HopğŸ‘ˆ \n#TilesHopâ€¦ https://t.co/uugQgWxQYV"}
{"_id":{"$oid":"5e5bb956e0c333e0518de4dd"},"text":"I want one! #awesome #hooverBike"}
{"_id":{"$oid":"5e5bb9fbe0c333e0518de4df"},"text":"What an awesome trending music game! \nVery funny, exicting, and challenge!\nCheck it Out! ğŸ‘‰Tiles HopğŸ‘ˆ \n#TilesHopâ€¦ https://t.co/mtktx8fAa6"}
{"_id":{"$oid":"5e5bba47e0c333e0518de4e1"},"text":".@AndrewYang Disgusting comment by @AC360. He should do his homework. Go to websites. Find out what candidates areâ€¦ https://t.co/cug1V7caMh"}
{"_id":{"$oid":"5e5bba4be0c333e0518de4e3"},"text":"RT @Ima_Ibrahim99: Hello Guys! Letâ€™s join our Charity Run Hope Project 4.0 ! \n\nWant to join? \nRegister here ğŸ‘‡ğŸ»\nhttps://t.co/ccBx5WdNF9\n\n@UMâ€¦"}
{"_id":{"$oid":"5e5bba6be0c333e0518de4e5"},"text":"RT @Ima_Ibrahim99: Hello Guys! Letâ€™s join our Charity Run Hope Project 4.0 ! \n\nWant to join? \nRegister here ğŸ‘‡ğŸ»\nhttps://t.co/ccBx5WdNF9\n\n@UMâ€¦"}
{"_id":{"$oid":"5e5bba72e0c333e0518de4e7"},"text":"Come paint with us!! Miami International Mall next to Macyâ€™s Men! â˜ï¸305.594.3593 #fun #color #cmm #colormemineâ€¦ https://t.co/og7u8WmOxS"}
{"_id":{"$oid":"5e5bbaa7e0c333e0518de4e9"},"text":"RT @TrannyAmateur: Yummy surprise @hoffmanpaula2 ğŸ†ğŸ¤¤ğŸ˜ğŸ˜› #shemale #tranny #trans #toptrans #tgirl #transex #delicious #amazing #solo #bigdickâ€¦"}
{"_id":{"$oid":"5e5bbbb0e0c333e0518de4eb"},"text":"#Awethors #awesome Poetry like prose style site:With the rise of #atheism is the awe of God vanishing from the #West https://t.co/3gc2os38xw"}
{"_id":{"$oid":"5e5bbc8de0c333e0518de4ed"},"text":"What an awesome trending music game! \nVery funny, exicting, and challenge!\nCheck it Out! ğŸ‘‰Tiles HopğŸ‘ˆ \n#TilesHopâ€¦ https://t.co/VU7pDlh3Hi"}
{"_id":{"$oid":"5e5bbd06e0c333e0518de4ef"},"text":"RT @Ima_Ibrahim99: Hello Guys! Letâ€™s join our Charity Run Hope Project 4.0 ! \n\nWant to join? \nRegister here ğŸ‘‡ğŸ»\nhttps://t.co/ccBx5WdNF9\n\n@UMâ€¦"}
{"_id":{"$oid":"5e5bbd41e0c333e0518de4f1"},"text":"RT @AzazelPromo: Looking for someone beautiful?? Check out the delicious @sexyMarthaa! Setting your imagination free.... #awesome\n\nâ–¶ï¸https:â€¦"}
{"_id":{"$oid":"5e5bbda1e0c333e0518de4f3"},"text":"@vishwaksens today saw the move #hit and it is really hit from the beginning To end graph nowhere went down.â€¦ https://t.co/U1kxl8nF6P"}
{"_id":{"$oid":"5e5bbdb2e0c333e0518de4f5"},"text":"What an awesome trending music game! \nVery funny, exicting, and challenge!\nCheck it Out! ğŸ‘‰Tiles HopğŸ‘ˆ \n#TilesHopâ€¦ https://t.co/HWNHUiQxdk"}
{"_id":{"$oid":"5e5bbdece0c333e0518de4f7"},"text":"What an awesome trending music game! \nVery funny, exicting, and challenge!\nCheck it Out! ğŸ‘‰Tiles HopğŸ‘ˆ \n#TilesHopâ€¦ https://t.co/nQkB9hDu18"}
{"_id":{"$oid":"5e5bbe0ae0c333e0518de4f9"},"text":"RT @AzazelPromo: Looking for someone beautiful?? Check out the delicious @sexyMarthaa! Setting your imagination free.... #awesome\n\nâ–¶ï¸https:â€¦"}
{"_id":{"$oid":"5e5bbf26e0c333e0518de4fb"},"text":"repost via @instarepost20 from @bydayart Perfect !ğŸ‘„ Yes or no?\nWhat do you think ?\nTag your friends!ğŸ’–\n.\nFollow:â€¦ https://t.co/JE6POY6wJR"}
{"_id":{"$oid":"5e5bbf32e0c333e0518de4fd"},"text":"RT @Mundotkd: #Awesome #Taekwondo action in #Usopen2020 #Ireland Fighter https://t.co/uI5l3JQjhV"}
{"_id":{"$oid":"5e5bbf58e0c333e0518de4ff"},"text":"@Annabo1981 @ChesterfieldBtS Well done! 16 is an amazing amount of best boxes. #awesome"}
{"_id":{"$oid":"5e5bbf5fe0c333e0518de501"},"text":"Wow that is #awesome https://t.co/SKuJDsrveW"}
{"_id":{"$oid":"5e5bbf99e0c333e0518de503"},"text":"Mr. Bond will join us or die...\n\n#morning #sun #road #lineart aww#drawings #weird #awesome #Art #artsy #bondâ€¦ https://t.co/D4iCHDS7dE"}
{"_id":{"$oid":"5e5bbfabe0c333e0518de505"},"text":"@awhsdanceteam Congratulations!! #AWesome"}
{"_id":{"$oid":"5e5bbff3e0c333e0518de507"},"text":"@BestNess_ definitely the best comp i've seen lately #awesome  @happyladjames"}
{"_id":{"$oid":"5e5bc003e0c333e0518de509"},"text":"RT @elitegirlslive: Looking for someone beautiful?? Check out the delicious @mykinkydope! Setting your imagination free.... #awesome\n\nâ–¶ï¸httâ€¦"}
{"_id":{"$oid":"5e5bc023e0c333e0518de50b"},"text":"Caption this.\n.\n.\n.\n.\n.\n#Rail #Trains #RailDuniya #thatpassengerguy #Yesvantpur #Bangalore #Trees #GardenCityâ€¦ https://t.co/RWcGJe8Z01"}
{"_id":{"$oid":"5e5bc030e0c333e0518de50d"},"text":"What an awesome trending music game! \nVery funny, exicting, and challenge!\nCheck it Out! ğŸ‘‰Tiles HopğŸ‘ˆ \n#TilesHopâ€¦ https://t.co/M0cfyvmXBv"}
{"_id":{"$oid":"5e5bc048e0c333e0518de50f"},"text":"RT @JackoTeam: âœ”STAY TUNEDâœ”\nIt's a BIG TIME for small #contentcreators ğŸ¤ and #smallyoutubers ğŸ™\nğŸ¤¯ğŸ¤¯ğŸ¤¯ https://t.co/Kcv3aRWChy"}
{"_id":{"$oid":"5e5bc094e0c333e0518de511"},"text":"What an awesome trending music game! \nVery funny, exicting, and challenge!\nCheck it Out! ğŸ‘‰Tiles HopğŸ‘ˆ \n#TilesHopâ€¦ https://t.co/zb5iPechTY"}
{"_id":{"$oid":"5e5bc0e6e0c333e0518de513"},"text":"Have you ever experienced something that was so good so overwhelmingly #awesome that you just had to share it withâ€¦ https://t.co/AfV5l28klD"}
{"_id":{"$oid":"5e5bc1d1e0c333e0518de515"},"text":"Coming soon ğŸŒ±\n#smile #comingsoon #project #taiwan #travelphotography #awesome #staypositive #positivevibes #momentâ€¦ https://t.co/NyaaSrik6u"}
{"_id":{"$oid":"5e5bc2bfe0c333e0518de517"},"text":"RT @JoelinWong: Coming soon ğŸŒ±\n#smile #comingsoon #project #taiwan #travelphotography #awesome #staypositive #positivevibes #moment #sundayâ€¦"}
{"_id":{"$oid":"5e5bc30ce0c333e0518de519"},"text":"Beach daze. â˜ºï¸ğŸŒŠ #mandatoryboatpic \n.\n.\n.\n.\n.\n.\n.\n.\n.\n.\n.\n.\n.\n.\n.\n.\n.\n.\n. \n.\n.\n.\n.\n.\n.\n.\n.\n#love #tweegramâ€¦ https://t.co/k07ajDaJq6"}
{"_id":{"$oid":"5e5bc318e0c333e0518de51b"},"text":"What an awesome trending music game! \nVery funny, exicting, and challenge!\nCheck it Out! ğŸ‘‰Tiles HopğŸ‘ˆ \n#TilesHopâ€¦ https://t.co/Zw3BZdsW7o"}
{"_id":{"$oid":"5e5bc372e0c333e0518de51d"},"text":"It was *bound* to happen, an #awesome #jamstack list.\n\nhttps://t.co/9bBCEJKBSS\n\n(Still shaking my head at the Reactâ€¦ https://t.co/I93WH88RLa"}
{"_id":{"$oid":"5e5bc389e0c333e0518de51f"},"text":"RT @rwxrob: It was *bound* to happen, an #awesome #jamstack list.\n\nhttps://t.co/9bBCEJKBSS\n\n(Still shaking my head at the React streamer whâ€¦"}
{"_id":{"$oid":"5e5bc3dee0c333e0518de521"},"text":"RT @jhayneming: Beach daze. â˜ºï¸ğŸŒŠ #mandatoryboatpic \n.\n.\n.\n.\n.\n.\n.\n.\n.\n.\n.\n.\n.\n.\n.\n.\n.\n.\n. \n.\n.\n.\n.\n.\n.\n.\n.\n#love #tweegram #photooftheday #pâ€¦"}
{"_id":{"$oid":"5e5bc3e0e0c333e0518de523"},"text":"What an awesome trending music game! \nVery funny, exicting, and challenge!\nCheck it Out! ğŸ‘‰Tiles HopğŸ‘ˆ \n#TilesHopâ€¦ https://t.co/6gCTrNtPtw"}
{"_id":{"$oid":"5e5bc3f3e0c333e0518de525"},"text":"Mike Pagel to Van Waiters.....#Awesome"}
{"_id":{"$oid":"5e5bc408e0c333e0518de527"},"text":"What an awesome trending music game! \nVery funny, exicting, and challenge!\nCheck it Out! ğŸ‘‰Tiles HopğŸ‘ˆ \n#TilesHopâ€¦ https://t.co/b2mgP6s22N"}
{"_id":{"$oid":"5e5bc409e0c333e0518de529"},"text":"What is this great #drama with #crime and cold cases? It is of course Chris - an audio drama #podcast and it'sâ€¦ https://t.co/FUS3YYfh6F"}
{"_id":{"$oid":"5e5bc423e0c333e0518de52b"},"text":"@SeanTPendergast @amyzann #Awesome Congrats!!!!!!!"}
{"_id":{"$oid":"5e5bc429e0c333e0518de52d"},"text":"Every day may not be good but there's good in every day.\n\nğŸ’•ğŸ’•ğŸ’•ğŸ’•\n \n#AR7 #part #insta #instagramers #instagramâ€¦ https://t.co/OqRXuvv60c"}
{"_id":{"$oid":"5e5bc42ee0c333e0518de52f"},"text":"What an awesome trending music game! \nVery funny, exicting, and challenge!\nCheck it Out! ğŸ‘‰Tiles HopğŸ‘ˆ \n#TilesHopâ€¦ https://t.co/wvzpEmc9p4"}
{"_id":{"$oid":"5e5bc44ce0c333e0518de531"},"text":"What an awesome trending music game! \nVery funny, exicting, and challenge!\nCheck it Out! ğŸ‘‰Tiles HopğŸ‘ˆ \n#TilesHopâ€¦ https://t.co/MYPiDinYEY"}
{"_id":{"$oid":"5e5bc457e0c333e0518de533"},"text":"What an awesome trending music game! \nVery funny, exicting, and challenge!\nCheck it Out! ğŸ‘‰Tiles HopğŸ‘ˆ \n#TilesHopâ€¦ https://t.co/bSXM9Gczo5"}
{"_id":{"$oid":"5e5bc477e0c333e0518de535"},"text":"What an awesome trending music game! \nVery funny, exicting, and challenge!\nCheck it Out! ğŸ‘‰Tiles HopğŸ‘ˆ \n#TilesHopâ€¦ https://t.co/q9OBg0suBT"}
{"_id":{"$oid":"5e5bc49de0c333e0518de537"},"text":"One kind word can change someone's day, put a smile on someone's face and fill a room with pure joy!  It's Worldâ€¦ https://t.co/Cfv6RJZSI6"}
{"_id":{"$oid":"5e5bc4c8e0c333e0518de539"},"text":"Get your #Action fix with a #awesome selection of #actionfigures, find the perfect one or the One you have been looâ€¦ https://t.co/JGxnF4JbyK"}
{"_id":{"$oid":"5e5bc4c8e0c333e0518de53b"},"text":"What an awesome trending music game! \nVery funny, exicting, and challenge!\nCheck it Out! ğŸ‘‰Tiles HopğŸ‘ˆ \n#TilesHopâ€¦ https://t.co/BNihPzxBX0"}
{"_id":{"$oid":"5e5bc4ece0c333e0518de53d"},"text":"RT @elitegirlslive: Looking for someone beautiful?? Check out the delicious @mykinkydope! Setting your imagination free.... #awesome\n\nâ–¶ï¸httâ€¦"}
{"_id":{"$oid":"5e5bc52ee0c333e0518de53f"},"text":"RT @pantherfball: Congrats to our Girls Basketball team!\n18-2 \nLeague Champions!!!\n#AWESOME\nAmazing!!!\n\nSo proud of our girls!!!\n\n#School oâ€¦"}
{"_id":{"$oid":"5e5bc535e0c333e0518de541"},"text":"RT @Nature_Incorp: Devils Tower National Monument\nDevils Tower is a butte, possibly laccolithic, composed of igneous rock , near Hulett andâ€¦"}
{"_id":{"$oid":"5e5bc53ce0c333e0518de543"},"text":"GOOD #MORNING TO ALL MY #INSTAGRAM #FOLLOWERS ! ğŸ˜ğŸ‡¨ğŸ‡¦\n\n#VERY #RELAXED #AWESOME #SUNDAY ! ğŸ˜ğŸ‡¨ğŸ‡¦ https://t.co/iJrIZRXVRZ"}
{"_id":{"$oid":"5e5bc595e0c333e0518de545"},"text":"@MauriceBenard @justJimWarren Happy birthday ğŸ‰. I Hope you have an awesome day maurice. Gh#awesome. I never miss an episode"}
{"_id":{"$oid":"5e5bc5b6e0c333e0518de547"},"text":"@netflix @NetflixIndia what a series #Formula1DriveToSurvive has turned out to be? Finished the series in one go anâ€¦ https://t.co/KeUFGvVs4j"}
{"_id":{"$oid":"5e5bc5d2e0c333e0518de549"},"text":"This. Is. #Awesome"}
{"_id":{"$oid":"5e5bc5e6e0c333e0518de54b"},"text":"RT @JaneJoh16738839: .@AndrewYang Disgusting comment by @AC360. He should do his homework. Go to websites. Find out what candidates are allâ€¦"}
{"_id":{"$oid":"5e5bc5fee0c333e0518de54d"},"text":"What an awesome trending music game! \nVery funny, exicting, and challenge!\nCheck it Out! ğŸ‘‰Tiles HopğŸ‘ˆ \n#TilesHopâ€¦ https://t.co/uQ8EG37wLN"}
{"_id":{"$oid":"5e5bc673e0c333e0518de54f"},"text":"Corona Virus - The ultimate Guide to corona Virus, latest update - Part 2\nClick the link below to understand more.â€¦ https://t.co/2KoiWU1cHj"}
{"_id":{"$oid":"5e5bc6a1e0c333e0518de551"},"text":"GOOD #MORNING TO ALL MY #TWITTER #FOLLOWERS ! ğŸ˜ğŸ‡¨ğŸ‡¦\n\n#VERY #RELAXED #AWESOME #SUNDAY ! ğŸ˜ğŸ‡¨ğŸ‡¦ https://t.co/YUh3nsV86U"}
{"_id":{"$oid":"5e5bc70ce0c333e0518de553"},"text":"Grezo Vs. Isco  antogriezmann @isco_alarcon fanart #elclasico elclasico drawing using #procreate , wish u liked itâ€¦ https://t.co/zz1zCRBMtJ"}
{"_id":{"$oid":"5e5bc71be0c333e0518de555"},"text":"What an awesome trending music game! \nVery funny, exicting, and challenge!\nCheck it Out! ğŸ‘‰Tiles HopğŸ‘ˆ \n#TilesHopâ€¦ https://t.co/S05YiTX2mP"}
{"_id":{"$oid":"5e5bc781e0c333e0518de557"},"text":"RT @DommeMaya: School is the place for diversity and I love me some diversity~ Mrs.Tanaka really had some great sushi flavours~\n\n#diversityâ€¦"}
{"_id":{"$oid":"5e5bc7aee0c333e0518de559"},"text":"@Wrix2 @RoadBrook @CordonRoma @vernsanders @saferprint @SJTurner_Author @laliaristo @CarolynRuffles @woodcowbooksâ€¦ https://t.co/8Z9ku5TlL7"}
{"_id":{"$oid":"5e5bc838e0c333e0518de55b"},"text":"RT @AzazelPromo: Looking for someone beautiful?? Check out the delicious @sexyMarthaa! Setting your imagination free.... #awesome\n\nâ–¶ï¸https:â€¦"}
{"_id":{"$oid":"5e5bc841e0c333e0518de55d"},"text":"RT @guitarclinic: Diggin' on \"Rubber rose\" the latest by the always #awesome #guitarist Jeff Fiorentino (@JFRocks), https://t.co/wtj3KRX8Gvâ€¦"}
{"_id":{"$oid":"5e5bc843e0c333e0518de55f"},"text":"What an awesome trending music game! \nVery funny, exicting, and challenge!\nCheck it Out! ğŸ‘‰Tiles HopğŸ‘ˆ \n#TilesHopâ€¦ https://t.co/B3UAeyKLrC"}
{"_id":{"$oid":"5e5bc865e0c333e0518de561"},"text":"What an awesome trending music game! \nVery funny, exicting, and challenge!\nCheck it Out! ğŸ‘‰Tiles HopğŸ‘ˆ \n#TilesHopâ€¦ https://t.co/64eqXPFuBl"}
{"_id":{"$oid":"5e5bc881e0c333e0518de563"},"text":"RT @FitnessGurls: Cosplay goddess @megturney does quite possibly the hottest #StreetFighter #EHonda #Cosplay costume ever! #Queen #MegTurneâ€¦"}
{"_id":{"$oid":"5e5bc8aee0c333e0518de565"},"text":"Catching dust flakes â„â„â„â„â„â„â„\n#AWESOME"}
{"_id":{"$oid":"5e5bc8cbe0c333e0518de567"},"text":"What an awesome trending music game! \nVery funny, exicting, and challenge!\nCheck it Out! ğŸ‘‰Tiles HopğŸ‘ˆ \n#TilesHopâ€¦ https://t.co/Qa0lqfxgkt"}
{"_id":{"$oid":"5e5bc924e0c333e0518de569"},"text":"Moving Sports Pictograms â†’ #awesome \n\nVia @Mantia"}
{"_id":{"$oid":"5e5bc926e0c333e0518de56b"},"text":"What an awesome trending music game! \nVery funny, exicting, and challenge!\nCheck it Out! ğŸ‘‰Tiles HopğŸ‘ˆ \n#TilesHopâ€¦ https://t.co/tSniHFpQuZ"}
{"_id":{"$oid":"5e5bc934e0c333e0518de56d"},"text":"#saysitall #need #awesome #peoplesuck \nNeed this sign for work ğŸ˜– https://t.co/t5eRywVJiS"}
{"_id":{"$oid":"5e5bc952e0c333e0518de56f"},"text":"RT @AzazelPromo: Looking for someone beautiful?? Check out the delicious @sexyMarthaa! Setting your imagination free.... #awesome\n\nâ–¶ï¸https:â€¦"}
{"_id":{"$oid":"5e5bc96de0c333e0518de571"},"text":"RT @elitegirlslive: Looking for someone beautiful?? Check out the delicious @mykinkydope! Setting your imagination free.... #awesome\n\nâ–¶ï¸httâ€¦"}
