{"_id":{"$oid":"5e5c3d01e0c333e0518deae7"},"text":"RT @ripfez: Bruised and tired of everything. \n\n#depression #onlyfans #chubby #chubbylatina #bustylatina #hugetits https://t.co/8eavJxLJid"}
{"_id":{"$oid":"5e5c3d25e0c333e0518deae9"},"text":"RT @allevin18: Please help spread the word about https://t.co/XMyYSdyPzk Interviews of #men who have struggled with #depression. Sharing st‚Ä¶"}
{"_id":{"$oid":"5e5c3d28e0c333e0518deaeb"},"text":"RT @allevin18: Please Retweet - #Depression is REAL. Listen to men share real stories about how debilitating it can be and gain hope needed‚Ä¶"}
{"_id":{"$oid":"5e5c3d34e0c333e0518deaed"},"text":"RT @allevin18: A new episode of https://t.co/XMyYSdyPzk every other Sunday! Real #men sharing real stories of #depression and other mental‚Ä¶"}
{"_id":{"$oid":"5e5c3d3ae0c333e0518deaef"},"text":"RT @morales_ej: Dreaded Tales : A Short #Horror Story Collection\n#paranormal #psychological #fear \n#slasher #zombies #supernatural\nRead it‚Ä¶"}
{"_id":{"$oid":"5e5c3d4ae0c333e0518deaf1"},"text":"Online Therapy to Overcome #Anxiety and #Depression without medication https://t.co/ZUrlCFpAKA"}
{"_id":{"$oid":"5e5c3d63e0c333e0518deaf3"},"text":"Do not fear the unknown - that‚Äôs what I keep telling myself #depression #artwork #MentalHealthMatters #Mentalhealth‚Ä¶ https://t.co/YmRKkUrV8F"}
{"_id":{"$oid":"5e5c3d6fe0c333e0518deaf5"},"text":"RT @dwith_e: ‚ÄúYou‚Äôre feeling burnt out and discouraged but you‚Äôve made it this far and I think that‚Äôs really brave.‚Äù - Unknown\n\n#quotes #an‚Ä¶"}
{"_id":{"$oid":"5e5c3d6fe0c333e0518deaf7"},"text":"When you're low and feel you can‚Äôt get up, remember we all fall but it‚Äôs how we pick ourselves back up that counts.‚Ä¶ https://t.co/xpdPSxaooK"}
{"_id":{"$oid":"5e5c3d74e0c333e0518deaf9"},"text":"RT @LEAD_Coalition: Please re-Tweet if you are committed to preventing #lonliness among people living with #Alzheimers disease and other fo‚Ä¶"}
{"_id":{"$oid":"5e5c3d92e0c333e0518deafb"},"text":"RT @TheTrueCompton: #NationalPigDay #Pigs #Cruelty #Bacon #Ham #Pork \n\nPlease change how you see them.\n#FriendsNotFood"}
{"_id":{"$oid":"5e5c3d92e0c333e0518deafd"},"text":"RT @ripfez: Bruised and tired of everything. \n\n#depression #onlyfans #chubby #chubbylatina #bustylatina #hugetits https://t.co/8eavJxLJid"}
{"_id":{"$oid":"5e5c3d9ce0c333e0518deaff"},"text":"Your happiness #mentalhealth #depression #anxiety #affirmations #life #peace #peaceofmind #musings #love #life‚Ä¶ https://t.co/aDzFQzydzg"}
{"_id":{"$oid":"5e5c3da1e0c333e0518deb01"},"text":"RT @NLmusictherapy: Let's talk music therapy! Our latest blog post has some surprising #musictherapy facts... #worldmusictherapyday #mental‚Ä¶"}
{"_id":{"$oid":"5e5c3dc1e0c333e0518deb03"},"text":"RT @Ranal55: By choosing to believe, we choose to not be afraid.\n\n#quote #belief #choices #fear #SundaySpirit https://t.co/LZzJ9x6tj2"}
{"_id":{"$oid":"5e5c3dc3e0c333e0518deb05"},"text":"@RosaBrighid I‚Äôm having a bit of a #mentalhealth meltdown. I haven‚Äôt recovered from the 2 weeks I spent on suicide‚Ä¶ https://t.co/E7mS0HWwo9"}
{"_id":{"$oid":"5e5c3dc7e0c333e0518deb07"},"text":"RT @hellothayre: Depression is feeling lonely but not wanting company. It‚Äôs ignoring phone calls and text from family and friends. It‚Äôs sta‚Ä¶"}
{"_id":{"$oid":"5e5c3df1e0c333e0518deb09"},"text":"RT @CounsellorsCafe: It‚Äôs Not Always Depression, Sometimes it‚Äôs Shame\n#shame #depression #therapy #counselling @HilaryJHendel https://t.co/‚Ä¶"}
{"_id":{"$oid":"5e5c3df6e0c333e0518deb0b"},"text":"RT @morales_ej: Dreaded Tales : A Short #Horror Story Collection\n#paranormal #psychological #fear \n#slasher #zombies #supernatural\nRead it‚Ä¶"}
{"_id":{"$oid":"5e5c3dfde0c333e0518deb0d"},"text":"I recently wrote a blog post about mental health and how it is affected by your other half more than you think, wit‚Ä¶ https://t.co/KhPayeEWl0"}
{"_id":{"$oid":"5e5c3dfde0c333e0518deb0f"},"text":"SOUL CONNECTIONS [POWERFUL GUIDED MEDITATION] {Meditate With Gina} https://t.co/ZTb7dF25ZL via @YouTube‚Ä¶ https://t.co/equTK8s4Uk"}
{"_id":{"$oid":"5e5c3dffe0c333e0518deb11"},"text":"Do you listen? How is hope related to listening? Do you place God in a box?  \n\nDay 32: Journey to Find Hope‚Ä¶ https://t.co/3Op6vTUBuh"}
{"_id":{"$oid":"5e5c3e26e0c333e0518deb13"},"text":"Thank you @GoodMenProject once again for publishing yet another episode https://t.co/Qjn5mK7700 Interviews of #men‚Ä¶ https://t.co/mqtRPg4CG8"}
{"_id":{"$oid":"5e5c3e36e0c333e0518deb15"},"text":"RT @UBCDeanEduc: Canada Guidelines list physical activity as a front-line treatment for #depression. @GuyFaulkner is helping bridge the gap‚Ä¶"}
{"_id":{"$oid":"5e5c3e48e0c333e0518deb17"},"text":"The Difference Between #Worry, #Stress and #Anxiety https://t.co/7gXdLt1yn2"}
{"_id":{"$oid":"5e5c3e4de0c333e0518deb19"},"text":"May we ALL decide to take on #Christ #Jesus' Spirit of compassion for ALL. By His stripes YES there still is #HOPE‚Ä¶ https://t.co/bKnlqMjOJJ"}
{"_id":{"$oid":"5e5c3e56e0c333e0518deb1b"},"text":"RT @DulleyTopBooks: May we ALL decide to take on #Christ #Jesus' Spirit of compassion for ALL. By His stripes YES there still is #HOPE for‚Ä¶"}
{"_id":{"$oid":"5e5c3e5ae0c333e0518deb1d"},"text":"I honestly use to think it was ridiculous how much #anxiety I have on Sundays that I do not even want to leave my r‚Ä¶ https://t.co/u2Lct2cPCw"}
{"_id":{"$oid":"5e5c3e60e0c333e0518deb1f"},"text":"RT @FinishALS: If you know anyone who has a parent affected by ALS - point them towards the millennials against ALS. üëáüèªthey can take action‚Ä¶"}
{"_id":{"$oid":"5e5c3e6de0c333e0518deb21"},"text":"RT @DarkUnknownGame: Looking for a #survival #horror while waiting for #ResidentEvil3Remake? Enjoy itüòÅ\nhttps://t.co/txaL141VuE\n#survivalhor‚Ä¶"}
{"_id":{"$oid":"5e5c3e78e0c333e0518deb23"},"text":"Parental Awareness Tools that Reduce Childhood Trauma, a thoughtful blog by @MariaBogdanos https://t.co/fk2LyL1d6k‚Ä¶ https://t.co/4EAuf9CoOj"}
{"_id":{"$oid":"5e5c3e7ce0c333e0518deb25"},"text":"Were you aware of these benefits of using the services of an established Outsourcing Partner for Australian Account‚Ä¶ https://t.co/YdB560guzX"}
{"_id":{"$oid":"5e5c3e7ee0c333e0518deb27"},"text":"Are you an early bird? New research suggests it‚Äôs good for your #mentalhealth: https://t.co/c3m0S1FEcr #depression #mentalillness"}
{"_id":{"$oid":"5e5c3e7fe0c333e0518deb29"},"text":"Thought for the day... #depression #anxiety #future #togetherwestand https://t.co/PR5vrD9EGG"}
{"_id":{"$oid":"5e5c3e83e0c333e0518deb2b"},"text":"Learn more about online therapy via Skype for managing #anxiety and #depression more effectively. Email me via my w‚Ä¶ https://t.co/9Qqf1WcPm2"}
{"_id":{"$oid":"5e5c3e84e0c333e0518deb2d"},"text":"Looking for how to treat your #Anxiety Naturally? Check this out NOW: https://t.co/9ssxpDYEPD | #MentalHealth #Wellness"}
{"_id":{"$oid":"5e5c3e86e0c333e0518deb2f"},"text":"RT @LEAD_Coalition: Please re-Tweet if you are committed to preventing #lonliness among people living with #Alzheimers disease and other fo‚Ä¶"}
{"_id":{"$oid":"5e5c3e93e0c333e0518deb31"},"text":"Do you know the difference between #stress, worry and #anxiety? Read more and learn about the ways to manage all th‚Ä¶ https://t.co/J0vTo13Mjs"}
{"_id":{"$oid":"5e5c3e96e0c333e0518deb33"},"text":"If we can be open and honest about how we feel individually and at a societal level, it gives us the best opportuni‚Ä¶ https://t.co/bVkbNHvJAY"}
{"_id":{"$oid":"5e5c3e97e0c333e0518deb35"},"text":"Talking about things that need to be brought to light more often. Listen in here: https://t.co/IDGxqBYhiV‚Ä¶ https://t.co/6LbQxmDedB"}
{"_id":{"$oid":"5e5c3ea8e0c333e0518deb37"},"text":"Monitor your mood. Answer these 18 questions in this mood-tracking quiz to check in with yourself on a regular basi‚Ä¶ https://t.co/qnIPGfChIK"}
{"_id":{"$oid":"5e5c3ed8e0c333e0518deb39"},"text":"RT @allentien: \"... increased mental health problems in early-onset type 2 #diabetes is not surprising at all. We see this in our kids; ...‚Ä¶"}
{"_id":{"$oid":"5e5c3ed9e0c333e0518deb3b"},"text":"RT @Ranal55: By choosing to believe, we choose to not be afraid.\n\n#quote #belief #choices #fear #SundaySpirit https://t.co/LZzJ9x6tj2"}
{"_id":{"$oid":"5e5c3ee6e0c333e0518deb3d"},"text":"RT @CounsellorsCafe: It‚Äôs Not Always Depression, Sometimes it‚Äôs Shame\n#shame #depression #therapy #counselling @HilaryJHendel https://t.co/‚Ä¶"}
{"_id":{"$oid":"5e5c3ef7e0c333e0518deb3f"},"text":"RT @iamdelmancoates: Break the silence, be a source of support, recognize the signs of depression, transform the negatives into a positive,‚Ä¶"}
{"_id":{"$oid":"5e5c3effe0c333e0518deb41"},"text":"Why does anxiety really kick in when your trying to sleep? Brain, have a night off please, it is Sunday after all!‚Ä¶ https://t.co/unM4E1pgKr"}
{"_id":{"$oid":"5e5c3f0be0c333e0518deb43"},"text":"No #fear #Jesus takes care of you https://t.co/Qhy5ypHG4m  #JesusLoves #JesusSaves #Jesusistheway #follow https://t.co/E2dHlNy0Ng"}
{"_id":{"$oid":"5e5c3f33e0c333e0518deb45"},"text":"RT @KellyT_2502: Kicking off endometriosis awareness month because a painful period is¬†not¬†normal! #endometriosis #endowarrior #endometrios‚Ä¶"}
{"_id":{"$oid":"5e5c3f4de0c333e0518deb47"},"text":"We can either move to #5D or #5G\n\n5D: curing of #depression and every #mentalhealth issue, and #physicalhealth issu‚Ä¶ https://t.co/kl1bKLmi5X"}
{"_id":{"$oid":"5e5c3f7ae0c333e0518deb49"},"text":"RT @cyndusen: It's not just a romantic comedy told in rhyme. This book beats anxiety, depression and just plain being down in the dumps!  M‚Ä¶"}
{"_id":{"$oid":"5e5c3f7ce0c333e0518deb4b"},"text":"His emotions #mentalhealth #depression #anxiety #affirmations #life #peace #peaceofmind #musings #love #life‚Ä¶ https://t.co/FlH37iJ3Y3"}
{"_id":{"$oid":"5e5c3f8de0c333e0518deb4d"},"text":"RT @cyndusen: It's not just a romantic comedy told in rhyme. This book beats anxiety, depression and just plain being down in the dumps!  M‚Ä¶"}
{"_id":{"$oid":"5e5c3f94e0c333e0518deb4f"},"text":"Fuck everyone tired of being ignored üòí#depression I don‚Äôt exist üòí"}
{"_id":{"$oid":"5e5c3f96e0c333e0518deb51"},"text":"Wish I had known about this sooner!!  Topic: #Psychedelucs treating #depression and #anxiety. Alternative non-weste‚Ä¶ https://t.co/q1y5x06G4M"}
{"_id":{"$oid":"5e5c3fd2e0c333e0518deb53"},"text":"Just keep calm and wait for it to pass.\n#words #reallife #depression #mentalhealth #positive https://t.co/ATZOQnYkZY"}
{"_id":{"$oid":"5e5c3fece0c333e0518deb55"},"text":"By the suffering #Christ #Jesus endured YES much much better days shall be UPON us ALL!\nIsaiah 53:5‚Ä¶ https://t.co/rkPG0LZLum"}
{"_id":{"$oid":"5e5c3ff2e0c333e0518deb57"},"text":"RT @DulleyTopBooks: By the suffering #Christ #Jesus endured YES much much better days shall be UPON us ALL!\nIsaiah 53:5 #PrayerForHealing‚Ä¶"}
{"_id":{"$oid":"5e5c3fffe0c333e0518deb59"},"text":"RT @verbalr_global: Did China Close First Lab To Sequence Covid-19 Out Of Fear It Would Lose Bat Soup Narrative?¬† https://t.co/jsXWbc8vsg #‚Ä¶"}
{"_id":{"$oid":"5e5c404ee0c333e0518deb5b"},"text":"Being too much ....üòì #anxiety #depression"}
{"_id":{"$oid":"5e5c4056e0c333e0518deb5d"},"text":"If you need to talk,  text SUPPORT to 258258 from anywhere in Canada or visit https://t.co/1XVgOBleFQ and click on‚Ä¶ https://t.co/vXlmuQI8aT"}
{"_id":{"$oid":"5e5c4087e0c333e0518deb5f"},"text":"May the Spirit of Our Lord,Our #God be UPON&amp;WITHIN us ALL forever going forward.May His sincere Spirit direct us UP‚Ä¶ https://t.co/9tX17wdF1t"}
{"_id":{"$oid":"5e5c408ee0c333e0518deb61"},"text":"RT @DulleyTopBooks: May the Spirit of Our Lord,Our #God be UPON&amp;WITHIN us ALL forever going forward.May His sincere Spirit direct us UP,UP&amp;‚Ä¶"}
{"_id":{"$oid":"5e5c40afe0c333e0518deb63"},"text":"RT @DulleyTopBooks: May we ALL be alive to the reality of what Our Lord, Our #God stands for. May His Spirit of eternal #LOVE for ALL be UP‚Ä¶"}
{"_id":{"$oid":"5e5c40b1e0c333e0518deb65"},"text":"RT @DulleyTopBooks: May the Spirit of Our Lord,Our #God be UPON&amp;WITHIN us ALL forever going forward.May His sincere Spirit direct us UP,UP&amp;‚Ä¶"}
{"_id":{"$oid":"5e5c40cfe0c333e0518deb67"},"text":"Changing Emotional Habits through Image Reprocessing - Mindfulness-based Skype Therapy. See:‚Ä¶ https://t.co/kcGePcCezu"}
{"_id":{"$oid":"5e5c40cfe0c333e0518deb69"},"text":"Thank you to @cbsla and @jasminevielcbsla for supporting children's mental health by allowing me to share parent ti‚Ä¶ https://t.co/plGzk13Lks"}
{"_id":{"$oid":"5e5c40d3e0c333e0518deb6b"},"text":"RT @TheTrueCompton: @davidsting414 And nothing nice happens to their mamas either üíî here is just one example of what happens because 'you'‚Ä¶"}
{"_id":{"$oid":"5e5c4106e0c333e0518deb6d"},"text":"RT @MikeJMele: #Depression isn't a \"bad day\". It takes more than an inspirational thought, a motivational poster or a pat-on-the-back to ov‚Ä¶"}
{"_id":{"$oid":"5e5c411ce0c333e0518deb6f"},"text":"How are YOU doing? \n\nI always find myself caught up in my #depression that I don‚Äôt always remember to ask that. It‚Äô‚Ä¶ https://t.co/CFF1KD6kW7"}
{"_id":{"$oid":"5e5c411ee0c333e0518deb71"},"text":"RT @StephenTrzeciak: #COMPASSIONOMICS DAILY: @DukeU‚Å© researchers found that in treating patients with #depression, therapist #compassion re‚Ä¶"}
{"_id":{"$oid":"5e5c4126e0c333e0518deb73"},"text":"@kakape We have FREE public domain information on #family #disaster #preparedness at https://t.co/gk5gsxR1fv naviga‚Ä¶ https://t.co/H4ExIQ5Y8r"}
{"_id":{"$oid":"5e5c4147e0c333e0518deb75"},"text":"RT @DulleyTopBooks: May the good Hands of #God be UPON us ALL without delay. #God be with us ALL forever and ever going forward...#Prayer‚Ä¶"}
{"_id":{"$oid":"5e5c415be0c333e0518deb77"},"text":"RT @UnxpctdAdvocate: I wrote for @CreakyJoints about how us #immunecompromised &amp; #chronicillness #patients are being ignored/treated like o‚Ä¶"}
{"_id":{"$oid":"5e5c4169e0c333e0518deb79"},"text":"people with depression aren‚Äôt lazy \n\npeople with anxiety aren‚Äôt rude \n\npeople with suicidal thoughts aren‚Äôt attenti‚Ä¶ https://t.co/mOJ9ChU7Gk"}
{"_id":{"$oid":"5e5c418ce0c333e0518deb7b"},"text":"RT @TheTrueCompton: @davidsting414 And nothing nice happens to their mamas either üíî here is just one example of what happens because 'you'‚Ä¶"}
{"_id":{"$oid":"5e5c4192e0c333e0518deb7d"},"text":"RT @allevin18: #Depression  can impact an entire family. Send a card, create a meal rotation with  neighbors &amp; friends, offer to help them‚Ä¶"}
{"_id":{"$oid":"5e5c4197e0c333e0518deb7f"},"text":"RT @allevin18: \"The Essentiality of Sleep Through the Recovery of #Depression\" https://t.co/xL71WP7N9n Blogging to help #EndTheStigma and t‚Ä¶"}
{"_id":{"$oid":"5e5c41a4e0c333e0518deb81"},"text":"\"Melkor and the blight of his hatred flowed out thence, and the Spring of Arda was marred. Green things fell sick .‚Ä¶ https://t.co/K5gIhh1Htg"}
{"_id":{"$oid":"5e5c41c8e0c333e0518deb83"},"text":"RT @livingtruely: .@PremiumTimesng investigative journalist @SamuelOgundipe should be recognized for the work he does in raising important‚Ä¶"}
{"_id":{"$oid":"5e5c41cfe0c333e0518deb85"},"text":"WTF?! This makes no sense. #cruelty"}
{"_id":{"$oid":"5e5c41d2e0c333e0518deb87"},"text":"I  think I'm just a bother to everyone. so I'll just end it . #depression @Imheret45140132"}
{"_id":{"$oid":"5e5c41f6e0c333e0518deb89"},"text":"Team! Times of uncertainty and #fear, like the current #coronavirus outbreak, are the perfect time for followers of‚Ä¶ https://t.co/Msr9HXGAba"}
{"_id":{"$oid":"5e5c41fbe0c333e0518deb8b"},"text":"Therapy through Skype for the treatment of #anxiety #depression #anxietytherapy #depressiontreatment #OCD #PTSD‚Ä¶ https://t.co/km0FaJgOk7"}
{"_id":{"$oid":"5e5c4200e0c333e0518deb8d"},"text":"RT @Ranal55: By choosing to believe, we choose to not be afraid.\n\n#quote #belief #choices #fear #SundaySpirit https://t.co/LZzJ9x6tj2"}
{"_id":{"$oid":"5e5c4201e0c333e0518deb8f"},"text":"RT @ripfez: Bruised and tired of everything. \n\n#depression #onlyfans #chubby #chubbylatina #bustylatina #hugetits https://t.co/8eavJxLJid"}
{"_id":{"$oid":"5e5c4207e0c333e0518deb91"},"text":"RT @allevin18: Sharing Stories, Ending Stigma! Please share this important #podcast with others. Hear #men share their stories of #depressi‚Ä¶"}
{"_id":{"$oid":"5e5c4209e0c333e0518deb93"},"text":"RT @allevin18: If someone has the courage &amp; trust to share their struggles of #depression or #suicide ideation with you, PLEASE, please be‚Ä¶"}
{"_id":{"$oid":"5e5c4213e0c333e0518deb95"},"text":"RT @allevin18: Personal stories are POWERFUL! Mental Health stories allow others to see they are not alone. Stories also give others the co‚Ä¶"}
{"_id":{"$oid":"5e5c4221e0c333e0518deb97"},"text":"RT @allevin18: Men: Changes in behavior? Shortened temper? Loss of interest in things  you typically enjoy? Isolating yourself? Making excu‚Ä¶"}
{"_id":{"$oid":"5e5c4230e0c333e0518deb99"},"text":"Gottem #mentalhealth #depression #anxiety #affirmations #life #peace #peaceofmind #musings #love #life #heartbreak‚Ä¶ https://t.co/CW9ZRa2FNa"}
{"_id":{"$oid":"5e5c4233e0c333e0518deb9b"},"text":"RT @GandalfTheGuide: \"Melkor and the blight of his hatred flowed out thence, and the Spring of Arda was marred. Green things fell sick . .‚Ä¶"}
{"_id":{"$oid":"5e5c4238e0c333e0518deb9d"},"text":"RT @Erage__: @KameMsi Another sadly unknown cause which has at lot of #stigma do to lack of awareness is known as  #Excoriation¬†disorder¬†(a‚Ä¶"}
{"_id":{"$oid":"5e5c4249e0c333e0518deb9f"},"text":"RT @allevin18: If someone has the courage &amp; trust to share their struggles of #depression or #suicide ideation with you, PLEASE, please be‚Ä¶"}
{"_id":{"$oid":"5e5c424ae0c333e0518deba1"},"text":"RT @TheTrueCompton: #NationalPigDay #Pigs #Cruelty #Bacon #Ham #Pork \n\nPlease change how you see them.\n#FriendsNotFood"}
{"_id":{"$oid":"5e5c424be0c333e0518deba3"},"text":"RT @DulleyTopBooks: All the children of #God are favored today. May today be the DAY we ALL come to realize that YES much much better days‚Ä¶"}
{"_id":{"$oid":"5e5c4273e0c333e0518deba5"},"text":"RT @allevin18: Please Retweet! Hope is a critical element to the recovery of #depression See my recent post--The Importance of Hope https:/‚Ä¶"}
{"_id":{"$oid":"5e5c4277e0c333e0518deba7"},"text":"RT @allevin18: Supporting one w/#depression is challenging. Differentiated tips to support a spouse, a good friend or an acquaintance https‚Ä¶"}
{"_id":{"$oid":"5e5c427ae0c333e0518deba9"},"text":"RT @allevin18: Don't fall prey to catastrophizing when in midst of #depression See these tips to end it! https://t.co/AVD03OSMzJ  Blogging‚Ä¶"}
{"_id":{"$oid":"5e5c4288e0c333e0518debab"},"text":"RT @allevin18: A new episode of https://t.co/XMyYSdyPzk  every other Sunday! Real #men sharing real stories of #depression and other mental‚Ä¶"}
{"_id":{"$oid":"5e5c42a6e0c333e0518debad"},"text":"@Iamdepr47974144 Have you thought about getting help? #mentalhealth #depression"}
{"_id":{"$oid":"5e5c42bbe0c333e0518debaf"},"text":"What's this?! A sign of spring! üêûüå§Ô∏èüå±\n\n#dietitian #nutrition #nutritionist #ibd #spoonie #bpd #depression #sad‚Ä¶ https://t.co/NLCOgDmpv6"}
{"_id":{"$oid":"5e5c42bce0c333e0518debb1"},"text":"Postpartum #Depression and the Baby Blues: Signs, #Symptoms, Coping Tips, and Treatment https://t.co/b5hCTdx8wC"}
{"_id":{"$oid":"5e5c42bee0c333e0518debb3"},"text":"Watch ‚ÄúBloom‚Äù on #Vimeo https://t.co/jIwWFGsVkM\n#depression #payitforward"}
{"_id":{"$oid":"5e5c42c1e0c333e0518debb5"},"text":"RT @allevin18: If someone has the courage &amp; trust to share their struggles of #depression or #suicide ideation with you, PLEASE, please be‚Ä¶"}
{"_id":{"$oid":"5e5c42cae0c333e0518debb7"},"text":"RT @TheTrueCompton: #NationalPigDay #Pigs #Cruelty #Bacon #Ham #Pork \n\nPlease change how you see them.\n#FriendsNotFood https://t.co/pVdbtic‚Ä¶"}
{"_id":{"$oid":"5e5c42cde0c333e0518debb9"},"text":"Your world will tell you to live a certain way.\n\n You'll only be truly happy and fulfilled when you live the life t‚Ä¶ https://t.co/WiWuMHhBqB"}
{"_id":{"$oid":"5e5c42fee0c333e0518debbb"},"text":"RT @CarmenMcLeanPhD: Some excellent #CBTworks tips for #anxiety management!\n\nThanks @AliMattu"}
{"_id":{"$oid":"5e5c4302e0c333e0518debbd"},"text":"RT @GandalfTheGuide: \"Melkor and the blight of his hatred flowed out thence, and the Spring of Arda was marred. Green things fell sick . .‚Ä¶"}
{"_id":{"$oid":"5e5c4324e0c333e0518debbf"},"text":"Super tiny #shambala #sodalite bracelet for a 2 month old üíï  Had to hand cream every bead to get it thru the cord b‚Ä¶ https://t.co/ZmzGUxDVNK"}
{"_id":{"$oid":"5e5c4362e0c333e0518debc1"},"text":"My moods r changing faster than I can identify how I feel at the moment. I hate when this happens!  I'm a mess all‚Ä¶ https://t.co/ffNJx2L6c6"}
{"_id":{"$oid":"5e5c436de0c333e0518debc3"},"text":"RT @allevin18: If someone has the courage &amp; trust to share their struggles of #depression or #suicide ideation with you, PLEASE, please be‚Ä¶"}
{"_id":{"$oid":"5e5c4381e0c333e0518debc5"},"text":"RT @ripfez: Bruised and tired of everything. \n\n#depression #onlyfans #chubby #chubbylatina #bustylatina #hugetits https://t.co/8eavJxLJid"}
{"_id":{"$oid":"5e5c439ae0c333e0518debc7"},"text":"#HarrysKush is a #funky #dank #fuzzy #dense #kush that helps lower #anxiety &amp; reduce #pain\n\nSee the entire review a‚Ä¶ https://t.co/0jSk0WTHrw"}
{"_id":{"$oid":"5e5c43b1e0c333e0518debc9"},"text":"RT @Ranal55: By choosing to believe, we choose to not be afraid.\n\n#quote #belief #choices #fear #SundaySpirit https://t.co/LZzJ9x6tj2"}
{"_id":{"$oid":"5e5c43b8e0c333e0518debcb"},"text":"RT @LEAD_Coalition: Reunited: A #ShortFilm about #Music and the Human Spirit. 93 year old #jazz pianist Ed was got a new lease on life and‚Ä¶"}
{"_id":{"$oid":"5e5c43c6e0c333e0518debcd"},"text":"üéß ~ I need to know that I've got you\nWith me no matter what they say\nI'm just a phone call away ~ Only Just a Phone‚Ä¶ https://t.co/O4PU9yXN5R"}
{"_id":{"$oid":"5e5c43c9e0c333e0518debcf"},"text":"Style by #Depression. https://t.co/mQDeyoZV9u"}
{"_id":{"$oid":"5e5c43e1e0c333e0518debd1"},"text":"RT @AlsAgainst: It will be a uphill battle without you. \n\nChild of parent with #ALS join me. If you are #Millennials who sympathize with ou‚Ä¶"}
{"_id":{"$oid":"5e5c43ede0c333e0518debd3"},"text":"RT @livingtruely: .@PremiumTimesng investigative journalist @SamuelOgundipe should be recognized for the work he does in raising important‚Ä¶"}
{"_id":{"$oid":"5e5c4453e0c333e0518debd5"},"text":"Skype Therapy Service for Help with Anxiety and Depression. Online Mindfulness Therapy. See:‚Ä¶ https://t.co/xuX0hIgrSs"}
{"_id":{"$oid":"5e5c44b9e0c333e0518debd7"},"text":"RT @LEAD_Coalition: Please re-Tweet if you are committed to preventing #lonliness among people living with #Alzheimers disease and other fo‚Ä¶"}
{"_id":{"$oid":"5e5c44bbe0c333e0518debd9"},"text":"RT @ACEsCanada2020: All this new data, viewed through an #ACEs Lens, should make us wonder.\nIf we're diagnosing with #Depression, what happ‚Ä¶"}
{"_id":{"$oid":"5e5c44cee0c333e0518debdb"},"text":"Being an #entrepreneur is like living in a house on fire, add #anxiety and you become a highly destructive King Mid‚Ä¶ https://t.co/4LnXYwer8f"}
{"_id":{"$oid":"5e5c44e0e0c333e0518debdd"},"text":"My new piece ‚ÄúP√¢ro‚Äù is taking shape....\n.\n#fraying #frayed #p√¢ro #oncemoreintothefray #thefray #thegrey #fraying‚Ä¶ https://t.co/cxY2SadD95"}
{"_id":{"$oid":"5e5c44f8e0c333e0518debdf"},"text":"RT @AnneBrookeBooks: \"I am not fearless. I am terrified but I write anyway.\" - Roxanne Gay #writerslife #fear https://t.co/x5suEhGDoB"}
{"_id":{"$oid":"5e5c450be0c333e0518debe1"},"text":"RT @familydisaster: FREE public domain information at https://t.co/gk5gsxR1fv navigate through share translate repost anywhere credit #fami‚Ä¶"}
{"_id":{"$oid":"5e5c452fe0c333e0518debe3"},"text":"Worried of the news headlines?  Afraid of what‚Äôs coming around the corner?  @RonEdmondson shared some great thought‚Ä¶ https://t.co/Q5vjMiqVgG"}
{"_id":{"$oid":"5e5c4536e0c333e0518debe5"},"text":"below the surface\nfloating in the dark\ni can see the light\nabove me\ni should reach for it\ni should\n\n#depression"}
{"_id":{"$oid":"5e5c454fe0c333e0518debe7"},"text":"@AdamRichesArt\nOil on canvas\n76 x 51 cm (SOLD).\n#painting #oilpainting #blackandwhite #fear #shadow https://t.co/wXWrs029p7"}
{"_id":{"$oid":"5e5c4559e0c333e0518debe9"},"text":"RT @morales_ej: Dreaded Tales : A Short #Horror Story Collection\n#paranormal #psychological #fear \n#slasher #zombies #supernatural\nRead it‚Ä¶"}
{"_id":{"$oid":"5e5c4560e0c333e0518debeb"},"text":"RT @Ranal55: By choosing to believe, we choose to not be afraid.\n\n#quote #belief #choices #fear #SundaySpirit https://t.co/DLzJGN1JTl"}
{"_id":{"$oid":"5e5c4563e0c333e0518debed"},"text":"I feel like doing this but what‚Äôs the point. It‚Äôs not going to solve anything. I mean I want to die not cut my self‚Ä¶ https://t.co/a37p3QdbFd"}
{"_id":{"$oid":"5e5c457ee0c333e0518debef"},"text":"RT @GandalfTheGuide: \"Melkor and the blight of his hatred flowed out thence, and the Spring of Arda was marred. Green things fell sick . .‚Ä¶"}
{"_id":{"$oid":"5e5c4581e0c333e0518debf1"},"text":"Young Kids Can Have #Suicidal Thoughts and #Parents Are Often Unaware https://t.co/7NwHMjbJ90 #parenting #children‚Ä¶ https://t.co/gFLSKCmtNk"}
{"_id":{"$oid":"5e5c4597e0c333e0518debf3"},"text":"RT @laurenbgelman: Thank you to @UnxpctdAdvocate for speaking for many #chronicillness patients and their #Coronavid19 concerns for @Creaky‚Ä¶"}
{"_id":{"$oid":"5e5c45a2e0c333e0518debf5"},"text":"RT @Benjami90423381: Go for a walk \n#mindful #SuicideAwareness #MentalHealthMatters #MentalHealthAwareness #anxiety #depression https://t.c‚Ä¶"}
{"_id":{"$oid":"5e5c45bbe0c333e0518debf7"},"text":"RT @UnxpctdAdvocate: I wrote for @CreakyJoints about how us #immunecompromised &amp; #chronicillness #patients are being ignored/treated like o‚Ä¶"}
{"_id":{"$oid":"5e5c45dbe0c333e0518debf9"},"text":"What my mind looks like... #NF #Mansion #Lonely #Fear #CanYouSaveMe #thoughts #Anger https://t.co/4xAOPVnZkW"}
{"_id":{"$oid":"5e5c45f6e0c333e0518debfb"},"text":"How to deal with an abusive relationships\nhttps://t.co/PppPL0HtaV\n#relationship #abuse #treatment #depression‚Ä¶ https://t.co/v7wK3XzT81"}
{"_id":{"$oid":"5e5c45fce0c333e0518debfd"},"text":"RT @allevin18: If someone has the courage &amp; trust to share their struggles of #depression or #suicide ideation with you, PLEASE, please be‚Ä¶"}
{"_id":{"$oid":"5e5c4614e0c333e0518debff"},"text":"RT @TheMandoMethod: The Mando Method Podcast: Episode 182 - Depression https://t.co/rHtGiKPyQI via @ProjectEntNet\n\n@TheMandoMethod co-hosts‚Ä¶"}
{"_id":{"$oid":"5e5c4636e0c333e0518dec01"},"text":"Rabbit, Rabbit, Rabbit!\nYet another storm is baring its lion's teeth. Rabbit, rabbit, rabbit! Hope the charm breaks‚Ä¶ https://t.co/llaAWMjBtD"}
{"_id":{"$oid":"5e5c4642e0c333e0518dec03"},"text":"RT @morales_ej: Dreaded Tales : A Short #Horror Story Collection\n#paranormal #psychological #fear \n#slasher #zombies #supernatural\nRead it‚Ä¶"}
{"_id":{"$oid":"5e5c4644e0c333e0518dec05"},"text":"I am not gonna let you win, I am stronger than you #Anxiety"}
{"_id":{"$oid":"5e5c4658e0c333e0518dec07"},"text":"An experiment: ‚ÄúA Leopard Can‚Äôt Change It‚Äôs Spots.‚Äù \n\n#newspapercollage #newspaperclipping #collage  #collageart‚Ä¶ https://t.co/vdKfTE6XbU"}
{"_id":{"$oid":"5e5c4658e0c333e0518dec09"},"text":"RT @allevin18: If someone has the courage &amp; trust to share their struggles of #depression or #suicide ideation with you, PLEASE, please be‚Ä¶"}
{"_id":{"$oid":"5e5c465ee0c333e0518dec0b"},"text":"RT @AlsAgainst: It will be a uphill battle without you. \n\nChild of parent with #ALS join me. If you are #Millennials who sympathize with ou‚Ä¶"}
{"_id":{"$oid":"5e5c4679e0c333e0518dec0d"},"text":"RT @DanglingLines: below the surface\nfloating in the dark\ni can see the light\nabove me\ni should reach for it\ni should\n\n#depression"}
{"_id":{"$oid":"5e5c46a8e0c333e0518dec0f"},"text":"@Tyson_Fury thank you for sharing your battle with #depression on @espn \nYou inspired me!  #SufferingInSilence‚Ä¶ https://t.co/sYZXuzQzqq"}
{"_id":{"$oid":"5e5c46abe0c333e0518dec11"},"text":"Skype Therapists - Psychotherapists using Skype https://t.co/HeXKfaWrcD #onlinetherapy #anxiety #depression"}
{"_id":{"$oid":"5e5c46b0e0c333e0518dec13"},"text":"RT @DulleyTopBooks: May the Spirit of Our Lord,Our #God be UPON&amp;WITHIN us ALL forever going forward.May His sincere Spirit direct us UP,UP&amp;‚Ä¶"}
{"_id":{"$oid":"5e5c46b3e0c333e0518dec15"},"text":"RT @WeissJsw819: We SURVIVE death. https://t.co/VKL1ZxZSKh\n\nLINK me: https://t.co/IN9IezZ3GH\n\n#paranormal #spirituality #happiness #metaphy‚Ä¶"}
{"_id":{"$oid":"5e5c46d0e0c333e0518dec17"},"text":"I need to put on a few pounds üòÖ oh I hate meds üòÇ the first few pounds I lost were ok but now reached just over a st‚Ä¶ https://t.co/jKJgr2TK2e"}
{"_id":{"$oid":"5e5c46ece0c333e0518dec19"},"text":"RT @DulleyTopBooks: May we ALL be alive to the reality of what Our Lord, Our #God stands for. May His Spirit of eternal #LOVE for ALL be UP‚Ä¶"}
{"_id":{"$oid":"5e5c46f8e0c333e0518dec1b"},"text":"RT @PaulvanLange: One side-benefit of the #coronaviris outbreak is that it shows that countries, including islands, are strongly #interdepe‚Ä¶"}
{"_id":{"$oid":"5e5c471be0c333e0518dec1d"},"text":"I have a proposition, @horikoshiko \n\n#MyHeroAcademia #fear. https://t.co/wsFQ7kV2mm"}
{"_id":{"$oid":"5e5c471ee0c333e0518dec1f"},"text":"RT @WithNoma: Be careful when and how you respond.. your response shows the condition of your heart.\n#wellness #happiness #friends #advice‚Ä¶"}
{"_id":{"$oid":"5e5c4730e0c333e0518dec21"},"text":"RT @WeissJsw819: We SURVIVE death. https://t.co/VKL1ZxZSKh\n\nLINK me: https://t.co/IN9IezZ3GH\n\n#paranormal #spirituality #happiness #metaphy‚Ä¶"}
{"_id":{"$oid":"5e5c4730e0c333e0518dec23"},"text":"RT @kyshona: ‚ÄúFear‚Äù is available everywhere today! [https://t.co/rseu5jxy4J] It‚Äôs so important to give credit  where credit is due‚Äîthanks t‚Ä¶"}
{"_id":{"$oid":"5e5c4743e0c333e0518dec25"},"text":"The world is bad but not without hope. It is only hopeless when you look at it from an ideal viewpoint - #CPTSD‚Ä¶ https://t.co/mKFqstK72j"}
{"_id":{"$oid":"5e5c474be0c333e0518dec27"},"text":"RT @WithNoma: Be careful when and how you respond.. your response shows the condition of your heart.\n#wellness #happiness #friends #advice‚Ä¶"}
{"_id":{"$oid":"5e5c4753e0c333e0518dec29"},"text":"RT @DulleyTopBooks: May the good Hands of #God be UPON us ALL without delay. #God be with us ALL forever and ever going forward...#Prayer‚Ä¶"}
{"_id":{"$oid":"5e5c4797e0c333e0518dec2b"},"text":"RT @damiendavis: My beautiful brother, Kieran Davis 7.2.79 - 4.2.20. I don't want his death to be in vain, PLEASE help me raise awareness o‚Ä¶"}
{"_id":{"$oid":"5e5c479ee0c333e0518dec2d"},"text":"RT @EveyHammond19: Mental illness is something you have, not something you are. #mentalhealth #mentalillness #depression #anxiety https://t‚Ä¶"}
{"_id":{"$oid":"5e5c47a7e0c333e0518dec2f"},"text":"RT @ripfez: Bruised and tired of everything. \n\n#depression #onlyfans #chubby #chubbylatina #bustylatina #hugetits https://t.co/8eavJxLJid"}
{"_id":{"$oid":"5e5c47b7e0c333e0518dec31"},"text":"RT @LeighxxSophia: I need to put on a few pounds üòÖ oh I hate meds üòÇ the first few pounds I lost were ok but now reached just over a stone i‚Ä¶"}
{"_id":{"$oid":"5e5c47bee0c333e0518dec33"},"text":"RT @DulleyTopBooks: May the Spirit of Our Lord,Our #God be UPON&amp;WITHIN us ALL forever going forward.May His sincere Spirit direct us UP,UP&amp;‚Ä¶"}
{"_id":{"$oid":"5e5c47c8e0c333e0518dec35"},"text":"RT @DulleyTopBooks: May we ALL decide to take on #Christ #Jesus' Spirit of compassion for ALL. By His stripes YES there still is #HOPE for‚Ä¶"}
{"_id":{"$oid":"5e5c47fce0c333e0518dec37"},"text":"@goodbeanalt All it takes is a cry and knowingly, but as if unknowingly, sliding your shoulders off, sexy. It does‚Ä¶ https://t.co/FateUfEcqP"}
{"_id":{"$oid":"5e5c47fce0c333e0518dec39"},"text":"RT @WithNoma: Be careful when and how you respond.. your response shows the condition of your heart.\n#wellness #happiness #friends #advice‚Ä¶"}
{"_id":{"$oid":"5e5c47fde0c333e0518dec3b"},"text":"RT @adrianbarron__: Hold up I‚Äôm busy tripping on some shit that hasn‚Äôt even happened yet. \n#anxiety"}
{"_id":{"$oid":"5e5c4813e0c333e0518dec3d"},"text":"RT @DulleyTopBooks: By the suffering #Christ #Jesus endured YES much much better days shall be UPON us ALL!\nIsaiah 53:5 #PrayerForHealing‚Ä¶"}
{"_id":{"$oid":"5e5c4815e0c333e0518dec3f"},"text":"RT @damiendavis: My beautiful brother, Kieran Davis 7.2.79 - 4.2.20. I don't want his death to be in vain, PLEASE help me raise awareness o‚Ä¶"}
{"_id":{"$oid":"5e5c482ce0c333e0518dec41"},"text":"Hope is the Only Thing Stronger Than Fear.\n\n#QuoteoftheDay #Quote #Hope #Fear https://t.co/n4oyGFqIiD"}
{"_id":{"$oid":"5e5c4846e0c333e0518dec43"},"text":"RT @WithNoma: Be careful when and how you respond.. your response shows the condition of your heart.\n#wellness #happiness #friends #advice‚Ä¶"}
{"_id":{"$oid":"5e5c4880e0c333e0518dec45"},"text":"#BTS Saved My Life...find out how this mom beat #depression and learned to #love herself more click the link below!‚Ä¶ https://t.co/XNJbe2hdiJ"}
{"_id":{"$oid":"5e5c4890e0c333e0518dec47"},"text":"RT @ripfez: Bruised and tired of everything. \n\n#depression #onlyfans #chubby #chubbylatina #bustylatina #hugetits https://t.co/8eavJxLJid"}
{"_id":{"$oid":"5e5c489de0c333e0518dec49"},"text":"RT @kprocktor: Might not have a job anymore but gotta keep learning. We care about your kids üòâ #ABprotests #MentalHealthMatters #anxiety ht‚Ä¶"}
{"_id":{"$oid":"5e5c48b9e0c333e0518dec4b"},"text":"Sharing Stories, Ending Stigma! Please share this important #podcast with others. Hear #men share their stories of‚Ä¶ https://t.co/AWdY32HhFS"}
{"_id":{"$oid":"5e5c48d3e0c333e0518dec4d"},"text":"RT @NLmagazine: It's become one of the biggest #health issues of modern times, and encouragingly, one that is being talked about far more -‚Ä¶"}
{"_id":{"$oid":"5e5c48dfe0c333e0518dec4f"},"text":"#TPM cancelled along with many other conferences; Dow Futures look to be down another 200.  The market anticipated‚Ä¶ https://t.co/Z5EYwmehas"}
{"_id":{"$oid":"5e5c48e7e0c333e0518dec51"},"text":"RT @ripfez: Bruised and tired of everything. \n\n#depression #onlyfans #chubby #chubbylatina #bustylatina #hugetits https://t.co/8eavJxLJid"}
{"_id":{"$oid":"5e5c48f7e0c333e0518dec53"},"text":"listen to the woman, shes a genius"}
{"_id":{"$oid":"5e5c4902e0c333e0518dec55"},"text":"That‚Äôs all people do is put me and my mom down other people do the same things and nothing is said to them but my g‚Ä¶ https://t.co/DLNvfQIH1N"}
{"_id":{"$oid":"5e5c4933e0c333e0518dec57"},"text":"Sunday night = The perfect time for #anxiety to spike\n\nAs we anticipate the workweek.\n\nTo calm your mind\n\nThink of‚Ä¶ https://t.co/OTM5Kg5fUK"}
{"_id":{"$oid":"5e5c494ce0c333e0518dec59"},"text":"RT @WeissJsw819: We SURVIVE death. https://t.co/VKL1ZxZSKh\n\nLINK me: https://t.co/IN9IezZ3GH\n\n#paranormal #spirituality #happiness #metaphy‚Ä¶"}
{"_id":{"$oid":"5e5c495be0c333e0518dec5b"},"text":"RT @cptsdfoundation: The world is bad but not without hope. It is only hopeless when you look at it from an ideal viewpoint - #CPTSD #Heali‚Ä¶"}
{"_id":{"$oid":"5e5c499ee0c333e0518dec5d"},"text":"#Fear is in the air, #Pollution is in the water: The China snakes that rattled capitalism https://t.co/5musDjDzym"}
{"_id":{"$oid":"5e5c49a9e0c333e0518dec5f"},"text":"RT @DulleyTopBooks: May the Spirit of Our Lord,Our #God be UPON&amp;WITHIN us ALL forever going forward.May His sincere Spirit direct us UP,UP&amp;‚Ä¶"}
{"_id":{"$oid":"5e5c49bde0c333e0518dec61"},"text":"RT @Loathsom_Andrea: Be a decent human being and Go Vegan TODAY."}
{"_id":{"$oid":"5e5c49e0e0c333e0518dec63"},"text":"RT @LEAD_Coalition: Please re-Tweet if you are committed to preventing #lonliness among people living with #Alzheimers disease and other fo‚Ä¶"}
{"_id":{"$oid":"5e5c49e9e0c333e0518dec65"},"text":"That's #NOT #DEMENTIA that's #DRUGS #STRESS n #MEMORY #ISSUES.  He #LIES so much, he can't keep it all straight. Tr‚Ä¶ https://t.co/HmhupNQGND"}
{"_id":{"$oid":"5e5c49eee0c333e0518dec67"},"text":"Check it out, men, you‚Äôll be glad you did. #wrestlingdepressionisnotforwimps"}
{"_id":{"$oid":"5e5c49f1e0c333e0518dec69"},"text":"RT @TheTrueCompton: #NationalPigDay #Pigs #Cruelty #Bacon #Ham #Pork \n\nPlease change how you see them.\n#FriendsNotFood"}
{"_id":{"$oid":"5e5c4a21e0c333e0518dec6b"},"text":"RT @LadyJelenah: Selfie on The Alamo\n#Ladyjelenah #LadyJelena\n#PrettyMonzies #PrettyLilMonsters\n#Monsters #FEAR #GTA5 #GtaOnline #GrandThef‚Ä¶"}
{"_id":{"$oid":"5e5c4a52e0c333e0518dec6d"},"text":"RT @ACEsCanada2020: All this new data, viewed through an #ACEs Lens, should make us wonder.\nIf we're diagnosing with #Depression, what happ‚Ä¶"}
{"_id":{"$oid":"5e5c4a77e0c333e0518dec6f"},"text":"RT @allevin18: Thank you @GoodMenProject once again for publishing yet another episode https://t.co/Qjn5mK7700 Interviews of #men who have‚Ä¶"}
{"_id":{"$oid":"5e5c4ab3e0c333e0518dec71"},"text":"RT @DrJawahars: Break the silence. No one is immune to #Mentalhealth issues\n#MentalHealthMatters\n#MentalHealthAwareness"}
{"_id":{"$oid":"5e5c4adee0c333e0518dec73"},"text":"Please help spread the word about https://t.co/XMyYSdyPzk Interviews of #men who have struggled with #depression. S‚Ä¶ https://t.co/JH3ytU28iI"}
{"_id":{"$oid":"5e5c4ae2e0c333e0518dec75"},"text":"LAUGH ADDICT RECOVERY FILM FREE TO VIEW RIGHT NOW. (Are you in recovery? Or have a loved one that is?) FREE 4 THE W‚Ä¶ https://t.co/fjPLpvcUwz"}
