{"_id":{"$oid":"5e5bc9c3e0c333e0518de573"},"text":"RT @IamSaiDharamTej: This tweet shows your grace and super sense of humour... #respect and  #love from my motherland...thank you üôèüèº"}
{"_id":{"$oid":"5e5bc9c4e0c333e0518de575"},"text":"I love this song ‚ô•Ô∏è @POPSMOKE10 #flawsandall #popsmoke #beauty #beyourself #sexy #love #blackisbeautiful #instagram‚Ä¶ https://t.co/V5prBvmuME"}
{"_id":{"$oid":"5e5bc9c4e0c333e0518de577"},"text":"Attention Warrior Parents!  Check out my next blog post:  #consciousparenting #parenting #raisingwarriors #children‚Ä¶ https://t.co/a85qu4LTqW"}
{"_id":{"$oid":"5e5bc9c5e0c333e0518de579"},"text":"RT @LogischerCronum: check out this youtube channel for more car porns:https://t.co/oxqhvw4Umx RT @SupercarUKs: RT @lordgsupercar: #NEW Fer‚Ä¶"}
{"_id":{"$oid":"5e5bc9c7e0c333e0518de57b"},"text":"$10each #SassyPiecesByKymm¬†¬† #JewelryLady #mombosslife \n#Love #giftsforher #jewelrylover #momboss #colorful #beauty‚Ä¶ https://t.co/9H4iRNdeya"}
{"_id":{"$oid":"5e5bc9c7e0c333e0518de57d"},"text":"#NowPlaying Tiffany Bynoe @TiffanyBynoeME - Shame on Delicious #Love #Radio https://t.co/2eCpAK1a88"}
{"_id":{"$oid":"5e5bc9c8e0c333e0518de57f"},"text":"RT @IaN_AnToni: Typical Banda Aceh Cuisine üëåü§©\n.\n.\n.\n.\n.\n.\n#instago #instadaily #instatraveling #vacation #love #travel #holiday #ontheroad‚Ä¶"}
{"_id":{"$oid":"5e5bc9cae0c333e0518de581"},"text":"RT @resse89: I love this song ‚ô•Ô∏è @POPSMOKE10 #flawsandall #popsmoke #beauty #beyourself #sexy #love #blackisbeautiful #instagram #shaderoom‚Ä¶"}
{"_id":{"$oid":"5e5bc9cbe0c333e0518de583"},"text":"RT @conwaybowman: Opening Day. #baseball #brothers #family #love #spring @mishfish49 https://t.co/6MpVRXBsOf"}
{"_id":{"$oid":"5e5bc9cbe0c333e0518de585"},"text":"Psalm 95:6 Come, let us bow down in worship,\nlet us kneel before the Lord our Maker.\nworship God you can just feel‚Ä¶ https://t.co/BTp4BTRj3y"}
{"_id":{"$oid":"5e5bc9cbe0c333e0518de587"},"text":"RT @pagicstudio: 30 days of logos\nLogo 17 - Bride things\n\nBlog &amp; website for brides\n\n#bride #wedding #marriage #love #fashion #bridal #make‚Ä¶"}
{"_id":{"$oid":"5e5bc9cde0c333e0518de589"},"text":"RT @danieldokter: Us, today üíì\n‚Ä¢\n#family #getaway #trip #brastagi  #love #kids @ Gundaling Farmstead https://t.co/9GY2C8t4Xg"}
{"_id":{"$oid":"5e5bc9cfe0c333e0518de58b"},"text":"RT @IamSaiDharamTej: This tweet shows your grace and super sense of humour... #respect and  #love from my motherland...thank you üôèüèº"}
{"_id":{"$oid":"5e5bc9d0e0c333e0518de58d"},"text":"O.U.T. -OriginaleUnicoTutto-\nWebsite Shop:\nhttps://t.co/R3IgL9ZjiS\n\n#shoppingonline #shoponline #shop #love #tshirt‚Ä¶ https://t.co/ESK9MBTrxp"}
{"_id":{"$oid":"5e5bc9d3e0c333e0518de58f"},"text":"wow SHE"}
{"_id":{"$oid":"5e5bc9d4e0c333e0518de591"},"text":"RT @GreggMasters: There are many different kinds and strengths of #Love. Do your best to recognize and appreciate each one of them today...‚Ä¶"}
{"_id":{"$oid":"5e5bc9d4e0c333e0518de593"},"text":"RT @SonySABTV: Bikram and Bala are trying to take over the coal mafia! But will they do it together or will someone come between them? ‚Äã\n\nW‚Ä¶"}
{"_id":{"$oid":"5e5bc9d5e0c333e0518de595"},"text":"RT @brenteverett: My new BF! It‚Äôs official! @Reyallenking @andrea_suarez_x @lucasent @michaellucasNYC @queermenow #gay #gaylove #love #quee‚Ä¶"}
{"_id":{"$oid":"5e5bc9d6e0c333e0518de597"},"text":"One of our favorite new dresses paired with a denim jackets and short booties {that are 60% off!} for the perfect t‚Ä¶ https://t.co/3jFwhZx90D"}
{"_id":{"$oid":"5e5bc9d7e0c333e0518de599"},"text":"@ChristIsComing4 the Kingdom is HERE AT HAND NOW! Heaven begins in our hearts w/the Presence of the Most Holy Spiri‚Ä¶ https://t.co/QMdVGUplh7"}
{"_id":{"$oid":"5e5bc9d7e0c333e0518de59b"},"text":"RT @GreggMasters: I wanted this to be a reminder that we have an obligation and responsibility to live in #Peace #Kindness and #Love. \nIt‚Äôs‚Ä¶"}
{"_id":{"$oid":"5e5bc9dee0c333e0518de59d"},"text":"Wtf is she trying not eat the baby?"}
{"_id":{"$oid":"5e5bc9dfe0c333e0518de59f"},"text":"If you want to #achieve #greater #business #success, you must have happy #customers. #Madhur #Maini is the best app‚Ä¶ https://t.co/XYCFWpCKwM"}
{"_id":{"$oid":"5e5bc9e0e0c333e0518de5a1"},"text":"RT @IamSaiDharamTej: This tweet shows your grace and super sense of humour... #respect and  #love from my motherland...thank you üôèüèº"}
{"_id":{"$oid":"5e5bc9e2e0c333e0518de5a3"},"text":"RT @colonriveraMD: Morning #morning #goodmorning #love #sunrise #nature #photography #instagood #winter #instagram #breakfast #photooftheda‚Ä¶"}
{"_id":{"$oid":"5e5bc9e3e0c333e0518de5a5"},"text":"RT @eldiablo0786: @rajeev_s108 @LisaTruthJohns @pkamla1 @BabyGo2014 @debryan96962349 @Hazloe3 @mysticwolf14 @LeadersAdam @UitstelN @marshaw‚Ä¶"}
{"_id":{"$oid":"5e5bc9e8e0c333e0518de5a7"},"text":"#Now playing on @Glams_Radio : #Tie Me Down by #Gryffin &amp; Elley Duhe! Tune in now and enjoy sound of #DeepHouse #Love #Music"}
{"_id":{"$oid":"5e5bc9ebe0c333e0518de5a9"},"text":"suinn was asked who's hes favorite ht member and answered he cudnt choose bc theyre all family so he said if he wer‚Ä¶ https://t.co/52ufu0ZzTo"}
{"_id":{"$oid":"5e5bc9ece0c333e0518de5ab"},"text":"See changes as opportunities üå∏\n\n#changes #newlife #love #loveyourself #happiness #behappy #Opportunities #newtimes‚Ä¶ https://t.co/urvheNEcrg"}
{"_id":{"$oid":"5e5bc9ede0c333e0518de5ad"},"text":"RT @GreggMasters: Have you ever felt small and insignificant? Well, you‚Äôre not, trust me!\nYou have SO much power...\nUse it! Appreciate it!‚Ä¶"}
{"_id":{"$oid":"5e5bc9efe0c333e0518de5af"},"text":"#friends #thoughtoftheday #positivethinking #love #purelove \nLet's be in love with life, now!‚ù§ü¶ã https://t.co/3KaTMWNkMM"}
{"_id":{"$oid":"5e5bc9f4e0c333e0518de5b1"},"text":"RT @RiteBoss: CALM BALM GLISS GLOSS BLISS BLESS‚ô•Ô∏èüíõüíöüíô\n\n#Photography #Naturaleza #Artistic #Divine #Art #Love #Imagine #Expression #Mesmeric‚Ä¶"}
{"_id":{"$oid":"5e5bc9f4e0c333e0518de5b3"},"text":"RT @IamSaiDharamTej: This tweet shows your grace and super sense of humour... #respect and  #love from my motherland...thank you üôèüèº"}
{"_id":{"$oid":"5e5bc9f4e0c333e0518de5b5"},"text":"Wtf be going on in these streets üòÇüòÇ"}
{"_id":{"$oid":"5e5bc9f5e0c333e0518de5b7"},"text":"Why Narcissistic Knight In Shining Armour ... https://t.co/Ve1l5FD2lA #love @LoveEstimator"}
{"_id":{"$oid":"5e5bc9fde0c333e0518de5b9"},"text":"#Indy is #hyped for the #NFLCombine! Find your #reason to be hyped this #Friday, we have #dreamjobs    in 44‚Ä¶ https://t.co/YScmeuTlfs"}
{"_id":{"$oid":"5e5bca00e0c333e0518de5bb"},"text":"RT @eldiablo0786: @rajeev_s108 @LisaTruthJohns @pkamla1 @BabyGo2014 @debryan96962349 @Hazloe3 @mysticwolf14 @LeadersAdam @UitstelN @marshaw‚Ä¶"}
{"_id":{"$oid":"5e5bca01e0c333e0518de5bd"},"text":"Makes me miss London üë≠üá¨üáß‚úàÔ∏è @JennCaston üåº"}
{"_id":{"$oid":"5e5bca02e0c333e0518de5bf"},"text":"RT @brenteverett: My new BF! It‚Äôs official! @Reyallenking @andrea_suarez_x @lucasent @michaellucasNYC @queermenow #gay #gaylove #love #quee‚Ä¶"}
{"_id":{"$oid":"5e5bca05e0c333e0518de5c1"},"text":"RT @BuckeyeCuti: God always comes through.  I needed these words right now.  ‚ù§Ô∏è  Thank you"}
{"_id":{"$oid":"5e5bca06e0c333e0518de5c3"},"text":"RT @illucandy: üíú Art Share üíú\n\nI got so much support from you all I wanna give back! So let's make an artshare ‚ò∫Ô∏è I want to see all your lov‚Ä¶"}
{"_id":{"$oid":"5e5bca0ae0c333e0518de5c5"},"text":"RT @IamSaiDharamTej: This tweet shows your grace and super sense of humour... #respect and  #love from my motherland...thank you üôèüèº"}
{"_id":{"$oid":"5e5bca0ee0c333e0518de5c7"},"text":"üéä#Happy #Sundayüéä\n      #Must #Follow\nüåπ@msyummys üåπ\nPhoto :: üî∑@Brazzers üî∑ \nJoin :  üëâhttps://t.co/EACXZ6Wcxküëà\n#RT https://t.co/ukeBnZKTJ5"}
{"_id":{"$oid":"5e5bca0fe0c333e0518de5c9"},"text":"RT @IamSaiDharamTej: This tweet shows your grace and super sense of humour... #respect and  #love from my motherland...thank you üôèüèº"}
{"_id":{"$oid":"5e5bca0fe0c333e0518de5cb"},"text":"RT @IamSaiDharamTej: This tweet shows your grace and super sense of humour... #respect and  #love from my motherland...thank you üôèüèº"}
{"_id":{"$oid":"5e5bca16e0c333e0518de5cd"},"text":"This is weird as hell. Y‚Äôall out here tongue kissing your babies ?"}
{"_id":{"$oid":"5e5bca19e0c333e0518de5cf"},"text":"RT @IamSaiDharamTej: This tweet shows your grace and super sense of humour... #respect and  #love from my motherland...thank you üôèüèº"}
{"_id":{"$oid":"5e5bca1be0c333e0518de5d1"},"text":"#Repost from @Juliano_zone6 with @regram.app ... Out on all platforms #wilder üè¢#boxer üî•ü§ßüíäüèò #trap #music #trend‚Ä¶ https://t.co/z1k8CWNTEv"}
{"_id":{"$oid":"5e5bca1de0c333e0518de5d3"},"text":"Red Velvet 'The ReVe Festival Day 1' Album SCANS\nIrene\n\n#RedVelvet #RV #TRF #TheReVeFestivalDay1 #Irene #Seulgi‚Ä¶ https://t.co/58NqR7LeVf"}
{"_id":{"$oid":"5e5bca25e0c333e0518de5d5"},"text":"#Beauty #Style #Love KF94 Infection Prevention Mask 40pcs https://t.co/LexU5dploQ"}
{"_id":{"$oid":"5e5bca25e0c333e0518de5d7"},"text":"#Beauty #Style #Love LG Pra L Plus Derma LED Mask Home Skin Care Device Full Set of 4‚Ä¶ https://t.co/qqnYaR2S4H"}
{"_id":{"$oid":"5e5bca25e0c333e0518de5d9"},"text":"#Beauty #Style #Love Three-Dimensional Nonwoven Mouth Mask 65 Pieces Surgical Virus‚Ä¶ https://t.co/gUfdWRSAcW"}
{"_id":{"$oid":"5e5bca25e0c333e0518de5db"},"text":"#Beauty #Style #Love Nerium Firming Body Contour Cream (NeriumAD Formula) 6.7 oz https://t.co/TAvvucBylv"}
{"_id":{"$oid":"5e5bca26e0c333e0518de5dd"},"text":"#Beauty #Style #Love MINUS20 TIME MACHINE YOUR SKIN PINK GOLD ANTI WRINKLE BOMB TIMELESS‚Ä¶ https://t.co/QOewImAVW1"}
{"_id":{"$oid":"5e5bca26e0c333e0518de5df"},"text":"#Beauty #Style #Love Cindy Crawford Meaningful Beauty 7-Pc Skincare Set Bundle (2‚Ä¶ https://t.co/pDPyLWzvtF"}
{"_id":{"$oid":"5e5bca26e0c333e0518de5e1"},"text":"#Beauty #Style #Love LG Pra L V Derma LED Mask Home Care Beauty Device Set of 4 https://t.co/OsZtia8I8I"}
{"_id":{"$oid":"5e5bca27e0c333e0518de5e3"},"text":"#Happy Birthday Wishes To Cute Little Prince #AadvikAJITH üéÅ \n\n#HBDChampAadvikAjith https://t.co/TCXcYmiXn8"}
{"_id":{"$oid":"5e5bca27e0c333e0518de5e5"},"text":"RT @5REDVELVET: [OFFICIAL] 200301 #JOY Instagram update\n\n#REDVELVET @RVsmtown\nhttps://t.co/YmtgmBHoWY https://t.co/L0KyGHkJFA"}
{"_id":{"$oid":"5e5bca2be0c333e0518de5e7"},"text":"Super stylish"}
{"_id":{"$oid":"5e5bca2ce0c333e0518de5e9"},"text":"It's : 2020-03-01T14:43:49.8669117Z \n\n#tuesdaymotivation #funny #pets #followme #f4f #c4c #shout #love #me #cute‚Ä¶ https://t.co/UyXO3pD5ab"}
{"_id":{"$oid":"5e5bca2ce0c333e0518de5eb"},"text":"Let me #Love #You. \n\nhttps://t.co/fl4RNqBhLR"}
{"_id":{"$oid":"5e5bca2de0c333e0518de5ed"},"text":"‚ù§Ô∏èyou must travel through those woods again and again...üíã‚ù§You Allüíã ~‡•ê~ #life #positive #nudism #wellbeing #love‚Ä¶ https://t.co/QKI0thb3t8"}
{"_id":{"$oid":"5e5bca2fe0c333e0518de5ef"},"text":"RT @CONTEMPRA_INN: #Amazing Example of Courage and Loyalty ...During the panic of an #Earthquake when everyone was running for their life .‚Ä¶"}
{"_id":{"$oid":"5e5bca32e0c333e0518de5f1"},"text":"RT @Sreliata: Always wanted to do something with #Vincent and #Yuffie from #FF7 #FFVII #FF7Remake and #DirgeOfCerberus !! I really can't wa‚Ä¶"}
{"_id":{"$oid":"5e5bca32e0c333e0518de5f3"},"text":"RT @5REDVELVET: [OFFICIAL] 200301 #JOY Instagram update\n\n#REDVELVET @RVsmtown\nhttps://t.co/hFPNKaFVOh https://t.co/xTGz1FvdU1"}
{"_id":{"$oid":"5e5bca36e0c333e0518de5f5"},"text":"Music In Film with @Ludonnalicious #romanerobb #robbpublishing #robbent #merchandise #media #robbentertainment #dc‚Ä¶ https://t.co/aEsppGLn79"}
{"_id":{"$oid":"5e5bca36e0c333e0518de5f7"},"text":"#fashion #shop #sale #deal #love #gamedev #retail Another Great Deal! https://t.co/ZVqHhwJkGa"}
{"_id":{"$oid":"5e5bca37e0c333e0518de5f9"},"text":"RT @lateefmohamme14: If how poignantly spontaneous!?"}
{"_id":{"$oid":"5e5bca39e0c333e0518de5fb"},"text":"RT @shailender7777: SQUEAK @RajeevMasand SAYS THAT #ShubhMangalZyaadaSaavdhan MOVIE SHOWS THAT #LOVE HAS NO BOUNDARIES.\n\nTHIS #PERVERT ( HE‚Ä¶"}
{"_id":{"$oid":"5e5bca3be0c333e0518de5fd"},"text":"RT @5REDVELVET: [OFFICIAL] 200301 #JOY Instagram update\n\n#REDVELVET @RVsmtown\nhttps://t.co/hFPNKaFVOh https://t.co/TJTbYWqhS5"}
{"_id":{"$oid":"5e5bca40e0c333e0518de5ff"},"text":"Amazon Store BI BAR SEX [dvd] via @amazon  https://t.co/YrvAyDwpqA\n #Stuttgart #Berlin #Munich #Hamburg #Frankfurt‚Ä¶ https://t.co/ZCoKNBJeeA"}
{"_id":{"$oid":"5e5bca43e0c333e0518de601"},"text":"RT @IamSaiDharamTej: This tweet shows your grace and super sense of humour... #respect and  #love from my motherland...thank you üôèüèº"}
{"_id":{"$oid":"5e5bca45e0c333e0518de603"},"text":"RT @CheyennKeller: Join to our community: https://t.co/H2ACU3g61X\nDon't waste your time, just click and joinüòò\n#date #dating #love #Lover #t‚Ä¶"}
{"_id":{"$oid":"5e5bca47e0c333e0518de605"},"text":"Romance God poem #poetry #song #music #artist #allbrandnew #spirit #spiritual #awaken #god #faith #love #songwriter‚Ä¶ https://t.co/ohnDyzbqo7"}
{"_id":{"$oid":"5e5bca4de0c333e0518de607"},"text":"RT @HUSKYLOVERSUSA1: My dog gives me such joy and makes me laugh incessantly.\nüëàüëàüëâüëâüëâüëâüëâ\n#husky #huskyheaven #puppy #cute #love #FeelingGood #‚Ä¶"}
{"_id":{"$oid":"5e5bca4ee0c333e0518de609"},"text":"RT @Ghanasfinestx: This is weird sorry"}
{"_id":{"$oid":"5e5bca4ee0c333e0518de60b"},"text":"what in the actual fuck"}
{"_id":{"$oid":"5e5bca54e0c333e0518de60d"},"text":"Red Velvet 'The ReVe Festival Day 1' Album SCANS\nIrene\n\n#RedVelvet #RV #TRF #TheReVeFestivalDay1 #Irene #Seulgi‚Ä¶ https://t.co/FRWxq4rYg0"}
{"_id":{"$oid":"5e5bca58e0c333e0518de60f"},"text":"Better Conversations #Bloemfontein       #Love - Redeem free Supperclub ticket https://t.co/UecgJTW1nQ"}
{"_id":{"$oid":"5e5bca5be0c333e0518de611"},"text":"RT @RoseVioletDeb: Those are the keepers üôèüåπ‚ù§ #Friendship #Love #Caring #BeautifulSouls üåπ‚ù§üíñüíïüå∏ https://t.co/giAvQkyCl7"}
{"_id":{"$oid":"5e5bca5ee0c333e0518de613"},"text":"‚ÄúThere is no greater heaven than the heart of a loving mother.\nFor more info call us on 9654156734\namigohospitality‚Ä¶ https://t.co/WZQKxqd7QA"}
{"_id":{"$oid":"5e5bca5ee0c333e0518de615"},"text":"RT @iLendingDIRECT: Refinance your auto loan and start saving for your next adventure with your furry friend.‚Äã\n\nhttps://t.co/9VyohUPNWN\n\n#L‚Ä¶"}
{"_id":{"$oid":"5e5bca62e0c333e0518de617"},"text":"RT @joystgrm: 200301 Joystagram #RedVelvet #Î†àÎìúÎ≤®Î≤≥ #Joy #Ï°∞Ïù¥ #RVF  \n\nhttps://t.co/s4S5i4Ete5 https://t.co/VrBuXilhUe"}
{"_id":{"$oid":"5e5bca64e0c333e0518de619"},"text":"Traveling through &amp; found this gem. The absolute most beautiful coffee shop AND most amazing tasting coffeeüíöüåø‚Ä¶ https://t.co/VUIQKVLNWI"}
{"_id":{"$oid":"5e5bca65e0c333e0518de61b"},"text":"RT @tweetssbykenn: she‚Äôs tongue kissing the baby &amp; giving her hand oral. SEND HER TO THE NEAREST MENTAL HOSPITAL"}
{"_id":{"$oid":"5e5bca65e0c333e0518de61d"},"text":"RT @aarondbrinker: Looking for a freaky #Friday/#weekend read?\nCheck out #SecondChances to see what reviewers are enjoying. Read it #free w‚Ä¶"}
{"_id":{"$oid":"5e5bca67e0c333e0518de61f"},"text":"Music In Film with @Ludonnalicious #romanerobb #robbpublishing #robbent #merchandise #media #robbentertainment #dc‚Ä¶ https://t.co/oqSNjsCha2"}
{"_id":{"$oid":"5e5bca68e0c333e0518de621"},"text":"OH HAPPY DAY! üòä\n#sundayfunday #sunday #peace #love @ Beverly Hills, California https://t.co/kUhWuKe8pG"}
{"_id":{"$oid":"5e5bca69e0c333e0518de623"},"text":"RT @lgibson12397: love and kindness are never wasted. they always make a difference\n\n„Ä∞Ô∏èhelen james„Ä∞Ô∏è\n\n#myphoto #photographers #photography‚Ä¶"}
{"_id":{"$oid":"5e5bca6ae0c333e0518de625"},"text":"#Show #Your #Love #And #Support!!\n#Like!\n#Follow!\n#Comment!\n#Share!\n#Re-post!\n#Repeat!\nAdd my new album \"Life Form\"‚Ä¶ https://t.co/iY9XyjLaZl"}
{"_id":{"$oid":"5e5bca6be0c333e0518de627"},"text":"#ZeroDiscriminationDay let's give out lots of #love today!\n\n#SundayMotivation https://t.co/CJk7YN8qLD"}
{"_id":{"$oid":"5e5bca6de0c333e0518de629"},"text":"RT @ceeprivyy: I‚Äôm not even sexualising this is just weird."}
{"_id":{"$oid":"5e5bca6ee0c333e0518de62b"},"text":"See more on my OnlyFans!\n‚¨áÔ∏è‚¨áÔ∏è‚¨áÔ∏è\nhttps://t.co/KqnW6mAxJJ\n\n#sexy #girl #sexyphoto #sex #hot #model #latina #beauty‚Ä¶ https://t.co/Neo4p1Kjqp"}
{"_id":{"$oid":"5e5bca70e0c333e0518de62d"},"text":"RT @eldiablo0786: @rajeev_s108 @Marianspielman1 @debryan96962349 @mysticwolf14 @mukulnandi1972 @beachlovecandle @LisaTruthJohns @1228erin @‚Ä¶"}
{"_id":{"$oid":"5e5bca70e0c333e0518de62f"},"text":"Excited to share the latest addition to my #etsy shop: Womens Leather Bracelet -For Mom Gift-For Girlfriend Gift-He‚Ä¶ https://t.co/fPCkUYWky0"}
{"_id":{"$oid":"5e5bca70e0c333e0518de631"},"text":"How you gonna do it if you really don't wanna dance? üï∫\nBy standing on the wall, get your back up off the wallüé∂üé∂üé∂‚Ä¶ https://t.co/NVGWKdJs0T"}
{"_id":{"$oid":"5e5bca72e0c333e0518de633"},"text":"Volunteer application deadline today! Are you coming to #KnowBetterDoBetter next Saturday??\n\n#wrawesome #kwawesome‚Ä¶ https://t.co/ukobKQpFyK"}
{"_id":{"$oid":"5e5bca78e0c333e0518de635"},"text":"This is disturbing"}
{"_id":{"$oid":"5e5bca7fe0c333e0518de637"},"text":"RT @IamSaiDharamTej: This tweet shows your grace and super sense of humour... #respect and  #love from my motherland...thank you üôèüèº"}
{"_id":{"$oid":"5e5bca80e0c333e0518de639"},"text":"RT @monicaguizzardi: Winter day in #Sicily\nI #love #Palermo and #modello #beach\n#Welcome in #South #Italy https://t.co/uY2IeYtTCL"}
{"_id":{"$oid":"5e5bca80e0c333e0518de63b"},"text":"RT @Dolormarie: #Love #faith #hope #spirituality \n#mentalhealth #depression #MentalHealthAwareness #MentalHealthMatters #InspirationalQuote‚Ä¶"}
{"_id":{"$oid":"5e5bca82e0c333e0518de63d"},"text":"#Beauty #Style #Love Montale Ginger Musk Perfume 3.4 oz EDP Spray (Unisex) for Women by‚Ä¶ https://t.co/Eld3YQoTIb"}
{"_id":{"$oid":"5e5bca82e0c333e0518de63f"},"text":"#Beauty #Style #Love Claude Montana Homme Toilette 75spr + Deo Stick 75+ Soap 150gr https://t.co/IHmZr68MSm"}
{"_id":{"$oid":"5e5bca83e0c333e0518de641"},"text":"#Beauty #Style #Love Le Parfum Elie Saab Rose Couture Perfume 3 oz EDT Spray for Women by‚Ä¶ https://t.co/q2FNqAOYYi"}
{"_id":{"$oid":"5e5bca83e0c333e0518de643"},"text":"#Beauty #Style #Love Juicy Couture Royal Rose 3.4 oz Eau De Parfum Spray-NIB https://t.co/OP3HEdiXSs"}
{"_id":{"$oid":"5e5bca83e0c333e0518de645"},"text":"#Beauty #Style #Love Tory Burch ABSOLU Eau de Parfum Spray 3.4 oz ~ NIB SEALED Retired https://t.co/RpNufFPWR3"}
{"_id":{"$oid":"5e5bca84e0c333e0518de647"},"text":"#Beauty #Style #Love Amber Mystique Perfume 3.4 oz EDP Spray (unisex) for Women by Estee‚Ä¶ https://t.co/acIYDv2tha"}
{"_id":{"$oid":"5e5bca87e0c333e0518de649"},"text":"RT @MaritCollective: Volunteer application deadline today! Are you coming to #KnowBetterDoBetter next Saturday??\n\n#wrawesome #kwawesome #wa‚Ä¶"}
{"_id":{"$oid":"5e5bca88e0c333e0518de64b"},"text":"#Health #Happy #Life Oxygen Cylinder Used (Tank) With New Bag &amp; New Regulator, **Fast‚Ä¶ https://t.co/ckNmkvzDnN"}
{"_id":{"$oid":"5e5bca88e0c333e0518de64d"},"text":"#Health #Happy #Life Oxygen tube management O2Remote https://t.co/S20T0BethI"}
{"_id":{"$oid":"5e5bca89e0c333e0518de64f"},"text":"RT @5REDVELVET: [OFFICIAL] 200301 #JOY Instagram update\n\n#REDVELVET @RVsmtown\nhttps://t.co/oBe8FMi67z https://t.co/0QGasD54Xf"}
{"_id":{"$oid":"5e5bca89e0c333e0518de651"},"text":"#Beauty #Style #Love Gw-2004 Mirame by Wannabe Wigs Long Premium Synthetic Barbie Wig F27/4‚Ä¶ https://t.co/DgQeypUp4X"}
{"_id":{"$oid":"5e5bca89e0c333e0518de653"},"text":"#Beauty #Style #Love Lot of 4 Axe just soft lure conditioner 12 ounces each Mens https://t.co/hMy1N9sLz2"}
{"_id":{"$oid":"5e5bca89e0c333e0518de655"},"text":"Leo in Love ‚Äì Sunday, #Horoscope #Love #Daily #Aquarius #Pisces #Aries #Taurus #Gemini #Cancer #Leo #Virgo #Libra‚Ä¶ https://t.co/MOtAhiWhfm"}
{"_id":{"$oid":"5e5bca89e0c333e0518de657"},"text":"#Beauty #Style #Love 3X Alberto VO5 Perfect Hold Styling Gel 9 oz. All Day Control‚Ä¶ https://t.co/qwtCAxcvk8"}
{"_id":{"$oid":"5e5bca8ae0c333e0518de659"},"text":"#Health #Happy #Life Massage Gun Percussion Massager Muscle Vibrating Relaxing Therapy Deep‚Ä¶ https://t.co/Oe0kEc2BH6"}
{"_id":{"$oid":"5e5bca8ae0c333e0518de65b"},"text":"#Health #Happy #Life Massage Gun Deep Tissue Percussion Muscle Massager Body Pain Relief‚Ä¶ https://t.co/MeUUI8YWKA"}
{"_id":{"$oid":"5e5bca8ae0c333e0518de65d"},"text":"#Beauty #Style #Love T3 Twirl Trio Curling Iron with three Interchangeable Barrels https://t.co/LVkg2SPQDR"}
{"_id":{"$oid":"5e5bca8ae0c333e0518de65f"},"text":"RT @candiiicrush: When you‚Äôre fortunate enough to have one truly good friend ... #bestfriendsforever #Friends #love https://t.co/zbrjNEc2M9"}
{"_id":{"$oid":"5e5bca8ae0c333e0518de661"},"text":"#Health #Happy #Life Kegal Exercised Pure Romance intuition, NIP rechargeable https://t.co/RsAfLO3BdR"}
{"_id":{"$oid":"5e5bca8ae0c333e0518de663"},"text":"#Beauty #Style #Love Lot Of 12 SHEAMOISTURE 100%VIRGIN COCONUT OIL DAILY HYDRATION‚Ä¶ https://t.co/wbdXmAyvrq"}
{"_id":{"$oid":"5e5bca8ae0c333e0518de665"},"text":"#Health #Happy #Life TheraGun G3PRO Percussive Therapy Device Massager https://t.co/EDJFO1JmaG"}
{"_id":{"$oid":"5e5bca8ae0c333e0518de667"},"text":"#Health #Happy #Life Miko Shiatsu Foot Massager With Deep-Kneading, Multi-Level Settings‚Ä¶ https://t.co/zIS4IHMzxS"}
{"_id":{"$oid":"5e5bca8be0c333e0518de669"},"text":"#Beauty #Style #Love Rogaine Topical Solution Hair Regrowth Extra Strength (Mens) 6 months‚Ä¶ https://t.co/WGHYnhjyZu"}
{"_id":{"$oid":"5e5bca8be0c333e0518de66b"},"text":"#Health #Happy #Life Massage Gun with 6 Massage Heads, Deep Tissue Percussion Muscle‚Ä¶ https://t.co/ocI68wUMz3"}
{"_id":{"$oid":"5e5bca8be0c333e0518de66d"},"text":"#Health #Happy #Life Daiwa Felicity Acu Palm Hand Massager For Parts/Repair https://t.co/GagFUaDqeV"}
{"_id":{"$oid":"5e5bca8be0c333e0518de66f"},"text":"RT @5REDVELVET: [OFFICIAL] 200301 #JOY Instagram update\n\n#REDVELVET @RVsmtown\nhttps://t.co/hFPNKaFVOh https://t.co/TJTbYWqhS5"}
{"_id":{"$oid":"5e5bca8ce0c333e0518de671"},"text":"#Beauty #Style #Love Suwada Swada Soft Style Nipper Nail Clippers L Clamshell Curved Blade https://t.co/OjvypRF6qu"}
{"_id":{"$oid":"5e5bca8ce0c333e0518de673"},"text":"#Beauty #Style #Love Suwata Nail Clipper Classic Foot Straight Blade Stainless https://t.co/0yXZYzX6ll"}
{"_id":{"$oid":"5e5bca8ce0c333e0518de675"},"text":"#Beauty #Style #Love Suwada Swada Classic Nipper Nail Clippers L Style Curved / Straight‚Ä¶ https://t.co/FZnEMiEe9P"}
{"_id":{"$oid":"5e5bca8ce0c333e0518de677"},"text":"#Health #Happy #Life AlphaViril‚Ñ¢ by Dr Sam Robbins | Natural Testosterone Booster‚Ä¶ https://t.co/hWGzvBv8Qy"}
{"_id":{"$oid":"5e5bca8ce0c333e0518de679"},"text":"#Beauty #Style #Love Suwada Swada Nail Cutting Classic For Foot With Storage Case https://t.co/e7YvL2VYLI"}
{"_id":{"$oid":"5e5bca8de0c333e0518de67b"},"text":"#Health #Happy #Life High Quality Acupressure Mat for Massage - Natural Organic Cotton‚Ä¶ https://t.co/9FstP3cC40"}
{"_id":{"$oid":"5e5bca8de0c333e0518de67d"},"text":"#Beauty #Style #Love Suwada Swada Classic Black Nipper Nail Clippers S Style Curved Blade https://t.co/fiThzw13vH"}
{"_id":{"$oid":"5e5bca8de0c333e0518de67f"},"text":"#Beauty #Style #Love Mint Erasawa Nail File Shiny With Leather Case Tea https://t.co/r6N6mHe6Ga"}
{"_id":{"$oid":"5e5bca8de0c333e0518de681"},"text":"RT @5REDVELVET: [OFFICIAL] 200301 #JOY Instagram update\n\n#REDVELVET @RVsmtown\nhttps://t.co/hFPNKaFVOh https://t.co/xTGz1FvdU1"}
{"_id":{"$oid":"5e5bca8de0c333e0518de683"},"text":"#Beauty #Style #Love Suwada Nail Clipper Black L Leather Case Set Special Order Model‚Ä¶ https://t.co/IReTOrgvqe"}
{"_id":{"$oid":"5e5bca8ee0c333e0518de685"},"text":"RT @ArmandPeri: HAPPY VALENTINE‚ÄôS DAY üíï Love is a Choice and I choose you. And I'll choose you over and over and over. Without pause, witho‚Ä¶"}
{"_id":{"$oid":"5e5bca8fe0c333e0518de687"},"text":"Music In Film with @Ludonnalicious #romanerobb #robbpublishing #robbent #merchandise #media #robbentertainment #dc‚Ä¶ https://t.co/qYZPhqEAeO"}
{"_id":{"$oid":"5e5bca90e0c333e0518de689"},"text":"RT @5REDVELVET: [OFFICIAL] 200301 #JOY Instagram update\n\n#REDVELVET @RVsmtown\nhttps://t.co/YmtgmBHoWY https://t.co/L0KyGHkJFA"}
{"_id":{"$oid":"5e5bca92e0c333e0518de68b"},"text":"#Health #Happy #Life 200 Surgical Face Masks + 5 FREE Disposable Surgical Gowns https://t.co/lFvGnU1X1C"}
{"_id":{"$oid":"5e5bca92e0c333e0518de68d"},"text":"#Health #Happy #Life Navage Nasal Irrigation Starter Bundle: Navage Nose Cleaner and 18‚Ä¶ https://t.co/3ZNsyp5a0h"}
{"_id":{"$oid":"5e5bca92e0c333e0518de68f"},"text":"#Health #Happy #Life 24 Pack Tom's of Maine Toothpaste Activated Charcoal Fluoride‚Ä¶ https://t.co/TuRJcqjR3a"}
{"_id":{"$oid":"5e5bca92e0c333e0518de691"},"text":"#Health #Happy #Life Philips Sonicare 6100 Protective Clean - Whitening Electric Toothbrush‚Ä¶ https://t.co/PcboJSzLhW"}
{"_id":{"$oid":"5e5bca92e0c333e0518de693"},"text":"#Health #Happy #Life Philips Sonicare 9300 DiamondClean Smart Electric Toothbrush Black‚Ä¶ https://t.co/k6fbdjpTLw"}
{"_id":{"$oid":"5e5bca93e0c333e0518de695"},"text":"#Health #Happy #Life Lot of 24 Tom's of Maine Toothpaste Activated Charcoal Fluoride‚Ä¶ https://t.co/ao1UAZTq86"}
{"_id":{"$oid":"5e5bca93e0c333e0518de697"},"text":"#Health #Happy #Life Waterpik Sonic-Fusion Flossing Electric Toothbrush and Oral Irrigator https://t.co/j56HDLWLFd"}
{"_id":{"$oid":"5e5bca93e0c333e0518de699"},"text":"#Health #Happy #Life Brand New Waterpik water Flosser complete Care 9.5, White with Chrome https://t.co/qDQem0PoHy"}
{"_id":{"$oid":"5e5bca93e0c333e0518de69b"},"text":"Negro wut."}
{"_id":{"$oid":"5e5bca94e0c333e0518de69d"},"text":"#Health #Happy #Life SONICARE DIAMOND CLEAN 9300 Pink CLASSIC RECHARGEABLE TOOTHBRUSH‚Ä¶ https://t.co/imkq118FdM"}
{"_id":{"$oid":"5e5bca97e0c333e0518de69f"},"text":"I love lazy Sunday morning snuggles. #sundayvibes #sundaylove #sunday #queensasha #dogsofinstagram #dogoftheday‚Ä¶ https://t.co/vfeLA5AzaW"}
{"_id":{"$oid":"5e5bca97e0c333e0518de6a1"},"text":"#Beauty #Style #Love Kiss My Face, Fragrance Free Moisture Shave, 11 Fl Oz https://t.co/rLJmYDCObS"}
{"_id":{"$oid":"5e5bca97e0c333e0518de6a3"},"text":"RT @ConTravelAddict: Wedding of dreams üòçüòçüííüñ§ \n\n#blackstockcountryestate \n#wedding #bride #love #weddingdress #weddingday #weddingphotography‚Ä¶"}
{"_id":{"$oid":"5e5bca97e0c333e0518de6a5"},"text":"#Beauty #Style #Love Panasonic ES-CST2Q-R LAMDASH 3 Blades Shaver Red Japan Domestic‚Ä¶ https://t.co/qw0aFtj11s"}
{"_id":{"$oid":"5e5bca97e0c333e0518de6a7"},"text":"#Beauty #Style #Love Philips Norelco Shaver 5300 Wet/Dry Electric Shaver MultiFlex heads‚Ä¶ https://t.co/6jDrtkzcNV"}
{"_id":{"$oid":"5e5bca98e0c333e0518de6a9"},"text":"#Beauty #Style #Love Five Edge Razor Manual Men Set Shaving Brush Stand Holder Bowl Soap‚Ä¶ https://t.co/1GAx39Lx9u"}
{"_id":{"$oid":"5e5bca98e0c333e0518de6ab"},"text":"#Beauty #Style #Love Men‚Äôs 5-in-1 Electric Shaver Grooming Kit by AsaVea: Five-Headed Beard‚Ä¶ https://t.co/cefZsiQlNA"}
{"_id":{"$oid":"5e5bca98e0c333e0518de6ad"},"text":"#Beauty #Style #Love Dove Men Care Expert Shave Cream 200 ml 6.7 oz SEALED smooth razor‚Ä¶ https://t.co/4yiD2TdxEx"}
{"_id":{"$oid":"5e5bca98e0c333e0518de6af"},"text":"RT @IamSaiDharamTej: This tweet shows your grace and super sense of humour... #respect and  #love from my motherland...thank you üôèüèº"}
{"_id":{"$oid":"5e5bca98e0c333e0518de6b1"},"text":"#Beauty #Style #Love Vintage Oster Model 6560 Series A Vintage Hair Clippers+2 trimcomb‚Ä¶ https://t.co/39Uk1xbGRB"}
{"_id":{"$oid":"5e5bca98e0c333e0518de6b3"},"text":"#Beauty #Style #Love Soltron Seashell 32 Lamp 120 Watt Tanning Bed Salon https://t.co/zUxuJROP4x"}
{"_id":{"$oid":"5e5bca98e0c333e0518de6b5"},"text":"#Beauty #Style #Love Braun Series 7 790cc-7 Clean &amp; Charge System Rechargeable Men's‚Ä¶ https://t.co/Yl3Iq6Pt5p"}
{"_id":{"$oid":"5e5bca99e0c333e0518de6b7"},"text":"#Beauty #Style #Love Ergoline Ambition 200 Red Commercial Tanning Bed Salon 4 Available https://t.co/SkSRJYoaW8"}
{"_id":{"$oid":"5e5bca99e0c333e0518de6b9"},"text":"#Beauty #Style #Love [New] RENUMEDI / MOB002 / Daily Sun Cream, Sunscreen https://t.co/nAj0i99lYA"}
{"_id":{"$oid":"5e5bca99e0c333e0518de6bb"},"text":"#Beauty #Style #Love Sportarredo N‚ÄôJoy High Pressure Tanning Bed Salon https://t.co/4UXwoBHk3a"}
{"_id":{"$oid":"5e5bca99e0c333e0518de6bd"},"text":"#Beauty #Style #Love Ergoline Soltron Kiss Tanning Bed Booth 32 Lamps 100watt Nice Beds 2‚Ä¶ https://t.co/w5MlIxlrek"}
{"_id":{"$oid":"5e5bca9de0c333e0518de6bf"},"text":"#Health #Happy #Life Vera Wang Redolent Black 52 x 16 135 mm Eyeglass Frame with Case https://t.co/OqZhRYOgmG"}
{"_id":{"$oid":"5e5bca9de0c333e0518de6c1"},"text":"#Health #Happy #Life Vera Wang Marinda Purple 51 x 17 130 mm Eyeglass Frame with Case https://t.co/lZQThbfqc8"}
{"_id":{"$oid":"5e5bca9de0c333e0518de6c3"},"text":"#Health #Happy #Life New Men's Half Rim Myopia Nearsighted Glasses Anti-Radiation Lens -0‚Ä¶ https://t.co/hcCVhwD8tc"}
{"_id":{"$oid":"5e5bca9de0c333e0518de6c5"},"text":"#Health #Happy #Life Persol PO3228S Sunglasses https://t.co/FpqFGjHonZ"}
{"_id":{"$oid":"5e5bca9ee0c333e0518de6c7"},"text":"#Health #Happy #Life Vera Wang Ara Black 50 x 17 135 mm Eyeglass Frame with Case &amp; Cleaning‚Ä¶ https://t.co/fZzY9Q0k4j"}
{"_id":{"$oid":"5e5bca9ee0c333e0518de6c9"},"text":"#Health #Happy #Life Dolce &amp; gabbana Vintage Eyeglasses Frames Dg 658 Super Discounted https://t.co/AujbQgBKRV"}
{"_id":{"$oid":"5e5bca9ee0c333e0518de6cb"},"text":"#Health #Happy #Life Sporty Glasses Glasses Frame Horn Optics Plastic Pilotform Men's Size M https://t.co/YocPBEI3P3"}
{"_id":{"$oid":"5e5bca9fe0c333e0518de6cd"},"text":"#Health #Happy #Life Thorne Research - R-Lipoic Acid - Alpha-Lipoic Acid (ALA) for‚Ä¶ https://t.co/xxAmnCaUH8"}
{"_id":{"$oid":"5e5bca9fe0c333e0518de6cf"},"text":"POSTGRADUATE PROJECT TOPICS, THESIS &amp; DISSERTATION\nThesis and dissertation accross all field of study at https://t.co/kdd2wnL2VA\n#love #Edu"}
{"_id":{"$oid":"5e5bca9fe0c333e0518de6d1"},"text":"#Health #Happy #Life Thorne Research - Omega Superb (Lemon Berry) - Easy Dosing Fish Oil‚Ä¶ https://t.co/3q3epl0pSC"}
{"_id":{"$oid":"5e5bcaa0e0c333e0518de6d3"},"text":"#Health #Happy #Life Thorne Research - Q-Best 100 - Patented Crystal-Free CoQ10 Supplement‚Ä¶ https://t.co/C5447nHRR6"}
{"_id":{"$oid":"5e5bcaa0e0c333e0518de6d5"},"text":"#Health #Happy #Life You Are The Winner!!! NIB 30 Day Supply https://t.co/0xOlj8oSj6"}
{"_id":{"$oid":"5e5bcaa0e0c333e0518de6d7"},"text":"RT @zubaidah_x: I understand there are no limits to a mothers love, but I really really really wish I could unsee this."}
{"_id":{"$oid":"5e5bcaa0e0c333e0518de6d9"},"text":"#Health #Happy #Life SugarBearHair Vitamins 6 Month Supply Hair Vitamins with Biotin https://t.co/oXz8A42sPB"}
{"_id":{"$oid":"5e5bcaa0e0c333e0518de6db"},"text":"#Health #Happy #Life 2Gold Pack! Meiji PREMIUM Amino Collagen powder, 32days (214g) x 2‚Ä¶ https://t.co/IGgkQcjl1x"}
{"_id":{"$oid":"5e5bcaa1e0c333e0518de6dd"},"text":"#Health #Happy #Life Ensure Plus Nutrition Shake, Vanilla, 8-ounce Bottle (Pack of 48) https://t.co/s2JquOyRJT"}
{"_id":{"$oid":"5e5bcaa1e0c333e0518de6df"},"text":"#Health #Happy #Life 3 boxes x Jarrow Formulas, Whey Protein, Unflavored, 2 lbs (908 g) https://t.co/lkPeOFXegc"}
{"_id":{"$oid":"5e5bcaa2e0c333e0518de6e1"},"text":"Our Project IK201 is nude but royal. Why have you not called us?\n.\n.\n\n#new #happy #instagram  #spacemenders‚Ä¶ https://t.co/IvrLJWyQkP"}
{"_id":{"$oid":"5e5bcaa3e0c333e0518de6e3"},"text":"RT @ArtisticParley: Sizzling Hot Iggy Azalea \"Change Your Life fte. TI\" #MusicVideo #DianaMarySharpton #ImGoing #2ChgUrLife #Love https://t‚Ä¶"}
{"_id":{"$oid":"5e5bcaa9e0c333e0518de6e5"},"text":"RT @ArtisticParley: Happy Valentines Day #dititalart #florals #valentines_day #love #DianaMarySharpton #fineartamerica #fineart #fineartfor‚Ä¶"}
{"_id":{"$oid":"5e5bcab0e0c333e0518de6e7"},"text":"REQUEST FOR PROJECT MATERIALS ND HND BSC PGD MSC\nRequest Project topic Materials at https://t.co/QqiSC9lRf8\n#Education #love #Nigeria #Res"}
{"_id":{"$oid":"5e5bcab2e0c333e0518de6e9"},"text":"RT @nulinat: nigga ew"}
{"_id":{"$oid":"5e5bcab3e0c333e0518de6eb"},"text":"suinn mention manager joy on his interview„Ö†„Ö† tbh watching ht make me feels like watching another kdrama about baske‚Ä¶ https://t.co/RgqNAKQl6a"}
{"_id":{"$oid":"5e5bcab4e0c333e0518de6ed"},"text":"RT @illucandy: üíú Art Share üíú\n\nI got so much support from you all I wanna give back! So let's make an artshare ‚ò∫Ô∏è I want to see all your lov‚Ä¶"}
{"_id":{"$oid":"5e5bcab6e0c333e0518de6ef"},"text":"After work selfie...just saying üòúüç∫#mtlmoments #instabeard #instascruff  #spacetimecontinuum #bigoterococo‚Ä¶ https://t.co/Ho7wqeMynQ"}
{"_id":{"$oid":"5e5bcabae0c333e0518de6f1"},"text":"Music In Film with @Ludonnalicious #romanerobb #robbpublishing #robbent #merchandise #media #robbentertainment #dc‚Ä¶ https://t.co/OIt5avGz38"}
{"_id":{"$oid":"5e5bcabbe0c333e0518de6f3"},"text":"RT @jgmacleodauthor: Brigid MacDonald spends her days working in a coffee shop &amp; avoiding men at bars, until 1 day she finds herself in a #‚Ä¶"}
{"_id":{"$oid":"5e5bcabfe0c333e0518de6f5"},"text":"3 radio interviews in 5 days has been a bit of a record for me :-) . I plan to take it easy for the rest of the wee‚Ä¶ https://t.co/eOEDQ0rvsi"}
{"_id":{"$oid":"5e5bcabfe0c333e0518de6f7"},"text":"#Now playing on @Glams_Radio : #Intergalactic Plastic by #Luttrell! Tune in now and enjoy sound of #DeepHouse #Love #Music"}
{"_id":{"$oid":"5e5bcac7e0c333e0518de6f9"},"text":"RT @Ghanasfinestx: This is weird sorry"}
{"_id":{"$oid":"5e5bcac9e0c333e0518de6fb"},"text":"#beautiful #love Casual Pleated Drawstring Pants https://t.co/o5d6Z3lEBn"}
{"_id":{"$oid":"5e5bcacde0c333e0518de6fd"},"text":"RT @judehaste_write: #PREVIEW 5* Comedy Romance that crosses cultural barriers... https://t.co/EOtwIHCXWg @judehaste_write #indieauthors #i‚Ä¶"}
{"_id":{"$oid":"5e5bcad1e0c333e0518de6ff"},"text":"RT @thegreatdagmaru: ‚ù§Ô∏èSearching for your next favorite Paranormal Romance author?\n \nYour selection of free stories is here.\nClick üëáüëáüëá\nhttp‚Ä¶"}
{"_id":{"$oid":"5e5bcad2e0c333e0518de701"},"text":"RT @ArmandPeri: HAPPY VALENTINE‚ÄôS DAY üíï Love is a Choice and I choose you. And I'll choose you over and over and over. Without pause, witho‚Ä¶"}
