{"_id":{"$oid":"5e5c21aee0c333e0518de957"},"text":"It is a very sad thing that nowadays there is so little useless informa... #Sad #Useless  #SundayFunday‚Ä¶ https://t.co/wTEvgXQEgU"}
{"_id":{"$oid":"5e5c21d9e0c333e0518de959"},"text":"@WTP_BDiehards @deafgeoff it‚Äôs #amazing that @tb12. wants nothing to do with that #facetime call. lol üòÜ‚Ä¶ https://t.co/qOrYdGwToR"}
{"_id":{"$oid":"5e5c21dee0c333e0518de95b"},"text":"DF SPECIAL WEBHEAD WEEKEND TRIPLE TRIFECTA! #Amazing SPIDER-MAN 1 SPIDER-GWEN 1 SILK #1 #Exclusive ULTRA LIMITED MA‚Ä¶ https://t.co/QPI2YJg8BQ"}
{"_id":{"$oid":"5e5c21e8e0c333e0518de95d"},"text":"RT @IesoHealth: Feeling a touch of the blues? You're not alone! When #autumn turns to #winter, many of us might feel like going into hibern‚Ä¶"}
{"_id":{"$oid":"5e5c21f3e0c333e0518de95f"},"text":"@RaidersBeat it‚Äôs #amazing that @tb12. wants nothing to do with that #facetime call. lol üòÜ #allblackeverything‚Ä¶ https://t.co/MVBfI2Or5G"}
{"_id":{"$oid":"5e5c21ffe0c333e0518de961"},"text":"@Daniell37166665 @3YearLetterman @realDonaldTrump The epitaph writes itself Danielle died not from the virus she ca‚Ä¶ https://t.co/dOEpYIjTMf"}
{"_id":{"$oid":"5e5c2208e0c333e0518de963"},"text":"RT @WeekendaydotCom: Luxus Hunza, Attabad Lake, Hunza Valley, Gilgit Baltistan, Pakistan üáµüá∞\n\n#VisitPakistan2020\n#Amazing #Pakistan https://‚Ä¶"}
{"_id":{"$oid":"5e5c2216e0c333e0518de965"},"text":"RT @TripsTricks: Arp√©ge - Paris üìç\nWho knew #grilled #vegetables could look so #Amazing\n\n#Lima #Peru #foodblogger #LuxuryTravel #bestrestaur‚Ä¶"}
{"_id":{"$oid":"5e5c2223e0c333e0518de967"},"text":"@tburages @tedlieu @realDonaldTrump And you are easily deceived.  #Sad"}
{"_id":{"$oid":"5e5c2227e0c333e0518de969"},"text":"It's : 2020-03-01T20:59:13.0906711Z \n\n#tuesdaymotivation #funny #pets #followme #f4f #c4c #shout #love #me #cute‚Ä¶ https://t.co/9GqMD9HGAp"}
{"_id":{"$oid":"5e5c2236e0c333e0518de96b"},"text":"RT @aniaid999: So sad today. 3 Saint Bernards girls ready for their new lives leaving Egypt to UK. The airline would not check them in as f‚Ä¶"}
{"_id":{"$oid":"5e5c2256e0c333e0518de96d"},"text":"With the #advancement of technology, many new smartphones are coming to the market, the new smartphones have a lot‚Ä¶ https://t.co/vQU7YzB6XM"}
{"_id":{"$oid":"5e5c2262e0c333e0518de96f"},"text":"https://t.co/CiXpTsnd2R for #travel #tech for #canada #Amazon #toronto #trip #adventure #goals #love #TFLers‚Ä¶ https://t.co/poYSrbjwVp"}
{"_id":{"$oid":"5e5c2263e0c333e0518de971"},"text":"Just watched #LockeAndKey  on #Netflix and seriously it's #Amazing https://t.co/HzEv1J81BB"}
{"_id":{"$oid":"5e5c2267e0c333e0518de973"},"text":"RT @traveltechca: https://t.co/CiXpTsnd2R for #travel #tech for #canada #Amazon #toronto #trip #adventure #goals #love #TFLers #tweegram #p‚Ä¶"}
{"_id":{"$oid":"5e5c2289e0c333e0518de975"},"text":"RT @Emolclause: #BREAKING:In a STINGING dissenting opinion,#SupremeCourt Justice #Sotomayor CALLED OUT her 5 Conservative colleagues for es‚Ä¶"}
{"_id":{"$oid":"5e5c228be0c333e0518de977"},"text":"RT @MikeBoneMusic: I believe in GOD...not because anyone told me to. But because I've felt how Amazing His Love is!\n\n#Amazing #Love \nhttps:‚Ä¶"}
{"_id":{"$oid":"5e5c2294e0c333e0518de979"},"text":"RT @HindAbuelgasim: Sky Fire üåÖ‚ô•Ô∏è @CanadaReTweet @B_Ubiquitous @500pxrtg #sunset #fire #clouds #beautiful #amazing #sky #timelapse #video #v‚Ä¶"}
{"_id":{"$oid":"5e5c22ade0c333e0518de97b"},"text":"That Smile! @heydama @crowdusbar\n#thedjnoblephotography #thedjnoble #photography #dfwphotographer #instagood‚Ä¶ https://t.co/7uOKVT30TP"}
{"_id":{"$oid":"5e5c22c2e0c333e0518de97d"},"text":"RT @TripsTricks: üáπüá≠ Yi Peng Lantern Festival - Thailand üìç\nRelease the #lanterns with the locals in this #amazing #Festival \n\n#TheMoreYouKno‚Ä¶"}
{"_id":{"$oid":"5e5c22f0e0c333e0518de97f"},"text":"@Ummismaelsf @Archivist1000 @LuciusOpimius @ANHEDONISM @emrazz You have that absolutely right! #SAD #InjusticeAgainstWomen"}
{"_id":{"$oid":"5e5c2314e0c333e0518de981"},"text":"RT @TripsTricks: We're super sorry for the #Italian #tourist diagnosed with #COVID2019 in Tenerife (Spain). This #virus is making everyone‚Ä¶"}
{"_id":{"$oid":"5e5c2322e0c333e0518de983"},"text":"Inhale, Exhale and Just Be. ‚ú®\nPC: @sjmet11 \n#instagood #girl #love #photoshoot #picture #lovely #blueeyes #legs‚Ä¶ https://t.co/d36J0cvRkd"}
{"_id":{"$oid":"5e5c2333e0c333e0518de985"},"text":"#wishicouldgetnoticed so hard to be a singer and not get noticed in this city!!! #sad https://t.co/HFVh3EjiQE"}
{"_id":{"$oid":"5e5c2334e0c333e0518de987"},"text":"@thelittleleftie Sorry to read this. What is the point of an echo chamber where you unfollow someone just because y‚Ä¶ https://t.co/9nG75tp7nD"}
{"_id":{"$oid":"5e5c2353e0c333e0518de989"},"text":"It's : 2020-03-01T21:04:13.5015299Z \n\n#tuesdaymotivation #funny #pets #followme #f4f #c4c #shout #love #me #cute‚Ä¶ https://t.co/66N3CmkVNc"}
{"_id":{"$oid":"5e5c235ee0c333e0518de98b"},"text":"RT @JimSteeleAuthor: Loving my #AmazonMusic #playlist ! Every week a new one pops up- half the songs I haven‚Äôt even downloaded... they just‚Ä¶"}
{"_id":{"$oid":"5e5c2362e0c333e0518de98d"},"text":"MAGA fans go wild as coronavirus hits blue states: ‚ÄòDems are dumb enough to get sick to make Trump look bad‚Äô #sad‚Ä¶ https://t.co/RaGdfi6BXe"}
{"_id":{"$oid":"5e5c2366e0c333e0518de98f"},"text":"56 seconds of Amazing blues harmonica \"the seeker\" https://t.co/rFkjnOpW3D #art #poetry #music #blues #youtube‚Ä¶ https://t.co/s3gJcAKzvs"}
{"_id":{"$oid":"5e5c236ee0c333e0518de991"},"text":"March 13 ‚ù§Ô∏è\n.\n.\n.\n.\n#emotrap #emo #lilpeep #trap #emorap #rap #sad #hiphop #soundcloudrapper #soundcloud\n#retro‚Ä¶ https://t.co/cLamPFm8bW"}
{"_id":{"$oid":"5e5c2373e0c333e0518de993"},"text":"Isn`t it awesome?\n\n #gadgets #style #shop #shopping #amazing #choice #kids #fashion #f4f #dealstreetonline https://t.co/WAbc6WwqBJ"}
{"_id":{"$oid":"5e5c2374e0c333e0518de995"},"text":"RT @FallonWestxxx: Inhale, Exhale and Just Be. ‚ú®\nPC: @sjmet11 \n#instagood #girl #love #photoshoot #picture #lovely #blueeyes #legs #modelin‚Ä¶"}
{"_id":{"$oid":"5e5c2378e0c333e0518de997"},"text":"RT @thePopUpTalk: Talent truly has no barriers.. This artist is so Talented and simply AmazingüíØ he's had so different videos using differen‚Ä¶"}
{"_id":{"$oid":"5e5c2389e0c333e0518de999"},"text":"RT @aniaid999: So sad today. 3 Saint Bernards girls ready for their new lives leaving Egypt to UK. The airline would not check them in as f‚Ä¶"}
{"_id":{"$oid":"5e5c238ee0c333e0518de99b"},"text":"My happy little boy, cuddly boy... I'm thinking of you darling! You're my angel... üòáüòò‚ù§Ô∏èüíãüåπüëºüò¢ü§óüí≠\n#Changes #sad #Grumpy‚Ä¶ https://t.co/e2vq7sFCq9"}
{"_id":{"$oid":"5e5c238fe0c333e0518de99d"},"text":"RT @Emolclause: #BREAKING:Turns out the same day #Barr became AG,he INSTALLED HIS DAUGHTER at #Mnuchin's Treasury where she among other thi‚Ä¶"}
{"_id":{"$oid":"5e5c239ce0c333e0518de99f"},"text":"RT @ghostevps: It is #amazing what is around you both #seen and unseen. Part 7 of my #ghost walk a #paranormal #investigation https://t.co/‚Ä¶"}
{"_id":{"$oid":"5e5c23a5e0c333e0518de9a1"},"text":"@martharoberts Shit they are. This is not a good look.\n\nPoor piggies.\n\n#sad"}
{"_id":{"$oid":"5e5c23c6e0c333e0518de9a3"},"text":"RT @Emolclause: #BREAKING:Turns out the same day #Barr became AG,he INSTALLED HIS DAUGHTER at #Mnuchin's Treasury where she among other thi‚Ä¶"}
{"_id":{"$oid":"5e5c23c9e0c333e0518de9a5"},"text":"RT @Emolclause: #BREAKING:Turns out the same day #Barr became AG,he INSTALLED HIS DAUGHTER at #Mnuchin's Treasury where she among other thi‚Ä¶"}
{"_id":{"$oid":"5e5c23f4e0c333e0518de9a7"},"text":"RT @DanielsWeek1: Isa 52 My #Servant will #Succeed in His #Task\nMany #people were #Shocked when they saw #Him\nHe was so #disfigured that He‚Ä¶"}
{"_id":{"$oid":"5e5c240ae0c333e0518de9a9"},"text":"RT @Tourism_In_PK: Luxus Hunza, Attabad Lake, Hunza Valley, Gilgit Baltistan, Pakistan üáµüá∞\n\n#VisitPakistan2020\n#Amazing #Pakistan https://t.‚Ä¶"}
{"_id":{"$oid":"5e5c240fe0c333e0518de9ab"},"text":"@realDonaldTrump Despite you #foresttrump (assuming there is even such a poll, and that‚Äôs indeed its result - #sad‚Ä¶ https://t.co/fNFW3Oifnk"}
{"_id":{"$oid":"5e5c2415e0c333e0518de9ad"},"text":"RT @ZibaLady1: Biden Campaign is now using a prompter to minimize his gaffes. But the man is so far gone #BrainDamage that even with the us‚Ä¶"}
{"_id":{"$oid":"5e5c241fe0c333e0518de9af"},"text":"RT @aniaid999: So sad today. 3 Saint Bernards girls ready for their new lives leaving Egypt to UK. The airline would not check them in as f‚Ä¶"}
{"_id":{"$oid":"5e5c2436e0c333e0518de9b1"},"text":"RT @TidalWaveProd: Thanks to the amazing Stormy Daniels for signing our comic book Biography we did on her. Wait to you see what we do next‚Ä¶"}
{"_id":{"$oid":"5e5c2480e0c333e0518de9b3"},"text":"It's : 2020-03-01T21:09:13.9514644Z \n\n#tuesdaymotivation #funny #pets #followme #f4f #c4c #shout #love #me #cute‚Ä¶ https://t.co/5SRwLZfYwT"}
{"_id":{"$oid":"5e5c249ae0c333e0518de9b5"},"text":"RT @TripsTricks: Have you ever heard of Mirazur (France)? üåüüåüüåü\nThis #amazing 3 #Michelin Stars #restaurant has won first place in \"The world‚Ä¶"}
{"_id":{"$oid":"5e5c24a1e0c333e0518de9b7"},"text":"Speaking of #applepie... good time to take a break from #writing and eat some real apple pie.\n\nI wrote 2.1 chapters‚Ä¶ https://t.co/KAC4yOL8YK"}
{"_id":{"$oid":"5e5c24a3e0c333e0518de9b9"},"text":"Coming Soon\nNice Sunny day for cute zebras walking on meadow Jigsaw Puzzle Watercolor Illustration\n#zuzzle #zebra‚Ä¶ https://t.co/XQIwNHcrTJ"}
{"_id":{"$oid":"5e5c24fae0c333e0518de9bb"},"text":"RT @Julietta_com: Swipe for üçë .. peachesüòÇ\n#juliettasanchez #kimkalash #blondehair #brunette #babes #instagirls #jeans #mallorca #sun #summe‚Ä¶"}
{"_id":{"$oid":"5e5c250ae0c333e0518de9bd"},"text":"RT @Tourism_In_PK: Oh my GOD!! What is this Am I not dreaming?  No no In fact, it is not a foreign country, it is our own beloved Pakistan‚Ä¶"}
{"_id":{"$oid":"5e5c2514e0c333e0518de9bf"},"text":"@CillizzaCNN Lace beaten by Musketeers? #Sad"}
{"_id":{"$oid":"5e5c2532e0c333e0518de9c1"},"text":"RT @Emolclause: #BREAKING:Turns out the same day #Barr became AG,he INSTALLED HIS DAUGHTER at #Mnuchin's Treasury where she among other thi‚Ä¶"}
{"_id":{"$oid":"5e5c253ee0c333e0518de9c3"},"text":"@realDonaldTrump Nobody believes anything you, or your administration, says. We up to 15k lies yet? #Liar #Sad‚Ä¶ https://t.co/xmoPV0gmOU"}
{"_id":{"$oid":"5e5c2557e0c333e0518de9c5"},"text":"RT @Freedom4Horses: This mother tried so hard to protect her baby. She couldn't fight off the helicopters. Imagine having a baby in your be‚Ä¶"}
{"_id":{"$oid":"5e5c25ace0c333e0518de9c7"},"text":"It's : 2020-03-01T21:14:14.2991337Z \n\n#tuesdaymotivation #funny #pets #followme #f4f #c4c #shout #love #me #cute‚Ä¶ https://t.co/9gzO8jatLQ"}
{"_id":{"$oid":"5e5c25c4e0c333e0518de9c9"},"text":"RT @LittleMissKit14: Gots a new #diaper on!! Look how #cute my #elephants are!!! I have the most #amazing #daddy ever!!\n\n#abdlgirl #diaperg‚Ä¶"}
{"_id":{"$oid":"5e5c25dbe0c333e0518de9cb"},"text":"Not only did they remove most of her tumor, but they also got to listen to her play beautiful music during the proc‚Ä¶ https://t.co/LfKlV18mJd"}
{"_id":{"$oid":"5e5c2602e0c333e0518de9cd"},"text":"@jackhutton @DB4WorldJustice @shaunking @BernieSanders Sooo less followers means facts are somehow less factual? Du‚Ä¶ https://t.co/ekJO0QdZ2R"}
{"_id":{"$oid":"5e5c260fe0c333e0518de9cf"},"text":"RT @ZibaLady1: Biden Campaign is now using a prompter to minimize his gaffes. But the man is so far gone #BrainDamage that even with the us‚Ä¶"}
{"_id":{"$oid":"5e5c2619e0c333e0518de9d1"},"text":"Swipe 4 surprises* christakisal yooitstroyb tntdion1 tyler_durniak_comedy swipe 4 a suprise #bodynegative bich 2020‚Ä¶ https://t.co/O7N0S9BqRW"}
{"_id":{"$oid":"5e5c2636e0c333e0518de9d3"},"text":"@pokimanelol destroys erect legal child porbo #sad"}
{"_id":{"$oid":"5e5c265be0c333e0518de9d5"},"text":"RT @Tourism_In_PK: Luxus Hunza, Attabad Lake, Hunza Valley, Gilgit Baltistan, Pakistan üáµüá∞\n\n#VisitPakistan2020\n#Amazing #Pakistan https://t.‚Ä¶"}
{"_id":{"$oid":"5e5c265ee0c333e0518de9d7"},"text":"One day, you will place your last #minecraft block without knowing it, isn't that #sad...?"}
{"_id":{"$oid":"5e5c2660e0c333e0518de9d9"},"text":"#audi #amazing #porsche 4 in 1 Dual USB Car Chargers https://t.co/H2yLl0nHLP"}
{"_id":{"$oid":"5e5c2665e0c333e0518de9db"},"text":"RT @KylieDoll69: Do you have some fantasies? Im here to make them real for you, so join me! #online #sexy #amazing\n\n‚ñ∂Ô∏èhttps://t.co/UADYxut0‚Ä¶"}
{"_id":{"$oid":"5e5c2673e0c333e0518de9dd"},"text":"@BBC_TopGear the #colinmcrae piece reminds me of the real #rallydays #amazing"}
{"_id":{"$oid":"5e5c267de0c333e0518de9df"},"text":"RT @Emolclause: #BREAKING:Turns out while @senatemajldr &amp; Co. are RAMMIMG THROUGH federal judges because \"elections matter\", in Oregon and‚Ä¶"}
{"_id":{"$oid":"5e5c268de0c333e0518de9e1"},"text":"RT @BusterKeatonSoc: #Sunday #Surprise one day only! Its #March at last and to celebrate, is getting a new hat. https://t.co/92ei5SmRPm"}
{"_id":{"$oid":"5e5c2697e0c333e0518de9e3"},"text":"RT @SuicideGirls: See more #beautiful images of #amazing Sirenn in her new #setoftheday \"Lime Cordial\", available now on the #frontpage of‚Ä¶"}
{"_id":{"$oid":"5e5c26b5e0c333e0518de9e5"},"text":"I'm soo grateful for life and everything in itüòäüôèüôè #humble #blessings #grateful #focused #timeisoftheessence #live‚Ä¶ https://t.co/9g7oqRqN9V"}
{"_id":{"$oid":"5e5c26b9e0c333e0518de9e7"},"text":"RT @aniaid999: So sad today. 3 Saint Bernards girls ready for their new lives leaving Egypt to UK. The airline would not check them in as f‚Ä¶"}
{"_id":{"$oid":"5e5c26c1e0c333e0518de9e9"},"text":"RT @AzurLaneAcademy: Atago is one of the best doggos, and man is she sexy!\n\nCredit: ÁãêÁå´\n\nSource: https://t.co/vAdy1ykvgV\n\n#AzurLane #fanart‚Ä¶"}
{"_id":{"$oid":"5e5c26cee0c333e0518de9eb"},"text":"TOMORROW FREE LIVE WEBINAR: Monday, March 2nd 0200 PM EST US\n\nLIVE webinar, register NOW! It's FREE ‚¨áÔ∏èüÜì‚¨áÔ∏èüÜì‚¨áÔ∏è‚Ä¶ https://t.co/CUntoVNktn"}
{"_id":{"$oid":"5e5c26d8e0c333e0518de9ed"},"text":"It's : 2020-03-01T21:19:14.5502413Z \n\n#tuesdaymotivation #funny #pets #followme #f4f #c4c #shout #love #me #cute‚Ä¶ https://t.co/EJaJTszOot"}
{"_id":{"$oid":"5e5c26e3e0c333e0518de9ef"},"text":"RT @AutosOptimus: #audi #amazing #porsche 4 in 1 Dual USB Car Chargers https://t.co/H2yLl0nHLP"}
{"_id":{"$oid":"5e5c26ffe0c333e0518de9f1"},"text":"It Seems Apparent That Our Education System Doesn't Matter to Our Politicians Anymore. Every Year Less &amp; Less Fundi‚Ä¶ https://t.co/okq42de4zn"}
{"_id":{"$oid":"5e5c2706e0c333e0518de9f3"},"text":"@Atypical__Amber This was just cringeworthy  to watch #Sad"}
{"_id":{"$oid":"5e5c2710e0c333e0518de9f5"},"text":"@realDonaldTrump @nytimes @washingtonpost @comcast @ABC @CBSNews The Fake news media lost all credibility and we'll‚Ä¶ https://t.co/d1KMS6AQxF"}
{"_id":{"$oid":"5e5c2710e0c333e0518de9f7"},"text":"#ü§£ It's A #lifestyle IT'S WHAT I DO! #gym #24hourfitness #workout #motivation #key #goals #fitness #gymrat‚Ä¶ https://t.co/zNCHTvf3uU"}
{"_id":{"$oid":"5e5c2711e0c333e0518de9f9"},"text":"RT @Emolclause: #BREAKING:Turns out while @senatemajldr &amp; Co. are RAMMIMG THROUGH federal judges because \"elections matter\", in Oregon and‚Ä¶"}
{"_id":{"$oid":"5e5c2731e0c333e0518de9fb"},"text":"@realDonaldTrump @nytimes @washingtonpost @comcast @ABC @CBSNews Naw...You, Don the Con, are THE ENEMY OF THE PEOPL‚Ä¶ https://t.co/S2r8hyjClr"}
{"_id":{"$oid":"5e5c2746e0c333e0518de9fd"},"text":"RT @Emolclause: #BREAKING:Turns out the same day #Barr became AG,he INSTALLED HIS DAUGHTER at #Mnuchin's Treasury where she among other thi‚Ä¶"}
{"_id":{"$oid":"5e5c2749e0c333e0518de9ff"},"text":"RT @sofiartmedia: Coming Soon\nNice Sunny day for cute zebras walking on meadow Jigsaw Puzzle Watercolor Illustration\n#zuzzle #zebra #summer‚Ä¶"}
{"_id":{"$oid":"5e5c275ae0c333e0518dea01"},"text":"#DQuick‚Äã ‚Äã@originaldquick‚Äã featured in ‚Äã#MusicLov3rz‚Äã #WW Magazine February edition ‚Äã#NewSingle‚Äã ‚Äã#AMAZING‚Äã for‚Ä¶ https://t.co/6C68sOmb14"}
{"_id":{"$oid":"5e5c2762e0c333e0518dea03"},"text":"@ajconwashington @woodruffbets So much for this church's preaching of redemption and grace. #sad #birmingham"}
{"_id":{"$oid":"5e5c276ce0c333e0518dea05"},"text":"@Clarknt67 @FiveThirtyEight Sooo you're a sexist and think a woman needs a man to save her and not treat her as an‚Ä¶ https://t.co/eKUay6ntoz"}
{"_id":{"$oid":"5e5c2775e0c333e0518dea07"},"text":"2020 #canam #DEFENDER #LTDMAX from Stock to #WOW To see a list of accessories and more pictures of this #amazing tr‚Ä¶ https://t.co/6M3TwohcX2"}
{"_id":{"$oid":"5e5c277be0c333e0518dea09"},"text":"I'm done crying now\n#meme #memes #hilarious #repost #explorepage #explore #follow #followers #funny #worldstar‚Ä¶ https://t.co/W6qHWJhnOF"}
{"_id":{"$oid":"5e5c2797e0c333e0518dea0b"},"text":"#DQuick‚Äã ‚Äã@originaldquick‚Äã featured in ‚Äã#MusicLov3rz‚Äã #WW Magazine February edition ‚Äã#NewSingle‚Äã ‚Äã#AMAZING‚Äã for‚Ä¶ https://t.co/NgmU954CfF"}
{"_id":{"$oid":"5e5c27a5e0c333e0518dea0d"},"text":"RT @PershingSoldier: You own it.  Take responsibility for the shame you deserve and be happy you are not in jail.  Yet.  #sad #nasty \nHer o‚Ä¶"}
{"_id":{"$oid":"5e5c27a8e0c333e0518dea0f"},"text":"#DQuick‚Äã ‚Äã@originaldquick‚Äã featured in ‚Äã#MusicLov3rz‚Äã #WW Magazine February edition ‚Äã#NewSingle‚Äã ‚Äã#AMAZING‚Äã for‚Ä¶ https://t.co/CFCqe58FUk"}
{"_id":{"$oid":"5e5c27b3e0c333e0518dea11"},"text":"RT @JWVegas1: Eventually it will all come out. And it will be horrifying as to the extent and the people involved. https://t.co/gh19BOINC4"}
{"_id":{"$oid":"5e5c27bae0c333e0518dea13"},"text":"@realDonaldTrump @nytimes @washingtonpost @comcast @ABC @CBSNews What's pathetic is you MAGA people think the whole‚Ä¶ https://t.co/nYee4S6wkn"}
{"_id":{"$oid":"5e5c27c9e0c333e0518dea15"},"text":"RT @VixenRomano: And This Is Just The Beginning!!!! More #Ladies Will Be Added, But It's A #Surprise!!!..Stay Tuned!!! Go Check It Out!!!..‚Ä¶"}
{"_id":{"$oid":"5e5c27cee0c333e0518dea17"},"text":"RT @ArtistsUnitedWW: #DQuick‚Äã ‚Äã@originaldquick‚Äã featured in ‚Äã#MusicLov3rz‚Äã #WW Magazine February edition ‚Äã#NewSingle‚Äã ‚Äã#AMAZING‚Äã for #Suici‚Ä¶"}
{"_id":{"$oid":"5e5c27d3e0c333e0518dea19"},"text":"RT @ArtistsUnitedWW: #DQuick‚Äã ‚Äã@originaldquick‚Äã featured in ‚Äã#MusicLov3rz‚Äã #WW Magazine February edition ‚Äã#NewSingle‚Äã ‚Äã#AMAZING‚Äã for #Suici‚Ä¶"}
{"_id":{"$oid":"5e5c27d5e0c333e0518dea1b"},"text":"RT @MaestroClaudio: ‚ÄºÔ∏èHave a #SexySaturday watching the #amazing #DP starring @LunaXLovelyX, @RamonxxxnomaR and @TommyPistol on https://t.c‚Ä¶"}
{"_id":{"$oid":"5e5c27f0e0c333e0518dea1d"},"text":"I should happy about next week, but for some reason I‚Äôm not...\n#life #depressionfeels #mentalillness #sad #cry #alone #highschool"}
{"_id":{"$oid":"5e5c27f6e0c333e0518dea1f"},"text":"30% OFF - $1.85\n\nüç∑ Wine Glass Heart Necklace!\n\nhttps://t.co/YFE3Ttl9tF\n\n#aliexpress #cheap #shopping #sale #deal‚Ä¶ https://t.co/fVc9iyz4og"}
{"_id":{"$oid":"5e5c2800e0c333e0518dea21"},"text":"RT @AzurLaneAcademy: Its time for some art of Best Russian!\n\nCredit: osisio\n\nSource: https://t.co/LB5tcPzV0K\n\n#AzurLane #fanart #Sovetskaya‚Ä¶"}
{"_id":{"$oid":"5e5c2805e0c333e0518dea23"},"text":"It's : 2020-03-01T21:24:14.8480870Z \n\n#tuesdaymotivation #funny #pets #followme #f4f #c4c #shout #love #me #cute‚Ä¶ https://t.co/pgpAbIXdTN"}
{"_id":{"$oid":"5e5c280ae0c333e0518dea25"},"text":"How can you even explain thisüíÄ\n#meme #memes #hilarious #repost #explorepage #explore #follow #followers #funny‚Ä¶ https://t.co/gNvpykzAdt"}
{"_id":{"$oid":"5e5c2818e0c333e0518dea27"},"text":"RT @ladyloveseeker: I'm feeling pretty numb with some sudden, devastating news. So I did some retail therapy and bought PhotoLab to add som‚Ä¶"}
{"_id":{"$oid":"5e5c2828e0c333e0518dea29"},"text":"RT @secretunicorn23: Before my shower pic üòàüí¶üî• #sexy #hot #yum #naughty #dirty #bad #shower #boobs #body #yasss #amazing #me #wet #lovely ht‚Ä¶"}
{"_id":{"$oid":"5e5c2836e0c333e0518dea2b"},"text":"I never cared to begin with \n#meme #memes #hilarious #repost #explorepage #explore #follow #followers #funny‚Ä¶ https://t.co/QDLNGVXMW9"}
{"_id":{"$oid":"5e5c283de0c333e0518dea2d"},"text":"RT @AzurLaneAcademy: Its time for some art of Best Russian!\n\nCredit: osisio\n\nSource: https://t.co/LB5tcPzV0K\n\n#AzurLane #fanart #Sovetskaya‚Ä¶"}
{"_id":{"$oid":"5e5c2856e0c333e0518dea2f"},"text":"New law of Virus:\n\"Corona Virus is directly proportional to vacations\" \nFeeling #Sad for Virus in Pakistan but feel‚Ä¶ https://t.co/blLVOXJySO"}
{"_id":{"$oid":"5e5c28a1e0c333e0518dea31"},"text":"RT @ClxmsyNeko: {B a d  L u c k}\nwho's having bad luck? raise your hand! (‚ï•Ôπè‚ï•)/\n#Anime #sad #royalehigh #royale\n#royalehighmakeup https://t‚Ä¶"}
{"_id":{"$oid":"5e5c28abe0c333e0518dea33"},"text":"I'll hit 4th gear\n#meme #memes #hilarious #repost #explorepage #explore #follow #followers #funny #worldstar #world‚Ä¶ https://t.co/xnyp9mdm1h"}
{"_id":{"$oid":"5e5c28cde0c333e0518dea35"},"text":"A new gun is wat that item I'm buying\n#meme #memes #hilarious #repost #explorepage #explore #follow #followers‚Ä¶ https://t.co/QtdTfIvSmH"}
{"_id":{"$oid":"5e5c28fde0c333e0518dea37"},"text":"#sad #realDonaldTrump #faketweets: ‚ÄúWho better than RepRatcliffe, who got to the bottom of the FISAGATE &amp; RUSSIAGAT‚Ä¶ https://t.co/RkAAT76Up9"}
{"_id":{"$oid":"5e5c28fee0c333e0518dea39"},"text":"#sad #realDonaldTrump #faketweets: People are disgusted and embarrassed by the Fake News Media, as headed by the ny‚Ä¶ https://t.co/20BlUPqpop"}
{"_id":{"$oid":"5e5c291ae0c333e0518dea3b"},"text":"RT @aniaid999: So sad today. 3 Saint Bernards girls ready for their new lives leaving Egypt to UK. The airline would not check them in as f‚Ä¶"}
{"_id":{"$oid":"5e5c291ee0c333e0518dea3d"},"text":"wow. i still haven‚Äôt come to terms that my last softball season EVER starts tomorrow...\n‚Ä¢\n‚Ä¢\n#SAD #seniorszn‚Ä¶ https://t.co/bvKGZ9W2Bd"}
{"_id":{"$oid":"5e5c291fe0c333e0518dea3f"},"text":"RT @SuicideGirls: See more #beautiful images of #amazing Sirenn in her new #setoftheday \"Lime Cordial\", available now on the #frontpage of‚Ä¶"}
{"_id":{"$oid":"5e5c2931e0c333e0518dea41"},"text":"It's : 2020-03-01T21:29:15.3364663Z \n\n#tuesdaymotivation #funny #pets #followme #f4f #c4c #shout #love #me #cute‚Ä¶ https://t.co/oiJOJWvxwk"}
{"_id":{"$oid":"5e5c2946e0c333e0518dea43"},"text":"So I decided to come and surprise my friends and family this weekend after moving up north last year, this was my f‚Ä¶ https://t.co/XLugI6u0Nq"}
{"_id":{"$oid":"5e5c295ee0c333e0518dea45"},"text":"When Liverpool eventually  stumble over the line it will just go down as another freak result - like Leicester in 2‚Ä¶ https://t.co/x7CYFD19CH"}
{"_id":{"$oid":"5e5c295fe0c333e0518dea47"},"text":"Unreal Deal On New Balance #horseshow #selfie #amazing #Forever21 #JohnDeere #vacationtime #travelbug‚Ä¶ https://t.co/BDr32YbXIA"}
{"_id":{"$oid":"5e5c2978e0c333e0518dea49"},"text":"RT @SuicideGirls: See more #beautiful images of #amazing Sirenn in her new #setoftheday \"Lime Cordial\", available now on the #frontpage of‚Ä¶"}
{"_id":{"$oid":"5e5c2991e0c333e0518dea4b"},"text":"RT @SuicideGirls: See more #beautiful images of #amazing Sirenn in her new #setoftheday \"Lime Cordial\", available now on the #frontpage of‚Ä¶"}
{"_id":{"$oid":"5e5c2994e0c333e0518dea4d"},"text":"RT @MaestroClaudio: ‚ÄºÔ∏èHave a #SexySaturday watching the #amazing #DP starring @LunaXLovelyX, @RamonxxxnomaR and @TommyPistol on https://t.c‚Ä¶"}
{"_id":{"$oid":"5e5c2995e0c333e0518dea4f"},"text":"My personal opinion is that sexual abuse should be treated as tantamount to murder.\n#MeToo #Metoomovement‚Ä¶ https://t.co/aY0gwtz2VR"}
{"_id":{"$oid":"5e5c299ce0c333e0518dea51"},"text":"wow. i still haven‚Äôt came to terms that my last softball season EVER starts tomorrow...\n‚Ä¢\n‚Ä¢\n#SAD #seniorszn‚Ä¶ https://t.co/KjG9e2yWti"}
{"_id":{"$oid":"5e5c29a2e0c333e0518dea53"},"text":"Vro this song is amazing @LILUZIVERT \n\n #LilUziVert #thatway #sad #newmusic2020 \nhttps://t.co/xJq759ruvM"}
{"_id":{"$oid":"5e5c29ace0c333e0518dea55"},"text":"RT @PershingSoldier: You own it.  Take responsibility for the shame you deserve and be happy you are not in jail.  Yet.  #sad #nasty \nHer o‚Ä¶"}
{"_id":{"$oid":"5e5c29aee0c333e0518dea57"},"text":"RT @KylieDoll69: Do you have some fantasies? Im here to make them real for you, so join me! #online #sexy #amazing\n\n‚ñ∂Ô∏èhttps://t.co/UADYxut0‚Ä¶"}
{"_id":{"$oid":"5e5c29cbe0c333e0518dea59"},"text":"@docfnm I know #sad \n#DoctorWho"}
{"_id":{"$oid":"5e5c29e2e0c333e0518dea5b"},"text":"Stage one. Chimney down and bracing in. What is to follow?\n#chimneys #bracing #actonengineering #dirty #surprise @‚Ä¶ https://t.co/MgtBzHim2G"}
{"_id":{"$oid":"5e5c29f5e0c333e0518dea5d"},"text":"RT @mhall55nine: \"Wonderful Wildlife\" #amazing #NaturalBeauty #goodvibes #nature #artwork https://t.co/QAz4XhqvI5"}
{"_id":{"$oid":"5e5c2a11e0c333e0518dea5f"},"text":"Jeb! Warren can go ahead and end her campaign, it‚Äôs #sad"}
{"_id":{"$oid":"5e5c2a14e0c333e0518dea61"},"text":"@itsaadee bloody hell. #atifaslam can sure sing. #amazing https://t.co/Uxlc47RQLY"}
{"_id":{"$oid":"5e5c2a27e0c333e0518dea63"},"text":"RT @IconicSanches: We‚Äòd have to pay Benfica the full 80m"}
{"_id":{"$oid":"5e5c2a2fe0c333e0518dea65"},"text":"@GOP @realDonaldTrump What is the @GOP smoking?  #sad"}
{"_id":{"$oid":"5e5c2a48e0c333e0518dea67"},"text":"RT @Rmullins8: Poor biden just called chris wallace ‚Äúchuck‚Äù hes like my nana when she was loosing her mind. She would call us grand kids by‚Ä¶"}
{"_id":{"$oid":"5e5c2a4be0c333e0518dea69"},"text":"Bubblegum and a walk to the door üëÄ#sad"}
{"_id":{"$oid":"5e5c2a4de0c333e0518dea6b"},"text":"we ‚ù§Ô∏è you! \n.\n.\n. \n#employee #hardworker #smile #girl #host #senior #appriciationpost #amazing #sweet #bbq #bbqwithaview #realtexasbbq"}
{"_id":{"$oid":"5e5c2a5de0c333e0518dea6d"},"text":"It's : 2020-03-01T21:34:15.7501294Z \n\n#tuesdaymotivation #funny #pets #followme #f4f #c4c #shout #love #me #cute‚Ä¶ https://t.co/ju5szoLWnl"}
{"_id":{"$oid":"5e5c2a84e0c333e0518dea6f"},"text":"Love these and coffee ü§óü§óü§ó\n\n  #beauty  #amazing #lovelife #feelbeautiful #momblogger #makeupguru #makeupinfluencer‚Ä¶ https://t.co/JLdiLFPoJ2"}
{"_id":{"$oid":"5e5c2a8fe0c333e0518dea71"},"text":"RT @Tourism_In_PK: Luxus Hunza, Attabad Lake, Hunza Valley, Gilgit Baltistan, Pakistan üáµüá∞\n\n#VisitPakistan2020\n#Amazing #Pakistan https://t.‚Ä¶"}
{"_id":{"$oid":"5e5c2a95e0c333e0518dea73"},"text":"RT @IconicSanches: We‚Äòd have to pay Benfica the full 80m"}
{"_id":{"$oid":"5e5c2aa3e0c333e0518dea75"},"text":"RT @Tourism_In_PK: Oh my GOD!! What is this Am I not dreaming?  No no In fact, it is not a foreign country, it is our own beloved Pakistan‚Ä¶"}
{"_id":{"$oid":"5e5c2ab4e0c333e0518dea77"},"text":"RT @Emolclause: #BREAKING:A federal judge has DENIED a motion by @jkbjournalist and @MiamiHerald to UNSEAL #Epstein's criminal investigatio‚Ä¶"}
{"_id":{"$oid":"5e5c2ac5e0c333e0518dea79"},"text":"@lighthousefamly You were amazing last night @PortsmouthGhall Had the best night ever #bestnight #brilliant‚Ä¶ https://t.co/Ao8u8u9BH5"}
{"_id":{"$oid":"5e5c2ad5e0c333e0518dea7b"},"text":"RT @TophamsNick: @CanAditude @SandraSevcik #cancelthesocial @CTV_PR @BellMediaPR @CTV how do you condone this type of #Disgusting acts by y‚Ä¶"}
{"_id":{"$oid":"5e5c2ad9e0c333e0518dea7d"},"text":"RT @Freedom4Horses: Carriage Horse Euthanized After Collapsing in Central Park https://t.co/1UV8ov88oZ #horses #carriagehorses #deaths #NYC‚Ä¶"}
{"_id":{"$oid":"5e5c2ae8e0c333e0518dea7f"},"text":"Day 980 of my photo challenge #graffiti #graffitiart #wallart #wallartdecor #streetart #streetartist #stikstudio st‚Ä¶ https://t.co/h119QDxHaF"}
{"_id":{"$oid":"5e5c2ae8e0c333e0518dea81"},"text":"RT @Emolclause: #BREAKING:Turns out while @senatemajldr &amp; Co. are RAMMIMG THROUGH federal judges because \"elections matter\", in Oregon and‚Ä¶"}
{"_id":{"$oid":"5e5c2ae8e0c333e0518dea83"},"text":"Fun home party‚ú®\n\nTwitter‚Üí@Erika_Japan_\n\n#birthday #friendsforever #international #tokyo #homeparty #japan #Êñ∞ÂÆø‚Ä¶ https://t.co/DREO7JtOf2"}
{"_id":{"$oid":"5e5c2aede0c333e0518dea85"},"text":"https://t.co/sXq9vq51XP   #Coronavirus: First case confirmed in #Scotland drat #sad #COVID #coronavirusuk @lookner"}
{"_id":{"$oid":"5e5c2b1fe0c333e0518dea87"},"text":"RT @lets__discuss: Around 80 shark attacks happen every year but around 2,400 dog attacks take place every day\n#dogsoftwitter #shark #fact‚Ä¶"}
{"_id":{"$oid":"5e5c2b24e0c333e0518dea89"},"text":"Follow me if you love birds! üòä\n#FirstTweet #bird #birds #nature #animal #animals #cute #love #photography‚Ä¶ https://t.co/TFaP1sfRMn"}
{"_id":{"$oid":"5e5c2b28e0c333e0518dea8b"},"text":"RT @Emolclause: #BREAKING:Turns out while @senatemajldr &amp; Co. are RAMMIMG THROUGH federal judges because \"elections matter\", in Oregon and‚Ä¶"}
{"_id":{"$oid":"5e5c2b31e0c333e0518dea8d"},"text":"RT @ladyloveseeker: I'm feeling pretty numb with some sudden, devastating news. So I did some retail therapy and bought PhotoLab to add som‚Ä¶"}
{"_id":{"$oid":"5e5c2b37e0c333e0518dea8f"},"text":"cant even talk to me yourself gotta go through people #sad"}
{"_id":{"$oid":"5e5c2b73e0c333e0518dea91"},"text":"RT @TophamsNick: @CanAditude @SandraSevcik #cancelthesocial @CTV_PR @BellMediaPR @CTV how do you condone this type of #Disgusting acts by y‚Ä¶"}
{"_id":{"$oid":"5e5c2b8ae0c333e0518dea93"},"text":"It's : 2020-03-01T21:39:16.2913121Z \n\n#tuesdaymotivation #funny #pets #followme #f4f #c4c #shout #love #me #cute‚Ä¶ https://t.co/j6ZL00Qtcp"}
{"_id":{"$oid":"5e5c2b94e0c333e0518dea95"},"text":"RT @Emolclause: #BREAKING:Turns out while @senatemajldr &amp; Co. are RAMMIMG THROUGH federal judges because \"elections matter\", in Oregon and‚Ä¶"}
{"_id":{"$oid":"5e5c2bb2e0c333e0518dea97"},"text":"@realDonaldTrump @nytimes @washingtonpost @comcast @ABC @CBSNews Inspiring more lunatics! #sad https://t.co/E1QyOaPS4f"}
{"_id":{"$oid":"5e5c2bbce0c333e0518dea99"},"text":"@FrayAdjacent @bradwhipple @whenuwerelittle @katiecandraw I NEVER FOUND THEM #SAD"}
{"_id":{"$oid":"5e5c2bd4e0c333e0518dea9b"},"text":"RT @NiceBoyKimo: Hong Kong Victoria harbour, city never sleeps.\n\n#amazing #cityscape https://t.co/hnkMRpu7vy"}
{"_id":{"$oid":"5e5c2bfbe0c333e0518dea9d"},"text":"\"I #understood her #frustration, but we had our #reasons for creating this rule.\" #dontquit #noquitting‚Ä¶ https://t.co/2vAqX1B7Fb"}
{"_id":{"$oid":"5e5c2c02e0c333e0518dea9f"},"text":"RT @magicalcantara: I wonder what could have been if Renato played under Flick and not Kovac #sad"}
{"_id":{"$oid":"5e5c2c09e0c333e0518deaa1"},"text":"RT @Freedom4Horses: This mother tried so hard to protect her baby. She couldn't fight off the helicopters. Imagine having a baby in your be‚Ä¶"}
{"_id":{"$oid":"5e5c2c0ae0c333e0518deaa3"},"text":"#SaturdayNight! #Amazing @FollowWestwood #FashionShow with @BellaHadid! #PFW! #ParisFashionWeek #FashionWeek #Paris‚Ä¶ https://t.co/vf9CUVZVVw"}
{"_id":{"$oid":"5e5c2c10e0c333e0518deaa5"},"text":"Men's Casual Printed Shirt \n\n#gadgets #style #shop #shopping #amazing #choice #kids #fashion #f4f #dealstreetonline https://t.co/M5EGx41WBY"}
{"_id":{"$oid":"5e5c2c22e0c333e0518deaa7"},"text":"RT @TophamsNick: @CanAditude @SandraSevcik #cancelthesocial @CTV_PR @BellMediaPR @CTV how do you condone this type of #Disgusting acts by y‚Ä¶"}
{"_id":{"$oid":"5e5c2c26e0c333e0518deaa9"},"text":"RT @Freedom4Horses: Carriage Horse Euthanized After Collapsing in Central Park https://t.co/1UV8ov88oZ #horses #carriagehorses #deaths #NYC‚Ä¶"}
{"_id":{"$oid":"5e5c2c4ce0c333e0518deaab"},"text":"RT @victoriahaydn: When I started my job at @mcfc I photographed this adorable week-old baby...last week I photographed him again 5 years l‚Ä¶"}
{"_id":{"$oid":"5e5c2c5de0c333e0518deaad"},"text":"KFC ANYONE \n#food #foodporn #yum #instafood #envywear #yummy #amazing #instagood #photooftheday #sweet #dinner‚Ä¶ https://t.co/XF6M2ciC0P"}
{"_id":{"$oid":"5e5c2c6ee0c333e0518deaaf"},"text":"RT @ZibaLady1: Biden Campaign is now using a prompter to minimize his gaffes. But the man is so far gone #BrainDamage that even with the us‚Ä¶"}
{"_id":{"$oid":"5e5c2c7fe0c333e0518deab1"},"text":"why didn‚Äôt my daddy give me a small loan of a million dollars? #SAD"}
{"_id":{"$oid":"5e5c2caee0c333e0518deab3"},"text":"Sunday Change!  Church was Amazing and we hope y‚Äôall are BLESSED &amp; LOVED!  Enjoy your dayüíû #God #church #amazing‚Ä¶ https://t.co/eljLxEbNqd"}
{"_id":{"$oid":"5e5c2cb2e0c333e0518deab5"},"text":"Just #WOW @dancingonice @perrikiely I rewound and watched over and over again #amazing"}
{"_id":{"$oid":"5e5c2cb4e0c333e0518deab7"},"text":"Follow me if you love birds! üòä\n#FirstTweet #bird #birds #nature #animal #animals #cute #love #photography‚Ä¶ https://t.co/GWKAO9OA3w"}
{"_id":{"$oid":"5e5c2cb6e0c333e0518deab9"},"text":"It's : 2020-03-01T21:44:16.4927544Z \n\n#tuesdaymotivation #funny #pets #followme #f4f #c4c #shout #love #me #cute‚Ä¶ https://t.co/U7NFkDFVQE"}
{"_id":{"$oid":"5e5c2cc7e0c333e0518deabb"},"text":"Sunday Change!  Church was Amazing and we hope y‚Äôall are BLESSED &amp; LOVED!  Enjoy your dayüíû #God #church #amazing‚Ä¶ https://t.co/8WI72VGSQ0"}
{"_id":{"$oid":"5e5c2cd5e0c333e0518deabd"},"text":"RT @Tourism_In_PK: Luxus Hunza, Attabad Lake, Hunza Valley, Gilgit Baltistan, Pakistan üáµüá∞\n\n#VisitPakistan2020\n#Amazing #Pakistan https://t.‚Ä¶"}
{"_id":{"$oid":"5e5c2d15e0c333e0518deabf"},"text":"RT @TophamsNick: @CanAditude @SandraSevcik #cancelthesocial @CTV_PR @BellMediaPR @CTV how do you condone this type of #Disgusting acts by y‚Ä¶"}
{"_id":{"$oid":"5e5c2d2be0c333e0518deac1"},"text":"don‚Äôt know how i‚Äôll make it to all the ones on my list with no job now üò≠ #sad"}
{"_id":{"$oid":"5e5c2d3ce0c333e0518deac3"},"text":"RT @ladyloveseeker: I'm feeling pretty numb with some sudden, devastating news. So I did some retail therapy and bought PhotoLab to add som‚Ä¶"}
{"_id":{"$oid":"5e5c2d51e0c333e0518deac5"},"text":"RT @Freedom4Horses: Carriage Horse Euthanized After Collapsing in Central Park https://t.co/1UV8ov88oZ #horses #carriagehorses #deaths #NYC‚Ä¶"}
{"_id":{"$oid":"5e5c2d6fe0c333e0518deac7"},"text":"Watching the Colin McRae bit on @BBC_TopGear , and it‚Äôs the strangest thing, something got in my eye @harrismonkey #amazing"}
{"_id":{"$oid":"5e5c2d7ae0c333e0518deac9"},"text":"Great Recommendation from Shawn Malone for Tony Impellizzeri's Pizza! It was an amazing experience and the food was‚Ä¶ https://t.co/rorOk6RvrB"}
{"_id":{"$oid":"5e5c2d82e0c333e0518deacb"},"text":"#amazing #fun #shower #wet #lovely #body #SundayMorning #SundayMotivation \n\n#underwear #hotwife #latina  #horny‚Ä¶ https://t.co/OC8tz7bZk4"}
{"_id":{"$oid":"5e5c2d99e0c333e0518deacd"},"text":"üòÇ this is so true @LauraGardiner86 üòâ"}
{"_id":{"$oid":"5e5c2d9be0c333e0518deacf"},"text":"RT @emel0371: And like that in the afternoon üò¢üòîüò±\n\n#sad \n#mood \n#cutes\n#neleroluyor https://t.co/Jneq79znJq"}
{"_id":{"$oid":"5e5c2d9fe0c333e0518dead1"},"text":"üåüPRINCE.OF.M.DüåüSüåü\nGET THE GEAR SHOUT OUT TO THE HOMIE chefxdallas for setting me up salute \n#love #followback‚Ä¶ https://t.co/lW77bwYRR5"}
{"_id":{"$oid":"5e5c2de3e0c333e0518dead3"},"text":"It's : 2020-03-01T21:49:17.1775084Z \n\n#tuesdaymotivation #funny #pets #followme #f4f #c4c #shout #love #me #cute‚Ä¶ https://t.co/OR3epdKY9Z"}
{"_id":{"$oid":"5e5c2df5e0c333e0518dead5"},"text":"Just #WOW that was #amazing @perrikiely @dancingonice"}
{"_id":{"$oid":"5e5c2e10e0c333e0518dead7"},"text":"Follow me if you love birds! üòä\n#FirstTweet #bird #birds #birdphotography #nature #animal #animals #cute #love‚Ä¶ https://t.co/4aE18T7HgC"}
{"_id":{"$oid":"5e5c2e14e0c333e0518dead9"},"text":"RT @ZibaLady1: Biden Campaign is now using a prompter to minimize his gaffes. But the man is so far gone #BrainDamage that even with the us‚Ä¶"}
{"_id":{"$oid":"5e5c2e33e0c333e0518deadb"},"text":"RT @TheHardDepot: ‚òÖ   #SundayMotivation ‚òÖ\n\nmake sure to #follow the #amazing &amp; #sexy &amp; #beautiful\n\n‚Ä¢‚Ä¢‚ñ∫üíé@AmorousJessicaüíé\n\n‚Ä¢‚Ä¢‚ñ∫https://t.co/0d‚Ä¶"}
{"_id":{"$oid":"5e5c2e34e0c333e0518deadd"},"text":"@JHova1982 @T84OplotM @bweiny @SusanDFinSD @eclecticbrotha How can you manage to speak with your mouth bein full of Benard cum? #amazing"}
{"_id":{"$oid":"5e5c2e45e0c333e0518deadf"},"text":"RT @flwrgardengifts: This Floral Hoop Wreath ...\nlooks AMAZING on the Front Door‚ô•Ô∏è\n\n#Wreath  #Hoop #flower #startup #SmallBusiness ##amazin‚Ä¶"}
{"_id":{"$oid":"5e5c2e46e0c333e0518deae1"},"text":"RT @EmyBoss7: Follow me if you love birds! üòä\n#FirstTweet #bird #birds #birdphotography #nature #animal #animals #cute #love #photography #p‚Ä¶"}
{"_id":{"$oid":"5e5c2e4de0c333e0518deae3"},"text":"RT @magicalcantara: I wonder what could have been if Renato played under Flick and not Kovac #sad"}
{"_id":{"$oid":"5e5c2e52e0c333e0518deae5"},"text":"Go #Download the #KillaSwagSeason #RightNow https://t.co/7sji7XmWsQ This album is #Amazing"}
